Date,Sales,day_of_week,day_of_year,dow_sin,dow_cos,doy_sin,doy_cos
2013-12-30,223937.96786972653,0,364,0.0,1.0,-0.03869579017652689,0.9992510374388481
2013-12-31,300345.48456398566,1,365,0.7818314824680298,0.6234898018587336,-0.021501372740813793,0.999768818762748
2014-01-01,86782.4677274178,2,1,0.9749279121818236,-0.22252093395631434,0.0,1.0
2014-01-02,200173.1167526772,3,2,0.43388373911755823,-0.900968867902419,0.017201575418260506,0.9998520419557735
2014-01-03,326906.07417633064,4,3,-0.433883739117558,-0.9009688679024191,0.03439806061360801,0.9994082116062598
2014-01-04,307043.9354221619,5,4,-0.9749279121818236,-0.2225209339563146,0.051584366869408364,0.9986686402879997
2014-01-05,179188.88448780973,6,5,-0.7818314824680299,0.6234898018587334,0.06875540848113941,0.9976335468520451
2014-01-06,306351.9508589919,0,6,0.0,1.0,0.08590610426133272,0.9963032375991965
2014-01-07,224020.40996847837,1,7,0.7818314824680298,0.6234898018587336,0.10303137904317879,0.9946781061893646
2014-01-08,101836.4022362371,2,8,0.9749279121818236,-0.22252093395631434,0.1201261651823505,0.9927586335250793
2014-01-09,107804.30494723172,3,9,0.43388373911755823,-0.900968867902419,0.13718540405660057,0.9905453876091833
2014-01-10,144829.95672393017,4,10,-0.433883739117558,-0.9009688679024191,0.1542040475626894,0.988039023376751
2014-01-11,146571.48235324016,5,11,-0.9749279121818236,-0.2225209339563146,0.17117705961019986,0.985240282501282
2014-01-12,95422.3729783171,6,12,-0.7818314824680299,0.6234898018587334,0.18809941761179758,0.9821499931752291
2014-01-13,114883.17379115624,0,13,0.0,1.0,0.20496611396949532,0.9787690698649216
2014-01-14,80090.80007989271,1,14,0.7818314824680298,0.6234898018587336,0.22177215755648186,0.975098513039961
2014-01-15,98945.37115907784,2,15,0.9749279121818236,-0.22252093395631434,0.23851257519407648,0.9711394088771653
2014-01-16,84904.90171410782,3,16,0.43388373911755823,-0.900968867902419,0.2551824131233728,0.9668929289391521
2014-01-17,135460.61970398517,4,17,-0.433883739117558,-0.9009688679024191,0.2717767384711357,0.9623603298276545
2014-01-18,149925.74968577514,5,18,-0.9749279121818236,-0.2225209339563146,0.2882906407095177,0.9575429528116719
2014-01-19,74297.30718418294,6,19,-0.7818314824680299,0.6234898018587334,0.3047192331091634,0.9524422234305676
2014-01-20,83356.4245612027,0,20,0.0,1.0,0.321057654185271,0.9470596510722283
2014-01-21,89922.01428617258,1,21,0.7818314824680298,0.6234898018587336,0.3373010691361842,0.9413968285264122
2014-01-22,57806.30278009904,2,22,0.9749279121818236,-0.22252093395631434,0.3534446712740877,0.9354554315134164
2014-01-23,63977.75034892355,3,23,0.43388373911755823,-0.900968867902419,0.3694836834473831,0.9292372181882051
2014-01-24,116958.79984795196,4,24,-0.433883739117558,-0.9009688679024191,0.38541335945432564,0.9227440286201427
2014-01-25,155272.82480548017,5,25,-0.9749279121818236,-0.2225209339563146,0.4012289854475009,0.9159777842484877
2014-01-26,82885.21590976272,6,26,-0.7818314824680299,0.6234898018587334,0.4169258813287287,0.908940487313808
2014-01-27,72353.4258824533,0,27,0.0,1.0,0.4324994021339788,0.901634220265486
2014-01-28,50415.90376238916,1,28,0.7818314824680298,0.6234898018587336,0.44794493940789115,0.8940611451454876
2014-01-29,67458.30189127379,2,29,0.9749279121818236,-0.22252093395631434,0.4632579225674917,0.88622350294858
2014-01-30,64640.3693131938,3,30,0.43388373911755823,-0.900968867902419,0.4784338202547012,0.8781236129591848
2014-01-31,137693.8735003314,4,31,-0.433883739117558,-0.9009688679024191,0.49346814167723735,0.8697638720650646
2014-02-01,181209.1284812126,5,32,-0.9749279121818236,-0.2225209339563146,0.5083564379375122,0.8611467540480452
2014-02-02,113433.58104545696,6,33,-0.7818314824680299,0.6234898018587334,0.5230943033491326,0.8522748088519838
2014-02-03,143192.53335617637,0,34,0.0,1.0,0.5376773767406141,0.8431506618282
2014-02-04,130126.64989288137,1,35,0.7818314824680298,0.6234898018587336,0.5521013427459208,0.8337770129585915
2014-02-05,187155.8685457397,2,36,0.9749279121818236,-0.22252093395631434,0.5663619330814524,0.8241566360566663
2014-02-06,102314.70959650404,3,37,0.43388373911755823,-0.900968867902419,0.580454927809098,0.8142923779467267
2014-02-07,301553.8425550869,4,38,-0.433883739117558,-0.9009688679024191,0.5943761565849831,0.804187157621448
2014-02-08,316073.1775493943,5,39,-0.9749279121818236,-0.2225209339563146,0.6081214998935418,0.7938439653781019
2014-02-09,135178.0425545823,6,40,-0.7818314824680299,0.6234898018587334,0.6216868902665479,0.7832658619336791
2014-02-10,147727.5161863135,0,41,0.0,1.0,0.6350683134867438,0.7724559775191742
2014-02-11,135498.74644438608,1,42,0.7818314824680298,0.6234898018587336,0.6482618097757122,0.7614175109532997
2014-02-12,163432.8452052823,2,43,0.9749279121818236,-0.22252093395631434,0.6612634749656386,0.7501537286959042
2014-02-13,138291.63332158606,3,44,0.43388373911755823,-0.900968867902419,0.6740694616546161,0.7386679638813748
2014-02-14,336901.37170009944,4,45,-0.433883739117558,-0.9009688679024191,0.6866759803451553,0.726963615332308
2014-02-15,367729.268214412,5,46,-0.9749279121818236,-0.2225209339563146,0.6990793005655562,0.7150441465537444
2014-02-16,133913.8413873911,6,47,-0.7818314824680299,0.6234898018587334,0.7112757519738152,0.7029130847082615
2014-02-17,150800.3470166623,0,48,0.0,1.0,0.7232617254437388,0.6905740195722294
2014-02-18,55591.93033577391,1,49,0.7818314824680298,0.6234898018587336,0.7350336741329412,0.6780306024735382
2014-02-19,106427.191838824,2,50,0.9749279121818236,-0.22252093395631434,0.746588114532413,0.6652865452111116
2014-02-20,78940.55442479794,3,51,0.43388373911755823,-0.900968867902419,0.7579216274973472,0.6523456189565257
2014-02-21,317916.3178585343,4,52,-0.433883739117558,-0.9009688679024191,0.7690308592589181,0.6392116531380588
2014-02-22,309217.8755625262,5,53,-0.9749279121818236,-0.2225209339563146,0.7799125224167177,0.6258885343075018
2014-02-23,138491.5499504623,6,54,-0.7818314824680299,0.6234898018587334,0.7905633969115482,0.612380204990065
2014-02-24,133146.22220523606,0,55,0.0,1.0,0.8009803309782905,0.5986906625177214
2014-02-25,224994.65618289213,1,56,0.7818314824680298,0.6234898018587336,0.8111602420785621,0.5848239578463322
2014-02-26,225051.59146803216,2,57,0.9749279121818236,-0.22252093395631434,0.8211001178128892,0.5707841943569036
2014-02-27,344299.68244113005,3,58,0.43388373911755823,-0.900968867902419,0.8307970168121247,0.5565755266413303
2014-02-28,661876.4999996495,4,59,-0.433883739117558,-0.9009688679024191,0.8402480696078469,0.5422021592729844
2014-03-01,846678.388160804,5,60,-0.9749279121818236,-0.2225209339563146,0.8494504794814806,0.527668345562516
2014-03-02,478902.3048718232,6,61,-0.7818314824680299,0.6234898018587334,0.8584015232918917,0.512978386299228
2014-03-03,538827.2021325426,0,62,0.0,1.0,0.8670985522812081,0.4981366284784055
2014-03-04,310346.1212875447,1,63,0.7818314824680298,0.6234898018587336,0.8755389928586302,0.4831474640149687
2014-03-05,256390.52221047232,2,64,0.9749279121818236,-0.22252093395631434,0.8837203473619977,0.4680153284438345
2014-03-06,167803.65977609382,3,65,0.43388373911755823,-0.900968867902419,0.8916401947968874,0.45274469960737107
2014-03-07,465318.02151156624,4,66,-0.433883739117558,-0.9009688679024191,0.8992961915530253,0.4373400963303323
2014-03-08,520146.74963959056,5,67,-0.9749279121818236,-0.2225209339563146,0.9066860720977985,0.4218060770826634
2014-03-09,224699.25281941216,6,68,-0.7818314824680299,0.6234898018587334,0.9138076496466615,0.40614723863057883
2014-03-10,286230.6788963384,0,69,0.0,1.0,0.9206588168102428,0.3903682146763026
2014-03-11,187143.0180625835,1,70,0.7818314824680298,0.6234898018587336,0.9272375462179537,0.374473674486883
2014-03-12,191700.3891282347,2,71,0.9749279121818236,-0.22252093395631434,0.9335418911179212,0.35846832151248087
2014-03-13,164663.9676028023,3,72,0.43388373911755823,-0.900968867902419,0.9395699859530622,0.342356891994542
2014-03-14,395941.3451321622,4,73,-0.433883739117558,-0.9009688679024191,0.945320046913132,0.3261441535642696
2014-03-15,518183.2103749144,5,74,-0.9749279121818236,-0.2225209339563146,0.9507903724625832,0.3098349038318025
2014-03-16,226617.9549402708,6,75,-0.7818314824680299,0.6234898018587334,0.9559793438440766,0.2934339689665273
2014-03-17,243707.871947377,0,76,0.0,1.0,0.9608854255574977,0.27694620226893646
2014-03-18,94849.7437997705,1,77,0.7818314824680298,0.6234898018587336,0.9655071658143364,0.2603764827344581
2014-03-19,92386.78306657562,2,78,0.9749279121818236,-0.22252093395631434,0.969843196967294,0.24372971360968387
2014-03-20,180394.82770444016,3,79,0.43388373911755823,-0.900968867902419,0.9738922359149924,0.22701082094141847
2014-03-21,200939.692363944,4,80,-0.433883739117558,-0.9009688679024191,0.9776530844816641,0.2102247521189836
2014-03-22,172953.92471044016,5,81,-0.9749279121818236,-0.2225209339563146,0.981124629771712,0.19337647441020586
2014-03-23,70194.79953786121,6,82,-0.7818314824680299,0.6234898018587334,0.984305844499033,0.17647097349152166
2014-03-24,81378.21463167097,0,83,0.0,1.0,0.9871957872910085,0.15951325197263655
2014-03-25,130227.0147145788,1,84,0.7818314824680298,0.6234898018587336,0.9897936029670716,0.14250832791617088
2014-03-26,125310.0364078538,2,85,0.9749279121818236,-0.22252093395631434,0.992098522791769,0.12546123335273648
2014-03-27,119452.33963454988,3,86,0.43388373911755823,-0.900968867902419,0.9941098647022418,0.10837701279187609
2014-03-28,276174.76932028367,4,87,-0.433883739117558,-0.9009688679024191,0.9958270335100595,0.09126072172931188
2014-03-29,357369.2669406512,5,88,-0.9749279121818236,-0.2225209339563146,0.9972495210773451,0.07411742515094437
2014-03-30,163865.4902727038,6,89,-0.7818314824680299,0.6234898018587334,0.998376906467142,0.056952196034039754
2014-03-31,190719.6145286,0,90,0.0,1.0,0.9992088560679753,0.03977011384605572
2014-04-01,244535.20522546367,1,91,0.7818314824680298,0.6234898018587336,0.9997451236925734,0.022576263041545485
2014-04-02,155620.50378882745,2,92,0.9749279121818236,-0.22252093395631434,0.9999855506507186,0.005375731557583884
2014-04-03,136001.97816007744,3,93,0.43388373911755823,-0.900968867902419,0.9999300657962057,-0.011826390691832589
2014-04-04,190559.88751276743,4,94,-0.433883739117558,-0.9009688679024191,0.9995786855478958,-0.029025013321975237
2014-04-05,217110.50252912124,5,95,-0.9749279121818236,-0.2225209339563146,0.9989315138848577,-0.046215046983708354
2014-04-06,119190.09998255636,6,96,-0.7818314824680299,0.6234898018587334,0.9979887423155984,-0.06339140486951038
2014-04-07,131910.19745153244,0,97,0.0,1.0,0.9967506498213929,-0.08054900421874167
2014-04-08,118921.3076762588,1,98,0.7818314824680298,0.6234898018587336,0.9952176027737294,-0.09768276782171598
2014-04-09,124828.2828368088,2,99,0.9749279121818236,-0.22252093395631434,0.9933900548258936,-0.11478762552212701
2014-04-10,179326.49022809637,3,100,0.43388373911755823,-0.900968867902419,0.9912685467787256,-0.13185851571739118
2014-04-11,318949.81705616,4,101,-0.433883739117558,-0.9009688679024191,0.9888537064205885,-0.1488903868564548
2014-04-12,375031.109322689,5,102,-0.9749279121818236,-0.2225209339563146,0.986146248341595,-0.16587819893463143
2014-04-13,166393.54070527272,6,103,-0.7818314824680299,0.6234898018587334,0.9831469737221499,-0.1828169249850199
2014-04-14,193652.32776782892,0,104,0.0,1.0,0.9798567700958665,-0.1997015525660636
2014-04-15,249805.51721349137,1,105,0.7818314824680298,0.6234898018587336,0.9762766110869321,-0.21652708524481437
2014-04-16,294023.41088805016,2,106,0.9749279121818236,-0.22252093395631434,0.9724075561219968,-0.23328854407545518
2014-04-17,612236.0057972377,3,107,0.43388373911755823,-0.900968867902419,0.9682507501166718,-0.2499809690726521
2014-04-18,464815.5178685469,4,108,-0.433883739117558,-0.9009688679024191,0.9638074231367307,-0.26659942067929354
2014-04-19,360480.94044953777,5,109,-0.9749279121818236,-0.2225209339563146,0.9590788900341131,-0.28313898122818354
2014-04-20,114279.57725376952,6,110,-0.7818314824680299,0.6234898018587334,0.9540665500578387,-0.2995947563972602
2014-04-21,161170.82040273017,0,111,0.0,1.0,0.9487718864399473,-0.31596187665790293
2014-04-22,182483.1464953052,1,112,0.7818314824680298,0.6234898018587336,0.9431964659565866,-0.33223549871590435
2014-04-23,109358.41252901952,2,113,0.9749279121818236,-0.22252093395631434,0.9373419384643772,-0.3484108069446808
2014-04-24,98430.1141092905,3,114,0.43388373911755823,-0.900968867902419,0.9312100364121947,-0.3644830148102912
2014-04-25,295741.3469618826,4,115,-0.433883739117558,-0.9009688679024191,0.9248025743285089,-0.38044736628785164
2014-04-26,285053.9799331276,5,116,-0.9749279121818236,-0.2225209339563146,0.9181214482844365,-0.39629913726891813
2014-04-27,124964.7964680588,6,117,-0.7818314824680299,0.6234898018587334,0.9111686353326631,-0.41203363695942635
2014-04-28,124175.8083521588,0,118,0.0,1.0,0.9039461929224011,-0.42764620926777464
2014-04-29,131842.57163224378,1,119,0.7818314824680298,0.6234898018587336,0.8964562582905575,-0.44313223418263453
2014-04-30,154850.05725768136,2,120,0.9749279121818236,-0.22252093395631434,0.8887010478292915,-0.45848712914008766
2014-05-01,180294.2687300276,3,121,0.43388373911755823,-0.900968867902419,0.8806828564301475,-0.47370635037968
2014-05-02,163849.03582968138,4,122,-0.433883739117558,-0.9009688679024191,0.8724040568049612,-0.48878539428899265
2014-05-03,131436.79244744137,5,123,-0.9749279121818236,-0.2225209339563146,0.8638670987837349,-0.503719798736334
2014-05-04,93082.0439568928,6,124,-0.7818314824680299,0.6234898018587334,0.8550745085896932,-0.518505144391157
2014-05-05,110887.01329721222,0,125,0.0,1.0,0.8460288880917339,-0.533137056031809
2014-05-06,119385.57536795686,1,126,0.7818314824680298,0.6234898018587336,0.8367329140344921,-0.5476112038402312
2014-05-07,91719.58937883744,2,127,0.9749279121818236,-0.22252093395631434,0.8271893372462497,-0.5619233046832195
2014-05-08,96335.44895138746,3,128,0.43388373911755823,-0.900968867902419,0.8174009818249189,-0.5760691233798758
2014-05-09,303226.29835425445,4,129,-0.433883739117558,-0.9009688679024191,0.8073707443023492,-0.5900444739548627
2014-05-10,431695.70916738006,5,130,-0.9749279121818236,-0.2225209339563146,0.7971015927871943,-0.6038452208771035
2014-05-11,200407.27706754216,6,131,-0.7818314824680299,0.6234898018587334,0.7865965660866021,-0.6174672802835514
2014-05-12,183413.708347736,0,132,0.0,1.0,0.7758587728069828,-0.6309066211876704
2014-05-13,146166.6011247823,1,133,0.7818314824680298,0.6234898018587336,0.7648913904341226,-0.6441592666722685
2014-05-14,201120.72764081476,2,134,0.9749279121818236,-0.22252093395631434,0.753697664392914,-0.6572212950663319
2014-05-15,270123.5508233284,3,135,0.43388373911755823,-0.900968867902419,0.742280907086982,-0.6700888411055113
2014-05-16,415315.38394824736,4,136,-0.433883739117558,-0.9009688679024191,0.7306444969184916,-0.6827580970759147
2014-05-17,498716.9975550141,5,137,-0.9749279121818236,-0.2225209339563146,0.7187918772884232,-0.6952253139408722
2014-05-18,166433.17212925974,6,138,-0.7818314824680299,0.6234898018587334,0.7067265555776158,-0.7074868024503348
2014-05-19,168520.6293674285,0,139,0.0,1.0,0.6944521021088763,-0.719538934232584
2014-05-20,178123.53210953472,1,140,0.7818314824680298,0.6234898018587336,0.6819721490904629,-0.7313781428679254
2014-05-21,194878.80263463093,2,141,0.9749279121818236,-0.22252093395631434,0.6692903895412567,-0.7430009249440493
2014-05-22,115475.09689625975,3,142,0.43388373911755823,-0.900968867902419,0.6564105761979381,-0.7544038410927472
2014-05-23,430521.0245386551,4,143,-0.433883739117558,-0.9009688679024191,0.6433365204044917,-0.765583517007675
2014-05-24,590642.8256606437,5,144,-0.9749279121818236,-0.2225209339563146,0.6300720909843687,-0.7765366444428655
2014-05-25,210764.71795229093,6,145,-0.7818314824680299,0.6234898018587334,0.6166212130956382,-0.7872599821916922
2014-05-26,218189.3485214472,0,146,0.0,1.0,0.6029878670694714,-0.7977503570459932
2014-05-27,226132.46392936216,1,147,0.7818314824680298,0.6234898018587336,0.5891760872322963,-0.8080046647350754
2014-05-28,243720.86804506715,2,148,0.9749279121818236,-0.22252093395631434,0.5751899607119775,-0.8180198708443175
2014-05-29,207429.42904813596,3,149,0.43388373911755823,-0.900968867902419,0.5610336262283677,-0.8277930117131022
2014-05-30,503149.4313453478,4,150,-0.433883739117558,-0.9009688679024191,0.5467112728685939,-0.8373211953118121
2014-05-31,603748.7895260763,5,151,-0.9749279121818236,-0.2225209339563146,0.5322271388474397,-0.8466016020976267
2014-06-01,456017.4630926764,6,152,-0.7818314824680299,0.6234898018587334,0.5175855102531889,-0.8556314858488706
2014-06-02,425845.1960447211,0,153,0.0,1.0,0.5027907197793043,-0.8644081744776648
2014-06-03,328217.769952647,1,154,0.7818314824680298,0.6234898018587336,0.4878471454423119,-0.8729290708206411
2014-06-04,286405.9988025032,2,155,0.9749279121818236,-0.22252093395631434,0.47275920928627757,-0.881191653407483
2014-06-05,184989.88866687592,3,156,0.43388373911755823,-0.900968867902419,0.4575313760742512,-0.8891934772070711
2014-06-06,288118.3044474556,4,157,-0.433883739117558,-0.9009688679024191,0.44216815196707204,-0.8969321743510065
2014-06-07,391930.8780096609,5,158,-0.9749279121818236,-0.2225209339563146,0.42667408318992467,-0.9044054548343001
2014-06-08,193772.58110879717,6,159,-0.7818314824680299,0.6234898018587334,0.4110537546870351,-0.9116111071930239
2014-06-09,214177.9834426184,0,160,0.0,1.0,0.3953117887649151,-0.9185469991587165
2014-06-10,188334.5211706797,1,161,0.7818314824680298,0.6234898018587336,0.37945284372454435,-0.925211078289358
2014-06-11,174324.99481545974,2,162,0.9749279121818236,-0.22252093395631434,0.36348161248290634,-0.9316013725767187
2014-06-12,200271.56431625973,3,163,0.43388373911755823,-0.900968867902419,0.3474028211842774,-0.9377159910299093
2014-06-13,468701.63017391367,4,164,-0.433883739117558,-0.9009688679024191,0.3312212278016865,-0.9435531242349544
2014-06-14,473425.7541569488,5,165,-0.9749279121818236,-0.2225209339563146,0.31494162072895193,-0.9491110448902284
2014-06-15,224232.1213750946,6,166,-0.7818314824680299,0.6234898018587334,0.2985688173637202,-0.9543881083175908
2014-06-16,185606.27501469472,0,167,0.0,1.0,0.2821076626819194,-0.9593827529490743
2014-06-17,212687.50941481217,1,168,0.7818314824680298,0.6234898018587336,0.26556302780405594,-0.9640935007889755
2014-06-18,184259.69242149973,2,169,0.9749279121818236,-0.22252093395631434,0.24893980855376657,-0.9685189578512204
2014-06-19,113735.8161577795,3,170,0.43388373911755823,-0.900968867902419,0.23224292400907015,-0.9726578145718654
2014-06-20,203165.08297513984,4,171,-0.433883739117558,-0.9009688679024191,0.21547731504673012,-0.976508846196619
2014-06-21,203345.2445647549,5,172,-0.9749279121818236,-0.2225209339563146,0.19864794288017112,-0.9800709131432666
2014-06-22,134944.4889669564,6,173,-0.7818314824680299,0.6234898018587334,0.18175978759137534,-0.9833429613388902
2014-06-23,138298.21024496638,0,174,0.0,1.0,0.16481784665719793,-0.9863240225317866
2014-06-24,36692.67986190049,1,175,0.7818314824680298,0.6234898018587336,0.14782713347053048,-0.9890132145779883
2014-06-25,56077.54269213074,2,176,0.9749279121818236,-0.22252093395631434,0.13079267585675922,-0.9914097417023038
2014-06-26,55780.707452340735,3,177,0.43388373911755823,-0.900968867902419,0.11371951458594969,-0.9935128947338007
2014-06-27,131721.2383167888,4,178,-0.433883739117558,-0.9009688679024191,0.0966127018812031,-0.9953220513156602
2014-06-28,146169.07657195258,5,179,-0.9749279121818236,-0.2225209339563146,0.07947729992362097,-0.9968366760893436
2014-06-29,62073.58541298098,6,180,-0.7818314824680299,0.6234898018587334,0.062318379354325076,-0.998056320853012
2014-06-30,93619.84699129574,0,181,0.0,1.0,0.04514101777397193,-0.9989806246941579
2014-07-01,180183.03135601137,1,182,0.7818314824680298,0.6234898018587336,0.02795029824021032,-0.999609314096404
2014-07-02,104760.70623579,2,183,0.9749279121818236,-0.22252093395631434,0.01075130776352193,-0.9999422030204416
2014-07-03,93450.5336849105,3,184,0.43388373911755823,-0.900968867902419,-0.00645086419810515,-0.9999791929590823
2014-07-04,98087.55590394074,4,185,-0.433883739117558,-0.9009688679024191,-0.023651127245231586,-0.9997202729664083
2014-07-05,117562.26290534915,5,186,-0.9749279121818236,-0.2225209339563146,-0.04084439154329611,-0.9991655196610109
2014-07-06,70153.08097215135,6,187,-0.7818314824680299,0.6234898018587334,-0.05802556932878035,-0.9983150972033183
2014-07-07,68918.41528749111,0,188,0.0,1.0,-0.07518957641475855,-0.9971692572470178
2014-07-08,108417.40283335964,1,189,0.7818314824680298,0.6234898018587336,-0.09233133369539122,-0.9957283388645872
2014-07-09,81802.6082085011,2,190,0.9749279121818236,-0.22252093395631434,-0.10944576864891556,-0.993992768446958
2014-07-10,103998.55973343048,3,191,0.43388373911755823,-0.900968867902419,-0.12652781683868314,-0.9919630595773397
2014-07-11,134018.08926347757,4,192,-0.433883739117558,-0.9009688679024191,-0.1435724234118113,-0.9896398128792412
2014-07-12,99277.29950301052,5,193,-0.9749279121818236,-0.2225209339563146,-0.16057454459499376,-0.9870237158387383
2014-07-13,49705.23199992073,6,194,-0.7818314824680299,0.6234898018587334,-0.17752914918703497,-0.984115542601034
2014-07-14,75384.57455073134,0,195,0.0,1.0,-0.19443122004766195,-0.9809161537413774
2014-07-15,110288.2341741906,1,196,0.7818314824680298,0.6234898018587336,-0.2112757555821793,-0.9774264960104055
2014-07-16,156536.68620542108,2,197,0.9749279121818236,-0.22252093395631434,-0.2280577712215198,-0.9736476020539838
2014-07-17,80823.05919792122,3,198,0.43388373911755823,-0.900968867902419,-0.24477230089725957,-0.9695805901076308
2014-07-18,124615.6856084088,4,199,-0.433883739117558,-0.9009688679024191,-0.2614143985111562,-0.965226663665613
2014-07-19,242758.9505283758,5,200,-0.9749279121818236,-0.2225209339563146,-0.2779791393987801,-0.9605871111248129
2014-07-20,85078.24368943609,6,201,-0.7818314824680299,0.6234898018587334,-0.2944616217868012,-0.9556633054034704
2014-07-21,86738.06742726086,0,202,0.0,1.0,-0.3108569682435036,-0.9504567035349151
2014-07-22,56673.61581162085,1,203,0.7818314824680298,0.6234898018587336,-0.3271603271220951,-0.9449688462364056
2014-07-23,165742.17046423352,2,204,0.9749279121818236,-0.22252093395631434,-0.34336687399638804,-0.939201357453208
2014-07-24,95618.24880371086,3,205,0.43388373911755823,-0.900968867902419,-0.3594718130884232,-0.9331559438780432
2014-07-25,515698.7957661752,4,206,-0.433883739117558,-0.9009688679024191,-0.3754703786876202,-0.9268343944460494
2014-07-26,562590.3665478406,5,207,-0.9749279121818236,-0.2225209339563146,-0.3913578365610259,-0.9202385798054075
2014-07-27,266305.92588997324,6,208,-0.7818314824680299,0.6234898018587334,-0.4071294853542516,-0.9133704517637858
2014-07-28,292634.7456928194,0,209,0.0,1.0,-0.4227806579826773,-0.9062320427107697
2014-07-29,212360.99307795212,1,210,0.7818314824680298,0.6234898018587336,-0.4383067230125192,-0.898825465016444
2014-07-30,198019.33209153597,2,211,0.9749279121818236,-0.22252093395631434,-0.45370308603134424,-0.8911529104063088
2014-07-31,295508.3272942658,3,212,0.43388373911755823,-0.900968867902419,-0.46896519100763184,-0.8832166493127127
2014-08-01,611894.6731809496,4,213,-0.433883739117558,-0.9009688679024191,-0.48408852163897587,-0.8750190302029955
2014-08-02,628685.218828356,5,214,-0.9749279121818236,-0.2225209339563146,-0.4990686026885319,-0.8665624788845385
2014-08-03,307272.68372995686,6,215,-0.7818314824680299,0.6234898018587334,-0.5139010013093103,-0.8578494977869301
2014-08-04,362106.5326359408,0,216,0.0,1.0,-0.5285813283559292,-0.8488826652214553
2014-08-05,262349.59097271576,1,217,0.7818314824680298,0.6234898018587336,-0.5431052396834317,-0.8396646346181327
2014-08-06,80697.90350079122,2,218,0.9749279121818236,-0.22252093395631434,-0.5574684374327892,-0.8301981337405212
2014-08-07,103272.62271335036,3,219,0.43388373911755823,-0.900968867902419,-0.5716666713027052,-0.8204859638785327
2014-08-08,439421.4220670738,4,220,-0.433883739117558,-0.9009688679024191,-0.5856957398073508,-0.8105309990194823
2014-08-09,408616.3506319135,5,221,-0.9749279121818236,-0.2225209339563146,-0.5995514915196489,-0.8003361849976323
2014-08-10,195866.77301944335,6,222,-0.7818314824680299,0.6234898018587334,-0.6132298262997502,-0.7899045386224707
2014-08-11,232347.3531692896,0,223,0.0,1.0,-0.6267266965083301,-0.7792391467859886
2014-08-12,190325.18114338472,1,224,0.7818314824680298,0.6234898018587336,-0.6400381082043503,-0.7683431655492202
2014-08-13,197698.1185508409,2,225,0.9749279121818236,-0.22252093395631434,-0.65316012232693,-0.7572198192083127
2014-08-14,177908.83560484851,3,226,0.43388373911755823,-0.900968867902419,-0.666088855860977,-0.7458723993404063
2014-08-15,473321.8824517537,4,227,-0.433883739117558,-0.9009688679024191,-0.6788204829862355,-0.734304263829602
2014-08-16,541600.8921595308,5,228,-0.9749279121818236,-0.2225209339563146,-0.6913512362094071,-0.722518835873311
2014-08-17,239513.979042657,6,229,-0.7818314824680299,0.6234898018587334,-0.7036774074790128,-0.7105196029692745
2014-08-18,255224.22255235325,0,230,0.0,1.0,-0.7157953492826642,-0.6983101158835584
2014-08-19,160372.03970902972,1,231,0.7818314824680298,0.6234898018587336,-0.7277014757264236,-0.6858939875998223
2014-08-20,171587.33225254016,2,232,0.9749279121818236,-0.22252093395631434,-0.7393922635959241,-0.673274892250183
2014-08-21,164208.06061259517,3,233,0.43388373911755823,-0.900968867902419,-0.7508642533989489,-0.6604565640279754
2014-08-22,376778.8357044976,4,234,-0.433883739117558,-0.9009688679024191,-0.7621140503891487,-0.6474427960827475
2014-08-23,453633.473978322,5,235,-0.9749279121818236,-0.2225209339563146,-0.7731383255706026,-0.6342374393978054
2014-08-24,214392.4008527526,6,236,-0.7818314824680299,0.6234898018587334,-0.7839338166829201,-0.620844401650647
2014-08-25,316404.06232243,0,237,0.0,1.0,-0.7944973291665992,-0.6072676460566135
2014-08-26,242824.50134045485,1,238,0.7818314824680298,0.6234898018587336,-0.8048257371083452,-0.593511190196115
2014-08-27,274712.2532841696,2,239,0.9749279121818236,-0.22252093395631434,-0.8149159841660791,-0.5795791048257612
2014-08-28,258066.16939498455,3,240,0.43388373911755823,-0.900968867902419,-0.8247650844733614,-0.5654755126737576
2014-08-29,594007.2132037124,4,241,-0.433883739117558,-0.9009688679024191,-0.8343701235229537,-0.5512045872199277
2014-08-30,717096.7128183594,5,242,-0.9749279121818236,-0.2225209339563146,-0.8437282590292712,-0.5367705514607103
2014-08-31,358170.996328817,6,243,-0.7818314824680299,0.6234898018587334,-0.8528367217694595,-0.522177676659508
2014-09-01,594953.6349064388,0,244,0.0,1.0,-0.8616928164028521,-0.5074302810827518
2014-09-02,469469.9410251276,1,245,0.7818314824680298,0.6234898018587336,-0.8702939222685674,-0.49253272872205434
2014-09-03,464067.7993402126,2,246,0.9749279121818236,-0.22252093395631434,-0.8786374941610001,-0.4774894280028391
2014-09-04,312311.9539811907,3,247,0.43388373911755823,-0.900968867902419,-0.886721063082993,-0.46230483047981086
2014-09-05,501279.0004444809,4,248,-0.433883739117558,-0.9009688679024191,-0.8945422369764496,-0.4469834295196741
2014-09-06,552703.9037581525,5,249,-0.9749279121818236,-0.2225209339563146,-0.9020987014301837,-0.43152975897147144
2014-09-07,234153.76221071577,6,250,-0.7818314824680299,0.6234898018587334,-0.9093882203647925,-0.4159483918249421
2014-09-08,244481.4977293058,0,251,0.0,1.0,-0.9164086366943458,-0.4002439388573056
2014-09-09,122749.6352783088,1,252,0.7818314824680298,0.6234898018587336,-0.9231578729647039,-0.38442104726885545
2014-09-10,78736.40283972122,2,253,0.9749279121818236,-0.22252093395631434,-0.9296339319682695,-0.3684843993077793
2014-09-11,70875.11066874111,3,254,0.43388373911755823,-0.900968867902419,-0.9358348973349941,-0.35243871088460327
2014-09-12,148634.39140687516,4,255,-0.433883739117558,-0.9009688679024191,-0.9417589340994617,-0.33628873017668287
2014-09-13,171724.82878193396,5,256,-0.9749279121818236,-0.2225209339563146,-0.9474042892438845,-0.32003923622313857
2014-09-14,86435.6988349511,6,257,-0.7818314824680299,0.6234898018587334,-0.9527692922168511,-0.30369503751065885
2014-09-15,120236.18270337,0,258,0.0,1.0,-0.9578523554276669,-0.28726097055059635
2014-09-16,83204.1966941811,1,259,0.7818314824680298,0.6234898018587336,-0.9626519747161487,-0.2707418984477642
2014-09-17,73768.03473492098,2,260,0.9749279121818236,-0.22252093395631434,-0.9671667297977312,-0.2541427094613622
2014-09-18,69425.44511577097,3,261,0.43388373911755823,-0.900968867902419,-0.97139528468375,-0.23746831555846842
2014-09-19,137154.95408779135,4,262,-0.433883739117558,-0.9009688679024191,-0.9753363880767837,-0.2207236509605022
2014-09-20,153569.06188021015,5,263,-0.9749279121818236,-0.2225209339563146,-0.9789888737409319,-0.20391367068311472
2014-09-21,75633.32058868634,6,264,-0.7818314824680299,0.6234898018587334,-0.9823516608469237,-0.18704334906991657
2014-09-22,90815.92981269088,0,265,0.0,1.0,-0.9854237542919524,-0.17011767832049052
2014-09-23,110118.15639147014,1,266,0.7818314824680298,0.6234898018587336,-0.9882042449941422,-0.15314166701312007
2014-09-24,209908.3831116397,2,267,0.9749279121818236,-0.22252093395631434,-0.9906923101615609,-0.13612033862266704
2014-09-25,358365.68296879344,3,268,0.43388373911755823,-0.900968867902419,-0.9928872135356962,-0.11905873003404988
2014-09-26,585463.9960073602,4,269,-0.433883739117558,-0.9009688679024191,-0.994788305609327,-0.10196189005174576
2014-09-27,617019.0915344206,5,270,-0.9749279121818236,-0.2225209339563146,-0.9963950238187231,-0.08483487790576538
2014-09-28,283850.5971054995,6,271,-0.7818314824680299,0.6234898018587334,-0.9977068927101168,-0.06768276175455162
2014-09-29,264317.1103681058,0,272,0.0,1.0,-0.9987235240803972,-0.050510617185222886
2014-09-30,358024.9813488259,1,273,0.7818314824680298,0.6234898018587336,-0.9994446170919858,-0.033323525711631344
2014-10-01,594438.2807802997,2,274,0.9749279121818236,-0.22252093395631434,-0.9998699583618592,-0.016126573270657762
2014-10-02,470507.6630444389,3,275,0.43388373911755823,-0.900968867902419,-0.9999994220246925,0.001075151282798226
2014-10-03,518693.52866487246,4,276,-0.433883739117558,-0.9009688679024191,-0.999832969770105,0.018276557681691223
2014-10-04,656245.8284286658,5,277,-0.9749279121818236,-0.2225209339563146,-0.9993706508539969,0.03547255575312556
2014-10-05,280055.1177167632,6,278,-0.7818314824680299,0.6234898018587334,-0.9986126020839734,0.052658056924614005
2014-10-06,375648.0174559537,0,279,0.0,1.0,-0.9975590477788613,0.06982797572987089
2014-10-07,78111.71646312073,1,280,0.7818314824680298,0.6234898018587336,-0.9962102997023297,0.0869772313136861
2014-10-08,70509.13279154037,2,281,0.9749279121818236,-0.22252093395631434,-0.9945667569706337,0.1041007489354256
2014-10-09,103281.31104757206,3,282,0.43388373911755823,-0.900968867902419,-0.9926289059345095,0.121193461470736
2014-10-10,179841.43177972364,4,283,-0.433883739117558,-0.9009688679024191,-0.9903973200352558,0.1382503109109819
2014-10-11,138038.23975289488,5,284,-0.9749279121818236,-0.2225209339563146,-0.9878726596350429,0.15526624985999563
2014-10-12,61037.56222997037,6,285,-0.7818314824680299,0.6234898018587334,-0.9850556718215013,0.172236243027682
2014-10-13,86799.75945404172,0,286,0.0,1.0,-0.981947190186646,0.18915526872004093
2014-10-14,69570.50146670073,1,287,0.7818314824680298,0.6234898018587336,-0.9785481345802031,0.20601832032517084
2014-10-15,130476.35534524244,2,288,0.9749279121818236,-0.22252093395631434,-0.9748595108374125,0.22282040779479959
2014-10-16,95229.77348008122,3,289,0.43388373911755823,-0.900968867902419,-0.9708824104813836,0.23955655912092708
2014-10-17,121057.86128350304,4,290,-0.433883739117558,-0.9009688679024191,-0.9666180104000972,0.2562218218071163
2014-10-18,169498.91638532488,5,291,-0.9749279121818236,-0.2225209339563146,-0.9620675724981452,0.27281126433401914
2014-10-19,90692.37587550197,6,292,-0.7818314824680299,0.6234898018587334,-0.957232443323312,0.28931997761869527
2014-10-20,101723.91500409233,0,293,0.0,1.0,-0.9521140536681102,0.3057430764672831
2014-10-21,103395.69126874243,1,294,0.7818314824680298,0.6234898018587336,-0.9467139181463862,0.3220757010206104
2014-10-22,99075.59909602182,2,295,0.9749279121818236,-0.22252093395631434,-0.9410336347451197,0.3383130181923076
2014-10-23,97476.14471957208,3,296,0.43388373911755823,-0.900968867902419,-0.9350748843515574,0.3544502230989869
2014-10-24,248974.6527827964,4,297,-0.433883739117558,-0.9009688679024191,-0.9288394302558068,0.3704825404820963
2014-10-25,302721.6833004003,5,298,-0.9749279121818236,-0.2225209339563146,-0.9223291176290545,0.3864052261209853
2014-10-26,128520.72780395366,6,299,-0.7818314824680299,0.6234898018587334,-0.9155458729775467,0.40221356823680365
2014-10-27,145185.26833608488,0,300,0.0,1.0,-0.9084917035725082,0.41790288888678667
2014-10-28,89527.5566318617,1,301,0.7818314824680298,0.6234898018587336,-0.9011686968561569,0.4334685453485363
2014-10-29,81991.88284141109,2,302,0.9749279121818236,-0.22252093395631434,-0.8935790198239952,0.4489059314938798
2014-10-30,69704.49111259049,3,303,0.43388373911755823,-0.900968867902419,-0.8857249183835637,0.4642104791518923
2014-10-31,166652.39481922364,4,304,-0.433883739117558,-0.9009688679024191,-0.8776087166898392,0.4793776594606945
2014-11-01,247453.1021852476,5,305,-0.9749279121818236,-0.2225209339563146,-0.8692328164574792,0.49440298420761813
2014-11-02,148476.18120917486,6,306,-0.7818314824680299,0.6234898018587334,-0.8605996962501181,0.5092820071573356
2014-11-03,205368.92263440124,0,307,0.0,1.0,-0.8517119107469189,0.5240103253675756
2014-11-04,99244.68184604916,1,308,0.7818314824680298,0.6234898018587336,-0.8425720899866032,0.5385835804920232
2014-11-05,72756.86310007049,2,309,0.9749279121818236,-0.22252093395631434,-0.8331829385891785,0.5529974600700271
2014-11-06,86867.45808059514,3,310,0.43388373911755823,-0.900968867902419,-0.8235472349556007,0.5672476988027229
2014-11-07,140167.80386220515,4,311,-0.433883739117558,-0.9009688679024191,-0.8136678304455991,0.5813300798152042
2014-11-08,160727.30278297895,5,312,-0.9749279121818236,-0.2225209339563146,-0.8035476485339116,0.5952404359043674
2014-11-09,74115.62877644549,6,313,-0.7818314824680299,0.6234898018587334,-0.7931896839451843,0.6089746507720486
2014-11-10,76103.2915165355,0,314,0.0,1.0,-0.7825970017677834,0.6225286602431057
2014-11-11,56303.36657458037,1,315,0.7818314824680298,0.6234898018587336,-0.7717727365467837,0.6358984534680745
2014-11-12,49436.81586452037,2,316,0.9749279121818236,-0.22252093395631434,-0.7607200913564104,0.6490800741100398
2014-11-13,55033.12240398037,3,317,0.43388373911755823,-0.900968867902419,-0.7494423368521953,0.6620696215153815
2014-11-14,149808.16594472638,4,318,-0.433883739117558,-0.9009688679024191,-0.7379428103031386,0.6748632518680403
2014-11-15,180685.5107299103,5,319,-0.9749279121818236,-0.2225209339563146,-0.7262249146041543,0.6874571793269664
2014-11-16,75871.43676522048,6,320,-0.7818314824680299,0.6234898018587334,-0.7142921172691032,0.699847677146407
2014-11-17,86313.33408317012,0,321,0.0,1.0,-0.7021479494046978,0.7120310787787131
2014-11-18,62631.79875207037,1,322,0.7818314824680298,0.6234898018587336,-0.6897960046655887,0.7240037789593305
2014-11-19,48529.10336034025,2,323,0.9749279121818236,-0.22252093395631434,-0.6772399381909491,0.7357622347736527
2014-11-20,51040.88136807025,3,324,0.43388373911755823,-0.900968867902419,-0.6644834655228552,0.7473029667054297
2014-11-21,53973.92224002,4,325,-0.433883739117558,-0.9009688679024191,-0.6515303615068021,0.75862255966641
2014-11-22,47497.98253350988,5,326,-0.9749279121818236,-0.2225209339563146,-0.6383844591746642,0.769717664006921
2014-11-23,31219.951528719885,6,327,-0.7818314824680299,0.6234898018587334,-0.6250496486104377,0.7805849965070866
2014-11-24,26870.323873470003,0,328,0.0,1.0,-0.6115298757991053,0.7912213413483807
2014-11-25,40530.64229268001,1,329,0.7818314824680298,0.6234898018587336,-0.5978291414589552,0.801623551065242
2014-11-26,30371.43133504988,2,330,0.9749279121818236,-0.22252093395631434,-0.5839514998576998,0.8117885474764613
2014-11-27,37776.65876674988,3,331,0.43388373911755823,-0.900968867902419,-0.5699010576127624,0.821713322596059
2014-11-28,46818.20532261,4,332,-0.433883739117558,-0.9009688679024191,-0.5556819724760489,0.8313949395234058
2014-11-29,88321.62554976073,5,333,-0.9749279121818236,-0.2225209339563146,-0.5412984521036173,0.8408305333122887
2014-11-30,101037.8278297916,6,334,-0.7818314824680299,0.6234898018587334,-0.5267547528105542,0.8500173118187018
2014-12-01,105100.66764851147,0,335,0.0,1.0,-0.5120551783114646,0.8589525565270845
2014-12-02,88219.52548812989,1,336,0.7818314824680298,0.6234898018587336,-0.4972040784469378,0.8676336233547726
2014-12-03,71590.36928922037,2,337,0.9749279121818236,-0.22252093395631434,-0.4822058478963526,0.8760579434344281
2014-12-04,54996.62169262025,3,338,0.43388373911755823,-0.900968867902419,-0.46706492487743034,0.8842230238742036
2014-12-05,77884.1816098255,4,339,-0.433883739117558,-0.9009688679024191,-0.451785789832884,0.8921264484954345
2014-12-06,150370.11672367636,5,340,-0.9749279121818236,-0.2225209339563146,-0.4363729641045924,0.8997658785476209
2014-12-07,104675.37611534917,6,341,-0.7818314824680299,0.6234898018587334,-0.42083100859565564,0.9071390534005044
2014-12-08,90121.53047506476,0,342,0.0,1.0,-0.4051645224207563,0.9142437912130223
2014-12-09,75425.44369829049,1,343,0.7818314824680298,0.6234898018587336,-0.3893781415452015,0.9210779895789526
2014-12-10,161844.80943567367,2,344,0.9749279121818236,-0.22252093395631434,-0.37347653741307074,0.9276396261490467
2014-12-11,158603.35696800365,3,345,0.43388373911755823,-0.900968867902419,-0.3574644155648614,0.9339267592294762
2014-12-12,279092.0959564501,4,346,-0.433883739117558,-0.9009688679024191,-0.34134651424503615,0.9399375283564133
2014-12-13,369350.9894808982,5,347,-0.9749279121818236,-0.2225209339563146,-0.3251276029999093,0.9456701548465688
2014-12-14,177500.10772560866,6,348,-0.7818314824680299,0.6234898018587334,-0.30881248126625377,0.9511229423235357
2014-12-15,282246.62867828755,0,349,0.0,1.0,-0.29240597695107734,0.9562942772197719
2014-12-16,166037.92572951366,1,350,0.7818314824680298,0.6234898018587336,-0.27591294500296043,0.9611826292540837
2014-12-17,148910.99836015864,2,351,0.9749279121818236,-0.22252093395631434,-0.2593382659754056,0.9657865518844574
2014-12-18,202359.1428998712,3,352,0.43388373911755823,-0.900968867902419,-0.2426868445825954,0.9701046827361175
2014-12-19,274343.6543452338,4,353,-0.433883739117558,-0.9009688679024191,-0.22596360824801906,0.974135744004672
2014-12-20,316167.07465857273,5,354,-0.9749279121818236,-0.2225209339563146,-0.20917350564635637,0.9778785428342386
2014-12-21,173833.40012841366,6,355,-0.7818314824680299,0.6234898018587334,-0.19232150523909483,0.9813319716704275
2014-12-22,204565.08183541152,0,356,0.0,1.0,-0.17541259380427843,0.9844950085880858
2014-12-23,316394.73085730925,1,357,0.7818314824680298,0.6234898018587336,-0.15845177496083632,0.9873667175937016
2014-12-24,486230.3201936276,2,358,0.9749279121818236,-0.22252093395631434,-0.14144406768794202,0.9899462489023779
2014-12-25,137686.5321006064,3,359,0.43388373911755823,-0.900968867902419,-0.12439450483979998,0.9922328391893008
2014-12-26,48102.962409030246,4,360,-0.433883739117558,-0.9009688679024191,-0.10730813165636247,0.9942258118156161
2014-12-27,110162.13198254806,5,361,-0.9749279121818236,-0.2225209339563146,-0.09019000427034513,0.9959245770286599
2014-12-28,69051.33709342037,6,362,-0.7818314824680299,0.6234898018587334,-0.07304518821104743,0.9973286321364752
2014-12-29,133307.36896282758,0,363,0.0,1.0,-0.05587875690537313,0.9984375616565666
2014-12-30,216389.50426885503,1,364,0.7818314824680298,0.6234898018587336,-0.03869579017652689,0.9992510374388481
2014-12-31,365055.3120127218,2,365,0.9749279121818236,-0.22252093395631434,-0.021501372740813793,0.999768818762748
2015-01-01,112161.41961675305,3,1,0.43388373911755823,-0.900968867902419,0.0,1.0
2015-01-02,271101.46167031274,4,2,-0.433883739117558,-0.9009688679024191,0.017201575418260506,0.9998520419557735
2015-01-03,245813.288312124,5,3,-0.9749279121818236,-0.2225209339563146,0.03439806061360801,0.9994082116062598
2015-01-04,178394.81199754868,6,4,-0.7818314824680299,0.6234898018587334,0.051584366869408364,0.9986686402879997
2015-01-05,220443.63148426503,0,5,0.0,1.0,0.06875540848113941,0.9976335468520451
2015-01-06,181534.18867267863,1,6,0.7818314824680298,0.6234898018587336,0.08590610426133272,0.9963032375991965
2015-01-07,83176.48139340024,2,7,0.9749279121818236,-0.22252093395631434,0.10303137904317879,0.9946781061893646
2015-01-08,76894.77934870537,3,8,0.43388373911755823,-0.900968867902419,0.1201261651823505,0.9927586335250793
2015-01-09,123859.38795673756,4,9,-0.433883739117558,-0.9009688679024191,0.13718540405660057,0.9905453876091833
2015-01-10,120807.57415832732,5,10,-0.9749279121818236,-0.2225209339563146,0.1542040475626894,0.988039023376751
2015-01-11,69597.36734933038,6,11,-0.7818314824680299,0.6234898018587334,0.17117705961019986,0.985240282501282
2015-01-12,84738.29441126013,0,12,0.0,1.0,0.18809941761179758,0.9821499931752291
2015-01-13,64653.972138140365,1,13,0.7818314824680298,0.6234898018587336,0.20496611396949532,0.9787690698649216
2015-01-14,59553.38603102025,2,14,0.9749279121818236,-0.22252093395631434,0.22177215755648186,0.975098513039961
2015-01-15,79080.75695773037,3,15,0.43388373911755823,-0.900968867902419,0.23851257519407648,0.9711394088771653
2015-01-16,149444.05678745394,4,16,-0.433883739117558,-0.9009688679024191,0.2551824131233728,0.9668929289391521
2015-01-17,170624.07993589152,5,17,-0.9749279121818236,-0.2225209339563146,0.2717767384711357,0.9623603298276545
2015-01-18,74744.28314926049,6,18,-0.7818314824680299,0.6234898018587334,0.2882906407095177,0.9575429528116719
2015-01-19,90144.16140148976,0,19,0.0,1.0,0.3047192331091634,0.9524422234305676
2015-01-20,97826.80880097904,1,20,0.7818314824680298,0.6234898018587336,0.321057654185271,0.9470596510722283
2015-01-21,62795.97914592037,2,21,0.9749279121818236,-0.22252093395631434,0.3373010691361842,0.9413968285264122
2015-01-22,66550.98982708037,3,22,0.43388373911755823,-0.900968867902419,0.3534446712740877,0.9354554315134164
2015-01-23,154670.89070075392,4,23,-0.433883739117558,-0.9009688679024191,0.3694836834473831,0.9292372181882051
2015-01-24,158722.10562536394,5,24,-0.9749279121818236,-0.2225209339563146,0.38541335945432564,0.9227440286201427
2015-01-25,78092.27692203049,6,25,-0.7818314824680299,0.6234898018587334,0.4012289854475009,0.9159777842484877
2015-01-26,91830.40204377988,0,26,0.0,1.0,0.4169258813287287,0.908940487313808
2015-01-27,76992.93568321048,1,27,0.7818314824680298,0.6234898018587336,0.4324994021339788,0.901634220265486
2015-01-28,59897.71587994037,2,28,0.9749279121818236,-0.22252093395631434,0.44794493940789115,0.8940611451454876
2015-01-29,57310.19404232036,3,29,0.43388373911755823,-0.900968867902419,0.4632579225674917,0.88622350294858
2015-01-30,134540.21446573758,4,30,-0.433883739117558,-0.9009688679024191,0.4784338202547012,0.8781236129591848
2015-01-31,200193.61199916032,5,31,-0.9749279121818236,-0.2225209339563146,0.49346814167723735,0.8697638720650646
2015-02-01,171469.93052966276,6,32,-0.7818314824680299,0.6234898018587334,0.5083564379375122,0.8611467540480452
2015-02-02,151737.21883246515,0,33,0.0,1.0,0.5230943033491326,0.8522748088519838
2015-02-03,102072.44340557892,1,34,0.7818314824680298,0.6234898018587336,0.5376773767406141,0.8431506618282
2015-02-04,82514.10512003038,2,35,0.9749279121818236,-0.22252093395631434,0.5521013427459208,0.8337770129585915
2015-02-05,46211.33245807025,3,36,0.43388373911755823,-0.900968867902419,0.5663619330814524,0.8241566360566663
2015-02-06,85730.41481046013,4,37,-0.433883739117558,-0.9009688679024191,0.580454927809098,0.8142923779467267
2015-02-07,105918.29329060845,5,38,-0.9749279121818236,-0.2225209339563146,0.5943761565849831,0.804187157621448
2015-02-08,73041.66087122049,6,39,-0.7818314824680299,0.6234898018587334,0.6081214998935418,0.7938439653781019
2015-02-09,97908.54709609869,0,40,0.0,1.0,0.6216868902665479,0.7832658619336791
2015-02-10,138667.41591113637,1,41,0.7818314824680298,0.6234898018587336,0.6350683134867438,0.7724559775191742
2015-02-11,162162.10351832397,2,42,0.9749279121818236,-0.22252093395631434,0.6482618097757122,0.7614175109532997
2015-02-12,138520.12680392637,3,43,0.43388373911755823,-0.900968867902419,0.6612634749656386,0.7501537286959042
2015-02-13,358597.4285091585,4,44,-0.433883739117558,-0.9009688679024191,0.6740694616546161,0.7386679638813748
2015-02-14,424009.8825170612,5,45,-0.9749279121818236,-0.2225209339563146,0.6866759803451553,0.726963615332308
2015-02-15,203861.47237812544,6,46,-0.7818314824680299,0.6234898018587334,0.6990793005655562,0.7150441465537444
2015-02-16,220506.20933281543,0,47,0.0,1.0,0.7112757519738152,0.7029130847082615
2015-02-17,139935.93697634517,1,48,0.7818314824680298,0.6234898018587336,0.7232617254437388,0.6905740195722294
2015-02-18,161064.75234488395,2,49,0.9749279121818236,-0.22252093395631434,0.7350336741329412,0.6780306024735382
2015-02-19,144328.54518998516,3,50,0.43388373911755823,-0.900968867902419,0.746588114532413,0.6652865452111116
2015-02-20,293071.7591964033,4,51,-0.433883739117558,-0.9009688679024191,0.7579216274973472,0.6523456189565257
2015-02-21,267782.1539619082,5,52,-0.9749279121818236,-0.2225209339563146,0.7690308592589181,0.6392116531380588
2015-02-22,136052.68842362516,6,53,-0.7818314824680299,0.6234898018587334,0.7799125224167177,0.6258885343075018
2015-02-23,86703.31409037916,0,54,0.0,1.0,0.7905633969115482,0.612380204990065
2015-02-24,95474.35736909964,1,55,0.7818314824680298,0.6234898018587336,0.8009803309782905,0.5986906625177214
2015-02-25,198431.6275269815,2,56,0.9749279121818236,-0.22252093395631434,0.8111602420785621,0.5848239578463322
2015-02-26,157291.73399894516,3,57,0.43388373911755823,-0.900968867902419,0.8211001178128892,0.5707841943569036
2015-02-27,307540.675156237,4,58,-0.433883739117558,-0.9009688679024191,0.8307970168121247,0.5565755266413303
2015-02-28,350898.7635102697,5,59,-0.9749279121818236,-0.2225209339563146,0.8402480696078469,0.5422021592729844
2015-03-01,256701.5427333406,6,60,-0.7818314824680299,0.6234898018587334,0.8494504794814806,0.527668345562516
2015-03-02,234705.59277910303,0,61,0.0,1.0,0.8584015232918917,0.512978386299228
2015-03-03,249380.56544757925,1,62,0.7818314824680298,0.6234898018587336,0.8670985522812081,0.4981366284784055
2015-03-04,258211.4441676979,2,63,0.9749279121818236,-0.22252093395631434,0.8755389928586302,0.4831474640149687
2015-03-05,145975.83394282515,3,64,0.43388373911755823,-0.900968867902419,0.8837203473619977,0.4680153284438345
2015-03-06,269239.8525836682,4,65,-0.433883739117558,-0.9009688679024191,0.8916401947968874,0.45274469960737107
2015-03-07,306920.21160129213,5,66,-0.9749279121818236,-0.2225209339563146,0.8992961915530253,0.4373400963303323
2015-03-08,122106.79562238636,6,67,-0.7818314824680299,0.6234898018587334,0.9066860720977985,0.4218060770826634
2015-03-09,117661.28079254708,0,68,0.0,1.0,0.9138076496466615,0.40614723863057883
2015-03-10,62499.79917156037,1,69,0.7818314824680298,0.6234898018587336,0.9206588168102428,0.3903682146763026
2015-03-11,57063.98412427037,2,70,0.9749279121818236,-0.22252093395631434,0.9272375462179537,0.374473674486883
2015-03-12,48008.48284166025,3,71,0.43388373911755823,-0.900968867902419,0.9335418911179212,0.35846832151248087
2015-03-13,117446.8391133083,4,72,-0.433883739117558,-0.9009688679024191,0.9395699859530622,0.342356891994542
2015-03-14,150591.54790083517,5,73,-0.9749279121818236,-0.2225209339563146,0.945320046913132,0.3261441535642696
2015-03-15,67152.47495364037,6,74,-0.7818314824680299,0.6234898018587334,0.9507903724625832,0.3098349038318025
2015-03-16,80635.28924859049,0,75,0.0,1.0,0.9559793438440766,0.2934339689665273
2015-03-17,50669.63709834037,1,76,0.7818314824680298,0.6234898018587336,0.9608854255574977,0.27694620226893646
2015-03-18,48648.99266494025,2,77,0.9749279121818236,-0.22252093395631434,0.9655071658143364,0.2603764827344581
2015-03-19,43213.177617650246,3,78,0.43388373911755823,-0.900968867902419,0.969843196967294,0.24372971360968387
2015-03-20,96881.0180945894,4,79,-0.433883739117558,-0.9009688679024191,0.9738922359149924,0.22701082094141847
2015-03-21,121360.88514123636,5,80,-0.9749279121818236,-0.2225209339563146,0.9776530844816641,0.2102247521189836
2015-03-22,66954.36637197038,6,81,-0.7818314824680299,0.6234898018587334,0.981124629771712,0.19337647441020586
2015-03-23,81342.15076393037,0,82,0.0,1.0,0.984305844499033,0.17647097349152166
2015-03-24,125060.70791173638,1,83,0.7818314824680298,0.6234898018587336,0.9871957872910085,0.15951325197263655
2015-03-25,253218.83124198424,2,84,0.9749279121818236,-0.22252093395631434,0.9897936029670716,0.14250832791617088
2015-03-26,229184.47188046668,3,85,0.43388373911755823,-0.900968867902419,0.992098522791769,0.12546123335273648
2015-03-27,354191.35095056973,4,86,-0.433883739117558,-0.9009688679024191,0.9941098647022418,0.10837701279187609
2015-03-28,459484.6666354864,5,87,-0.9749279121818236,-0.2225209339563146,0.9958270335100595,0.09126072172931188
2015-03-29,224102.88847081424,6,88,-0.7818314824680299,0.6234898018587334,0.9972495210773451,0.07411742515094437
2015-03-30,215203.5587823579,0,89,0.0,1.0,0.998376906467142,0.056952196034039754
2015-03-31,355534.912042067,1,90,0.7818314824680298,0.6234898018587336,0.9992088560679753,0.03977011384605572
2015-04-01,498894.3439301564,2,91,0.9749279121818236,-0.22252093395631434,0.9997451236925734,0.022576263041545485
2015-04-02,715032.189870243,3,92,0.43388373911755823,-0.900968867902419,0.9999855506507186,0.005375731557583884
2015-04-03,510289.2156051291,4,93,-0.433883739117558,-0.9009688679024191,0.9999300657962057,-0.011826390691832589
2015-04-04,400302.03949241096,5,94,-0.9749279121818236,-0.2225209339563146,0.9995786855478958,-0.029025013321975237
2015-04-05,135578.2034450376,6,95,-0.7818314824680299,0.6234898018587334,0.9989315138848577,-0.046215046983708354
2015-04-06,182466.25520866032,0,96,0.0,1.0,0.9979887423155984,-0.06339140486951038
2015-04-07,176814.2025694703,1,97,0.7818314824680298,0.6234898018587336,0.9967506498213929,-0.08054900421874167
2015-04-08,100917.6715651988,2,98,0.9749279121818236,-0.22252093395631434,0.9952176027737294,-0.09768276782171598
2015-04-09,74690.6727294505,3,99,0.43388373911755823,-0.900968867902419,0.9933900548258936,-0.11478762552212701
2015-04-10,114067.07710172748,4,100,-0.433883739117558,-0.9009688679024191,0.9912685467787256,-0.13185851571739118
2015-04-11,126507.80094116637,5,101,-0.9749279121818236,-0.2225209339563146,0.9888537064205885,-0.1488903868564548
2015-04-12,79648.6293946405,6,102,-0.7818314824680299,0.6234898018587334,0.986146248341595,-0.16587819893463143
2015-04-13,83137.43242759025,0,103,0.0,1.0,0.9831469737221499,-0.1828169249850199
2015-04-14,40776.02706167025,1,104,0.7818314824680298,0.6234898018587336,0.9798567700958665,-0.1997015525660636
2015-04-15,58278.45792605037,2,105,0.9749279121818236,-0.22252093395631434,0.9762766110869321,-0.21652708524481437
2015-04-16,50000.10144342024,3,106,0.43388373911755823,-0.900968867902419,0.9724075561219968,-0.23328854407545518
2015-04-17,103911.9190821282,4,107,-0.433883739117558,-0.9009688679024191,0.9682507501166718,-0.2499809690726521
2015-04-18,132843.22261657636,5,108,-0.9749279121818236,-0.2225209339563146,0.9638074231367307,-0.26659942067929354
2015-04-19,62786.61127718,6,109,-0.7818314824680299,0.6234898018587334,0.9590788900341131,-0.28313898122818354
2015-04-20,57233.40664156013,0,110,0.0,1.0,0.9540665500578387,-0.2995947563972602
2015-04-21,56874.34545501001,1,111,0.7818314824680298,0.6234898018587336,0.9487718864399473,-0.31596187665790293
2015-04-22,132737.73701689864,2,112,0.9749279121818236,-0.22252093395631434,0.9431964659565866,-0.33223549871590435
2015-04-23,60310.33894812001,3,113,0.43388373911755823,-0.900968867902419,0.9373419384643772,-0.3484108069446808
2015-04-24,343587.0084787192,4,114,-0.433883739117558,-0.9009688679024191,0.9312100364121947,-0.3644830148102912
2015-04-25,496882.31502370274,5,115,-0.9749279121818236,-0.2225209339563146,0.9248025743285089,-0.38044736628785164
2015-04-26,200369.82986166124,6,116,-0.7818314824680299,0.6234898018587334,0.9181214482844365,-0.39629913726891813
2015-04-27,194028.06181921624,0,117,0.0,1.0,0.9111686353326631,-0.41203363695942635
2015-04-28,190560.57918183244,1,118,0.7818314824680298,0.6234898018587336,0.9039461929224011,-0.42764620926777464
2015-04-29,198985.39962261243,2,119,0.9749279121818236,-0.22252093395631434,0.8964562582905575,-0.44313223418263453
2015-04-30,385482.8720257082,3,120,0.43388373911755823,-0.900968867902419,0.8887010478292915,-0.45848712914008766
2015-05-01,499703.4147180301,4,121,-0.433883739117558,-0.9009688679024191,0.8806828564301475,-0.47370635037968
2015-05-02,461667.00388101256,5,122,-0.9749279121818236,-0.2225209339563146,0.8724040568049612,-0.48878539428899265
2015-05-03,259541.60872151397,6,123,-0.7818314824680299,0.6234898018587334,0.8638670987837349,-0.503719798736334
2015-05-04,320309.2744015867,0,124,0.0,1.0,0.8550745085896932,-0.518505144391157
2015-05-05,239922.99815095015,1,125,0.7818314824680298,0.6234898018587336,0.8460288880917339,-0.533137056031809
2015-05-06,224994.19507015543,2,126,0.9749279121818236,-0.22252093395631434,0.8367329140344921,-0.5476112038402312
2015-05-07,117197.97172990369,3,127,0.43388373911755823,-0.900968867902419,0.8271893372462497,-0.5619233046832195
2015-05-08,330589.1998128597,4,128,-0.433883739117558,-0.9009688679024191,0.8174009818249189,-0.5760691233798758
2015-05-09,389972.11975571,5,129,-0.9749279121818236,-0.2225209339563146,0.8073707443023492,-0.5900444739548627
2015-05-10,166536.00026357028,6,130,-0.7818314824680299,0.6234898018587334,0.7971015927871943,-0.6038452208771035
2015-05-11,198442.9126538279,0,131,0.0,1.0,0.7865965660866021,-0.6174672802835514
2015-05-12,193182.1505527128,1,132,0.7818314824680298,0.6234898018587336,0.7758587728069828,-0.6309066211876704
2015-05-13,166403.1269958227,2,133,0.9749279121818236,-0.22252093395631434,0.7648913904341226,-0.6441592666722685
2015-05-14,149178.60148103395,3,134,0.43388373911755823,-0.900968867902419,0.753697664392914,-0.6572212950663319
2015-05-15,380592.5775834273,4,135,-0.433883739117558,-0.9009688679024191,0.742280907086982,-0.6700888411055113
2015-05-16,413700.1789323412,5,136,-0.9749279121818236,-0.2225209339563146,0.7306444969184916,-0.6827580970759147
2015-05-17,177159.67306561908,6,137,-0.7818314824680299,0.6234898018587334,0.7187918772884232,-0.6952253139408722
2015-05-18,196420.7635368479,0,138,0.0,1.0,0.7067265555776158,-0.7074868024503348
2015-05-19,137940.87216380518,1,139,0.7818314824680298,0.6234898018587336,0.6944521021088763,-0.719538934232584
2015-05-20,166176.28381159273,2,140,0.9749279121818236,-0.22252093395631434,0.6819721490904629,-0.7313781428679254
2015-05-21,84604.37757263916,3,141,0.43388373911755823,-0.900968867902419,0.6692903895412567,-0.7430009249440493
2015-05-22,321821.02028676093,4,142,-0.433883739117558,-0.9009688679024191,0.6564105761979381,-0.7544038410927472
2015-05-23,418715.41064993,5,143,-0.9749279121818236,-0.2225209339563146,0.6433365204044917,-0.765583517007675
2015-05-24,169541.2659473615,6,144,-0.7818314824680299,0.6234898018587334,0.6300720909843687,-0.7765366444428655
2015-05-25,256434.50993607423,0,145,0.0,1.0,0.6166212130956382,-0.7872599821916922
2015-05-26,199385.9124148703,1,146,0.7818314824680298,0.6234898018587336,0.6029878670694714,-0.7977503570459932
2015-05-27,243554.22433855545,2,147,0.9749279121818236,-0.22252093395631434,0.5891760872322963,-0.8080046647350754
2015-05-28,217746.01291984663,3,148,0.43388373911755823,-0.900968867902419,0.5751899607119775,-0.8180198708443175
2015-05-29,472160.7521097488,4,149,-0.433883739117558,-0.9009688679024191,0.5610336262283677,-0.8277930117131022
2015-05-30,546135.462415099,5,150,-0.9749279121818236,-0.2225209339563146,0.5467112728685939,-0.8373211953118121
2015-05-31,264637.3652797106,6,151,-0.7818314824680299,0.6234898018587334,0.5322271388474397,-0.8466016020976267
2015-06-01,440905.99870597,0,152,0.0,1.0,0.5175855102531889,-0.8556314858488706
2015-06-02,334318.8978331521,1,153,0.7818314824680298,0.6234898018587336,0.5027907197793043,-0.8644081744776648
2015-06-03,269835.828626803,2,154,0.9749279121818236,-0.22252093395631434,0.4878471454423119,-0.8729290708206411
2015-06-04,201146.4892798303,3,155,0.43388373911755823,-0.900968867902419,0.47275920928627757,-0.881191653407483
2015-06-05,293461.08393818577,4,156,-0.433883739117558,-0.9009688679024191,0.4575313760742512,-0.8891934772070711
2015-06-06,349413.00982046727,5,157,-0.9749279121818236,-0.2225209339563146,0.44216815196707204,-0.8969321743510065
2015-06-07,179602.9151631903,6,158,-0.7818314824680299,0.6234898018587334,0.42667408318992467,-0.9044054548343001
2015-06-08,109810.54567571808,0,159,0.0,1.0,0.4110537546870351,-0.9116111071930239
2015-06-09,76956.92035364964,1,160,0.7818314824680298,0.6234898018587336,0.3953117887649151,-0.9185469991587165
2015-06-10,71199.58840203952,2,161,0.9749279121818236,-0.22252093395631434,0.37945284372454435,-0.925211078289358
2015-06-11,68988.34667032477,3,162,0.43388373911755823,-0.900968867902419,0.36348161248290634,-0.9316013725767187
2015-06-12,155156.87922800638,4,163,-0.433883739117558,-0.9009688679024191,0.3474028211842774,-0.9377159910299093
2015-06-13,185109.52314601396,5,164,-0.9749279121818236,-0.2225209339563146,0.3312212278016865,-0.9435531242349544
2015-06-14,83779.54401080892,6,165,-0.7818314824680299,0.6234898018587334,0.31494162072895193,-0.9491110448902284
2015-06-15,149501.5745307576,0,166,0.0,1.0,0.2985688173637202,-0.9543881083175908
2015-06-16,100477.29679260368,1,167,0.7818314824680298,0.6234898018587336,0.2821076626819194,-0.9593827529490743
2015-06-17,89072.70534707917,2,168,0.9749279121818236,-0.22252093395631434,0.26556302780405594,-0.9640935007889755
2015-06-18,78746.59585751953,3,169,0.43388373911755823,-0.900968867902419,0.24893980855376657,-0.9685189578512204
2015-06-19,141913.38242954636,4,170,-0.433883739117558,-0.9009688679024191,0.23224292400907015,-0.9726578145718654
2015-06-20,169304.27828351516,5,171,-0.9749279121818236,-0.2225209339563146,0.21547731504673012,-0.976508846196619
2015-06-21,89512.24283606843,6,172,-0.7818314824680299,0.6234898018587334,0.19864794288017112,-0.9800709131432666
2015-06-22,85984.07533913916,0,173,0.0,1.0,0.18175978759137534,-0.9833429613388902
2015-06-23,64956.46207589964,1,174,0.7818314824680298,0.6234898018587336,0.16481784665719793,-0.9863240225317866
2015-06-24,106613.43283547854,2,175,0.9749279121818236,-0.22252093395631434,0.14782713347053048,-0.9890132145779883
2015-06-25,183843.81729524277,3,176,0.43388373911755823,-0.900968867902419,0.13079267585675922,-0.9914097417023038
2015-06-26,319579.7940943557,4,177,-0.433883739117558,-0.9009688679024191,0.11371951458594969,-0.9935128947338007
2015-06-27,369245.7587066497,5,178,-0.9749279121818236,-0.2225209339563146,0.0966127018812031,-0.9953220513156602
2015-06-28,185648.49109673031,6,179,-0.7818314824680299,0.6234898018587334,0.07947729992362097,-0.9968366760893436
2015-06-29,165557.76178385274,0,180,0.0,1.0,0.062318379354325076,-0.998056320853012
2015-06-30,212465.0832049415,1,181,0.7818314824680298,0.6234898018587336,0.04514101777397193,-0.9989806246941579
2015-07-01,305231.90808635816,2,182,0.9749279121818236,-0.22252093395631434,0.02795029824021032,-0.999609314096404
2015-07-02,250481.61765724423,3,183,0.43388373911755823,-0.900968867902419,0.01075130776352193,-0.9999422030204416
2015-07-03,268410.4807020094,4,184,-0.433883739117558,-0.9009688679024191,-0.00645086419810515,-0.9999791929590823
2015-07-04,316365.4987383921,5,185,-0.9749279121818236,-0.2225209339563146,-0.023651127245231586,-0.9997202729664083
2015-07-05,156873.04365826395,6,186,-0.7818314824680299,0.6234898018587334,-0.04084439154329611,-0.9991655196610109
2015-07-06,173987.75154080152,0,187,0.0,1.0,-0.05802556932878035,-0.9983150972033183
2015-07-07,135753.76604209637,1,188,0.7818314824680298,0.6234898018587336,-0.07518957641475855,-0.9971692572470178
2015-07-08,84426.50941202953,2,189,0.9749279121818236,-0.22252093395631434,-0.09233133369539122,-0.9957283388645872
2015-07-09,70815.19028553025,3,190,0.43388373911755823,-0.900968867902419,-0.10944576864891556,-0.993992768446958
2015-07-10,125983.15175354636,4,191,-0.433883739117558,-0.9009688679024191,-0.12652781683868314,-0.9919630595773397
2015-07-11,142378.18404122637,5,192,-0.9749279121818236,-0.2225209339563146,-0.1435724234118113,-0.9896398128792412
2015-07-12,57427.68070701013,6,193,-0.7818314824680299,0.6234898018587334,-0.16057454459499376,-0.9870237158387383
2015-07-13,63331.33100223037,0,194,0.0,1.0,-0.17752914918703497,-0.984115542601034
2015-07-14,51241.02855330037,1,195,0.7818314824680298,0.6234898018587336,-0.19443122004766195,-0.9809161537413774
2015-07-15,80326.44080925026,2,196,0.9749279121818236,-0.22252093395631434,-0.2112757555821793,-0.9774264960104055
2015-07-16,71912.56572806025,3,197,0.43388373911755823,-0.900968867902419,-0.2280577712215198,-0.9736476020539838
2015-07-17,119204.30953474635,4,198,-0.433883739117558,-0.9009688679024191,-0.24477230089725957,-0.9695805901076308
2015-07-18,129441.27865673638,5,199,-0.9749279121818236,-0.2225209339563146,-0.2614143985111562,-0.965226663665613
2015-07-19,77645.74993512024,6,200,-0.7818314824680299,0.6234898018587334,-0.2779791393987801,-0.9605871111248129
2015-07-20,69926.65036245,0,201,0.0,1.0,-0.2944616217868012,-0.9556633054034704
2015-07-21,71973.04430034013,1,202,0.7818314824680298,0.6234898018587336,-0.3108569682435036,-0.9504567035349151
2015-07-22,44304.898362210246,2,203,0.9749279121818236,-0.22252093395631434,-0.3271603271220951,-0.9449688462364056
2015-07-23,66799.7237304905,3,204,0.43388373911755823,-0.900968867902419,-0.34336687399638804,-0.939201357453208
2015-07-24,125689.59284090636,4,205,-0.433883739117558,-0.9009688679024191,-0.3594718130884232,-0.9331559438780432
2015-07-25,138624.94500363516,5,206,-0.9749279121818236,-0.2225209339563146,-0.3754703786876202,-0.9268343944460494
2015-07-26,81715.04533178038,6,207,-0.7818314824680299,0.6234898018587334,-0.3913578365610259,-0.9202385798054075
2015-07-27,86842.86135788013,0,208,0.0,1.0,-0.4071294853542516,-0.9133704517637858
2015-07-28,56976.785283900375,1,209,0.7818314824680298,0.6234898018587336,-0.4227806579826773,-0.9062320427107697
2015-07-29,53433.66802753037,2,210,0.9749279121818236,-0.22252093395631434,-0.4383067230125192,-0.898825465016444
2015-07-30,55134.08181838037,3,211,0.43388373911755823,-0.900968867902419,-0.45370308603134424,-0.8911529104063088
2015-07-31,145033.61079266516,4,212,-0.433883739117558,-0.9009688679024191,-0.46896519100763184,-0.8832166493127127
2015-08-01,173306.90648994275,5,213,-0.9749279121818236,-0.2225209339563146,-0.48408852163897587,-0.8750190302029955
2015-08-02,88154.33871239,6,214,-0.7818314824680299,0.6234898018587334,-0.4990686026885319,-0.8665624788845385
2015-08-03,81142.02784779038,0,215,0.0,1.0,-0.5139010013093103,-0.8578494977869301
2015-08-04,77672.8827777405,1,216,0.7818314824680298,0.6234898018587336,-0.5285813283559292,-0.8488826652214553
2015-08-05,75483.42255430049,2,217,0.9749279121818236,-0.22252093395631434,-0.5431052396834317,-0.8396646346181327
2015-08-06,74354.5701020405,3,218,0.43388373911755823,-0.900968867902419,-0.5574684374327892,-0.8301981337405212
2015-08-07,120326.87629269795,4,219,-0.433883739117558,-0.9009688679024191,-0.5716666713027052,-0.8204859638785327
2015-08-08,131867.99350401637,5,220,-0.9749279121818236,-0.2225209339563146,-0.5856957398073508,-0.8105309990194823
2015-08-09,75504.00274262049,6,221,-0.7818314824680299,0.6234898018587334,-0.5995514915196489,-0.8003361849976323
2015-08-10,69968.07769908049,0,222,0.0,1.0,-0.6132298262997502,-0.7899045386224707
2015-08-11,60187.14904728037,1,223,0.7818314824680298,0.6234898018587336,-0.6267266965083301,-0.7792391467859886
2015-08-12,44698.700751095246,2,224,0.9749279121818236,-0.22252093395631434,-0.6400381082043503,-0.7683431655492202
2015-08-13,39463.40905993025,3,225,0.43388373911755823,-0.900968867902419,-0.65316012232693,-0.7572198192083127
2015-08-14,85794.09690262025,4,226,-0.433883739117558,-0.9009688679024191,-0.666088855860977,-0.7458723993404063
2015-08-15,117288.01005380171,5,227,-0.9749279121818236,-0.2225209339563146,-0.6788204829862355,-0.734304263829602
2015-08-16,71056.06100378049,6,228,-0.7818314824680299,0.6234898018587334,-0.6913512362094071,-0.722518835873311
2015-08-17,64394.07445333037,0,229,0.0,1.0,-0.7036774074790128,-0.7105196029692745
2015-08-18,35165.972082725246,1,230,0.7818314824680298,0.6234898018587336,-0.7157953492826642,-0.6983101158835584
2015-08-19,23234.183195130125,2,231,0.9749279121818236,-0.22252093395631434,-0.7277014757264236,-0.6858939875998223
2015-08-20,24754.957181800124,3,232,0.43388373911755823,-0.900968867902419,-0.7393922635959241,-0.673274892250183
2015-08-21,76691.2830290555,4,233,-0.433883739117558,-0.9009688679024191,-0.7508642533989489,-0.6604565640279754
2015-08-22,102231.21179235782,5,234,-0.9749279121818236,-0.2225209339563146,-0.7621140503891487,-0.6474427960827475
2015-08-23,56974.86802579037,6,235,-0.7818314824680299,0.6234898018587334,-0.7731383255706026,-0.6342374393978054
2015-08-24,59442.73111516537,0,236,0.0,1.0,-0.7839338166829201,-0.620844401650647
2015-08-25,217683.36226402505,1,237,0.7818314824680298,0.6234898018587336,-0.7944973291665992,-0.6072676460566135
2015-08-26,275458.8068961961,2,238,0.9749279121818236,-0.22252093395631434,-0.8048257371083452,-0.593511190196115
2015-08-27,228731.86548652744,3,239,0.43388373911755823,-0.900968867902419,-0.8149159841660791,-0.5795791048257612
2015-08-28,387639.119999522,4,240,-0.433883739117558,-0.9009688679024191,-0.8247650844733614,-0.5654755126737576
2015-08-29,461188.0048517348,5,241,-0.9749279121818236,-0.2225209339563146,-0.8343701235229537,-0.5512045872199277
2015-08-30,202249.677169425,6,242,-0.7818314824680299,0.6234898018587334,-0.8437282590292712,-0.5367705514607103
2015-08-31,332559.76497908594,0,243,0.0,1.0,-0.8528367217694595,-0.522177676659508
2015-09-01,384806.7715819784,1,244,0.7818314824680298,0.6234898018587336,-0.8616928164028521,-0.5074302810827518
2015-09-02,345776.25028037594,2,245,0.9749279121818236,-0.22252093395631434,-0.8702939222685674,-0.49253272872205434
2015-09-03,271551.0951007561,3,246,0.43388373911755823,-0.900968867902419,-0.8786374941610001,-0.4774894280028391
2015-09-04,340440.20546208567,4,247,-0.433883739117558,-0.9009688679024191,-0.886721063082993,-0.46230483047981086
2015-09-05,364416.7315821381,5,248,-0.9749279121818236,-0.2225209339563146,-0.8945422369764496,-0.4469834295196741
2015-09-06,164719.60449161517,6,249,-0.7818314824680299,0.6234898018587334,-0.9020987014301837,-0.43152975897147144
2015-09-07,178921.09934873637,0,250,0.0,1.0,-0.9093882203647925,-0.4159483918249421
2015-09-08,70286.9978107705,1,251,0.7818314824680298,0.6234898018587336,-0.9164086366943458,-0.4002439388573056
2015-09-09,76013.67790171049,2,252,0.9749279121818236,-0.22252093395631434,-0.9231578729647039,-0.38442104726885545
2015-09-10,48406.78714674024,3,253,0.43388373911755823,-0.900968867902419,-0.9296339319682695,-0.3684843993077793
2015-09-11,85940.02694079,4,254,-0.433883739117558,-0.9009688679024191,-0.9358348973349941,-0.35243871088460327
2015-09-12,57381.75145418537,5,255,-0.9749279121818236,-0.2225209339563146,-0.9417589340994617,-0.33628873017668287
2015-09-13,32479.796394255125,6,256,-0.7818314824680299,0.6234898018587334,-0.9474042892438845,-0.32003923622313857
2015-09-14,52160.18393341537,0,257,0.0,1.0,-0.9527692922168511,-0.30369503751065885
2015-09-15,51002.83956949524,1,258,0.7818314824680298,0.6234898018587336,-0.9578523554276669,-0.28726097055059635
2015-09-16,30194.71595621512,2,259,0.9749279121818236,-0.22252093395631434,-0.9626519747161487,-0.2707418984477642
2015-09-17,29751.22260555512,3,260,0.43388373911755823,-0.900968867902419,-0.9671667297977312,-0.2541427094613622
2015-09-18,68504.63943753537,4,261,-0.433883739117558,-0.9009688679024191,-0.97139528468375,-0.23746831555846842
2015-09-19,68996.56175729049,5,262,-0.9749279121818236,-0.2225209339563146,-0.9753363880767837,-0.2207236509605022
2015-09-20,41855.928759400245,6,263,-0.7818314824680299,0.6234898018587334,-0.9789888737409319,-0.20391367068311472
2015-09-21,44303.46648590024,0,264,0.0,1.0,-0.9823516608469237,-0.18704334906991657
2015-09-22,46599.298130810246,1,265,0.7818314824680298,0.6234898018587336,-0.9854237542919524,-0.17011767832049052
2015-09-23,125182.75716534758,2,266,0.9749279121818236,-0.22252093395631434,-0.9882042449941422,-0.15314166701312007
2015-09-24,150036.8050416176,3,267,0.43388373911755823,-0.900968867902419,-0.9906923101615609,-0.13612033862266704
2015-09-25,368037.6919446588,4,268,-0.433883739117558,-0.9009688679024191,-0.9928872135356962,-0.11905873003404988
2015-09-26,351319.63806908,5,269,-0.9749279121818236,-0.2225209339563146,-0.994788305609327,-0.10196189005174576
2015-09-27,163289.93666880394,6,270,-0.7818314824680299,0.6234898018587334,-0.9963950238187231,-0.08483487790576538
2015-09-28,190892.4589875764,0,271,0.0,1.0,-0.9977068927101168,-0.06768276175455162
2015-09-29,143082.1332657676,1,272,0.7818314824680298,0.6234898018587336,-0.9987235240803972,-0.050510617185222886
2015-09-30,323548.7853420688,2,273,0.9749279121818236,-0.22252093395631434,-0.9994446170919858,-0.033323525711631344
2015-10-01,402312.33315894654,3,274,0.43388373911755823,-0.900968867902419,-0.9998699583618592,-0.016126573270657762
2015-10-02,393635.174854894,4,275,-0.433883739117558,-0.9009688679024191,-0.9999994220246925,0.001075151282798226
2015-10-03,451100.060076857,5,276,-0.9749279121818236,-0.2225209339563146,-0.999832969770105,0.018276557681691223
2015-10-04,202902.6249013252,6,277,-0.7818314824680299,0.6234898018587334,-0.9993706508539969,0.03547255575312556
2015-10-05,294557.6463662238,0,278,0.0,1.0,-0.9986126020839734,0.052658056924614005
2015-10-06,221618.32824753012,1,279,0.7818314824680298,0.6234898018587336,-0.9975590477788613,0.06982797572987089
2015-10-07,63968.38248018537,2,280,0.9749279121818236,-0.22252093395631434,-0.9962102997023297,0.0869772313136861
2015-10-08,59609.54470528037,3,281,0.43388373911755823,-0.900968867902419,-0.9945667569706337,0.1041007489354256
2015-10-09,126588.25297451638,4,282,-0.433883739117558,-0.9009688679024191,-0.9926289059345095,0.121193461470736
2015-10-10,119755.01159048088,5,283,-0.9749279121818236,-0.2225209339563146,-0.9903973200352558,0.1382503109109819
2015-10-11,57413.41048209037,6,284,-0.7818314824680299,0.6234898018587334,-0.9878726596350429,0.15526624985999563
2015-10-12,57749.13693860537,0,285,0.0,1.0,-0.9850556718215013,0.172236243027682
2015-10-13,40140.82003455524,1,286,0.7818314824680298,0.6234898018587336,-0.981947190186646,0.18915526872004093
2015-10-14,42195.81736485025,2,287,0.9749279121818236,-0.22252093395631434,-0.9785481345802031,0.20601832032517084
2015-10-15,53490.797465390366,3,288,0.43388373911755823,-0.900968867902419,-0.9748595108374125,0.22282040779479959
2015-10-16,110809.31580557744,4,289,-0.433883739117558,-0.9009688679024191,-0.9708824104813836,0.23955655912092708
2015-10-17,111527.01346960258,5,290,-0.9749279121818236,-0.2225209339563146,-0.9666180104000972,0.2562218218071163
2015-10-18,59808.13866875037,6,291,-0.7818314824680299,0.6234898018587334,-0.9620675724981452,0.27281126433401914
2015-10-19,55166.226228085376,0,292,0.0,1.0,-0.957232443323312,0.28931997761869527
2015-10-20,42054.680471955246,1,293,0.7818314824680298,0.6234898018587336,-0.9521140536681102,0.3057430764672831
2015-10-21,53678.179109280245,2,294,0.9749279121818236,-0.22252093395631434,-0.9467139181463862,0.3220757010206104
2015-10-22,55930.16864310537,3,295,0.43388373911755823,-0.900968867902419,-0.9410336347451197,0.3383130181923076
2015-10-23,185771.00146306364,4,296,-0.433883739117558,-0.9009688679024191,-0.9350748843515574,0.3544502230989869
2015-10-24,253116.91319854016,5,297,-0.9749279121818236,-0.2225209339563146,-0.9288394302558068,0.3704825404820963
2015-10-25,118618.45370215292,6,298,-0.7818314824680299,0.6234898018587334,-0.9223291176290545,0.3864052261209853
2015-10-26,123320.78404237363,0,299,0.0,1.0,-0.9155458729775467,0.40221356823680365
2015-10-27,117051.27721540268,1,300,0.7818314824680298,0.6234898018587336,-0.9084917035725082,0.41790288888678667
2015-10-28,159299.98906190018,2,301,0.9749279121818236,-0.22252093395631434,-0.9011686968561569,0.4334685453485363
2015-10-29,119047.40986790293,3,302,0.43388373911755823,-0.900968867902419,-0.8935790198239952,0.4489059314938798
2015-10-30,285081.9743284353,4,303,-0.433883739117558,-0.9009688679024191,-0.8857249183835637,0.4642104791518923
2015-10-31,391656.2125835714,5,304,-0.9749279121818236,-0.2225209339563146,-0.8776087166898392,0.4793776594606945
2015-11-01,274814.77805485035,6,305,-0.7818314824680299,0.6234898018587334,-0.8692328164574792,0.49440298420761813
2015-11-02,269555.02312096773,0,306,0.0,1.0,-0.8605996962501181,0.5092820071573356
2015-11-03,192001.03461514864,1,307,0.7818314824680298,0.6234898018587336,-0.8517119107469189,0.5240103253675756
2015-11-04,201367.78697700132,2,308,0.9749279121818236,-0.22252093395631434,-0.8425720899866032,0.5385835804920232
2015-11-05,111874.55897295268,3,309,0.43388373911755823,-0.900968867902419,-0.8331829385891785,0.5529974600700271
2015-11-06,214540.3330908476,4,310,-0.433883739117558,-0.9009688679024191,-0.8235472349556007,0.5672476988027229
2015-11-07,280264.24446527625,5,311,-0.9749279121818236,-0.2225209339563146,-0.8136678304455991,0.5813300798152042
2015-11-08,134136.72870994985,6,312,-0.7818314824680299,0.6234898018587334,-0.8035476485339116,0.5952404359043674
2015-11-09,94243.46552793356,0,313,0.0,1.0,-0.7931896839451843,0.6089746507720486
2015-11-10,131436.19785473638,1,314,0.7818314824680298,0.6234898018587336,-0.7825970017677834,0.6225286602431057
2015-11-11,147893.94147097637,2,315,0.9749279121818236,-0.22252093395631434,-0.7717727365467837,0.6358984534680745
2015-11-12,140238.3905104714,3,316,0.43388373911755823,-0.900968867902419,-0.7607200913564104,0.6490800741100398
2015-11-13,358183.774004685,4,317,-0.433883739117558,-0.9009688679024191,-0.7494423368521953,0.6620696215153815
2015-11-14,377937.13869747263,5,318,-0.9749279121818236,-0.2225209339563146,-0.7379428103031386,0.6748632518680403
2015-11-15,168729.96240320895,6,319,-0.7818314824680299,0.6234898018587334,-0.7262249146041543,0.6874571793269664
2015-11-16,177192.56981712018,0,320,0.0,1.0,-0.7142921172691032,0.699847677146407
2015-11-17,152368.74909244638,1,321,0.7818314824680298,0.6234898018587336,-0.7021479494046978,0.7120310787787131
2015-11-18,147471.80491951638,2,322,0.9749279121818236,-0.22252093395631434,-0.6897960046655887,0.7240037789593305
2015-11-19,145697.1519823564,3,323,0.43388373911755823,-0.900968867902419,-0.6772399381909491,0.7357622347736527
2015-11-20,301033.98651272245,4,324,-0.433883739117558,-0.9009688679024191,-0.6644834655228552,0.7473029667054297
2015-11-21,309518.07207128487,5,325,-0.9749279121818236,-0.2225209339563146,-0.6515303615068021,0.75862255966641
2015-11-22,152504.63172735393,6,326,-0.7818314824680299,0.6234898018587334,-0.6383844591746642,0.769717664006921
2015-11-23,79711.58341410049,0,327,0.0,1.0,-0.6250496486104377,0.7805849965070866
2015-11-24,111021.37911399869,1,328,0.7818314824680298,0.6234898018587336,-0.6115298757991053,0.7912213413483807
2015-11-25,243161.2592332888,2,329,0.9749279121818236,-0.22252093395631434,-0.5978291414589552,0.801623551065242
2015-11-26,311443.18123189744,3,330,0.43388373911755823,-0.900968867902419,-0.5839514998576998,0.8117885474764613
2015-11-27,375876.0134219526,4,331,-0.433883739117558,-0.9009688679024191,-0.5699010576127624,0.821713322596059
2015-11-28,434639.6589952693,5,332,-0.9749279121818236,-0.2225209339563146,-0.5556819724760489,0.8313949395234058
2015-11-29,238637.8163554564,6,333,-0.7818314824680299,0.6234898018587334,-0.5412984521036173,0.8408305333122887
2015-11-30,260653.6669634964,0,334,0.0,1.0,-0.5267547528105542,0.8500173118187018
2015-12-01,262394.7800182788,1,335,0.7818314824680298,0.6234898018587336,-0.5120551783114646,0.8589525565270845
2015-12-02,248437.71130109383,2,336,0.9749279121818236,-0.22252093395631434,-0.4972040784469378,0.8676336233547726
2015-12-03,201048.830461674,3,337,0.43388373911755823,-0.900968867902419,-0.4822058478963526,0.8760579434344281
2015-12-04,317690.76093605126,4,338,-0.433883739117558,-0.9009688679024191,-0.46706492487743034,0.8842230238742036
2015-12-05,378527.8726171638,5,339,-0.9749279121818236,-0.2225209339563146,-0.451785789832884,0.8921264484954345
2015-12-06,195425.3910795952,6,340,-0.7818314824680299,0.6234898018587334,-0.4363729641045924,0.8997658785476209
2015-12-07,90441.60336852976,0,341,0.0,1.0,-0.42083100859565564,0.9071390534005044
2015-12-08,117649.00063301293,1,342,0.7818314824680298,0.6234898018587336,-0.4051645224207563,0.9142437912130223
2015-12-09,141285.39545671365,2,343,0.9749279121818236,-0.22252093395631434,-0.3893781415452015,0.9210779895789526
2015-12-10,133183.69368019365,3,344,0.43388373911755823,-0.900968867902419,-0.37347653741307074,0.9276396261490467
2015-12-11,229672.2563203924,4,345,-0.433883739117558,-0.9009688679024191,-0.3574644155648614,0.9339267592294762
2015-12-12,333488.79787882004,5,346,-0.9749279121818236,-0.2225209339563146,-0.34134651424503615,0.9399375283564133
2015-12-13,185422.88563610363,6,347,-0.7818314824680299,0.6234898018587334,-0.3251276029999093,0.9456701548465688
2015-12-14,173833.13316842366,0,348,0.0,1.0,-0.30881248126625377,0.9511229423235357
2015-12-15,220271.7213852452,1,349,0.7818314824680298,0.6234898018587336,-0.29240597695107734,0.9562942772197719
2015-12-16,234468.0711952864,2,350,0.9749279121818236,-0.22252093395631434,-0.27591294500296043,0.9611826292540837
2015-12-17,213778.1380503052,3,351,0.43388373911755823,-0.900968867902419,-0.2593382659754056,0.9657865518844574
2015-12-18,273563.0147962938,4,352,-0.433883739117558,-0.9009688679024191,-0.2426868445825954,0.9701046827361175
2015-12-19,337506.78841922,5,353,-0.9749279121818236,-0.2225209339563146,-0.22596360824801906,0.974135744004672
2015-12-20,155312.78386216637,6,354,-0.7818314824680299,0.6234898018587334,-0.20917350564635637,0.9778785428342386
2015-12-21,289243.3830561976,0,355,0.0,1.0,-0.19232150523909483,0.9813319716704275
2015-12-22,313125.3325325176,1,356,0.7818314824680298,0.6234898018587336,-0.17541259380427843,0.9844950085880858
2015-12-23,268330.3927050155,2,357,0.9749279121818236,-0.22252093395631434,-0.15845177496083632,0.9873667175937016
2015-12-24,392228.1379584823,3,358,0.43388373911755823,-0.900968867902419,-0.14144406768794202,0.9899462489023779
2015-12-25,133728.98372885137,4,359,-0.433883739117558,-0.9009688679024191,-0.12439450483979998,0.9922328391893008
2015-12-26,82778.44404831037,5,360,-0.9749279121818236,-0.2225209339563146,-0.10730813165636247,0.9942258118156161
2015-12-27,69522.83697394037,6,361,-0.7818314824680299,0.6234898018587334,-0.09019000427034513,0.9959245770286599
2015-12-28,133021.27279536257,0,362,0.0,1.0,-0.07304518821104743,0.9973286321364752
2015-12-29,161267.5205918376,1,363,0.7818314824680298,0.6234898018587336,-0.05587875690537313,0.9984375616565666
2015-12-30,208583.2179903552,2,364,0.9749279121818236,-0.22252093395631434,-0.03869579017652689,0.9992510374388481
2015-12-31,325457.52500147885,3,365,0.43388373911755823,-0.900968867902419,-0.021501372740813793,0.999768818762748
2016-01-01,111650.23977407868,4,1,-0.433883739117558,-0.9009688679024191,0.0,1.0
2016-01-02,262421.2818645576,5,2,-0.9749279121818236,-0.2225209339563146,0.017201575418260506,0.9998520419557735
2016-01-03,164527.53891335515,6,3,-0.7818314824680299,0.6234898018587334,0.03439806061360801,0.9994082116062598
2016-01-04,274990.1464991988,0,4,0.0,1.0,0.051584366869408364,0.9986686402879997
2016-01-05,215737.84279871397,1,5,0.7818314824680298,0.6234898018587336,0.06875540848113941,0.9976335468520451
2016-01-06,98646.9826975288,2,6,0.9749279121818236,-0.22252093395631434,0.08590610426133272,0.9963032375991965
2016-01-07,74401.21529302049,3,7,0.43388373911755823,-0.900968867902419,0.10303137904317879,0.9946781061893646
2016-01-08,106592.34299626794,4,8,-0.433883739117558,-0.9009688679024191,0.1201261651823505,0.9927586335250793
2016-01-09,134629.65819693016,5,9,-0.9749279121818236,-0.2225209339563146,0.13718540405660057,0.9905453876091833
2016-01-10,90773.65305790916,6,10,-0.7818314824680299,0.6234898018587334,0.1542040475626894,0.988039023376751
2016-01-11,121373.06822441636,0,11,0.0,1.0,0.17117705961019986,0.985240282501282
2016-01-12,99445.55710397915,1,12,0.7818314824680298,0.6234898018587336,0.18809941761179758,0.9821499931752291
2016-01-13,67587.54693007037,2,13,0.9749279121818236,-0.22252093395631434,0.20496611396949532,0.9787690698649216
2016-01-14,61685.93523841037,3,14,0.43388373911755823,-0.900968867902419,0.22177215755648186,0.975098513039961
2016-01-15,150006.92979182393,4,15,-0.433883739117558,-0.9009688679024191,0.23851257519407648,0.9711394088771653
2016-01-16,191287.35348550288,5,16,-0.9749279121818236,-0.2225209339563146,0.2551824131233728,0.9668929289391521
2016-01-17,92595.46083693916,6,17,-0.7818314824680299,0.6234898018587334,0.2717767384711357,0.9623603298276545
2016-01-18,96947.05428847916,0,18,0.0,1.0,0.2882906407095177,0.9575429528116719
2016-01-19,70512.8945004905,1,19,0.7818314824680298,0.6234898018587336,0.3047192331091634,0.9524422234305676
2016-01-20,159590.49006920136,2,20,0.9749279121818236,-0.22252093395631434,0.321057654185271,0.9470596510722283
2016-01-21,67046.27341580037,3,21,0.43388373911755823,-0.900968867902419,0.3373010691361842,0.9413968285264122
2016-01-22,266949.23879314214,4,22,-0.433883739117558,-0.9009688679024191,0.3534446712740877,0.9354554315134164
2016-01-23,315272.2247721219,5,23,-0.9749279121818236,-0.2225209339563146,0.3694836834473831,0.9292372181882051
2016-01-24,149138.92151888515,6,24,-0.7818314824680299,0.6234898018587334,0.38541335945432564,0.9227440286201427
2016-01-25,215171.03820177,0,25,0.0,1.0,0.4012289854475009,0.9159777842484877
2016-01-26,205197.8983571688,1,26,0.7818314824680298,0.6234898018587336,0.4169258813287287,0.908940487313808
2016-01-27,214452.24842869505,2,27,0.9749279121818236,-0.22252093395631434,0.4324994021339788,0.901634220265486
2016-01-28,195767.9735540376,3,28,0.43388373911755823,-0.900968867902419,0.44794493940789115,0.8940611451454876
2016-01-29,397984.32926288777,4,29,-0.433883739117558,-0.9009688679024191,0.4632579225674917,0.88622350294858
2016-01-30,512603.10345302336,5,30,-0.9749279121818236,-0.2225209339563146,0.4784338202547012,0.8781236129591848
2016-01-31,218104.06693917137,6,31,-0.7818314824680299,0.6234898018587334,0.49346814167723735,0.8697638720650646
2016-02-01,339004.33688676247,0,32,0.0,1.0,0.5083564379375122,0.8611467540480452
2016-02-02,278116.3693275634,1,33,0.7818314824680298,0.6234898018587336,0.5230943033491326,0.8522748088519838
2016-02-03,264159.3006103735,2,34,0.9749279121818236,-0.22252093395631434,0.5376773767406141,0.8431506618282
2016-02-04,197778.1337405588,3,35,0.43388373911755823,-0.900968867902419,0.5521013427459208,0.8337770129585915
2016-02-05,325749.00890694687,4,36,-0.433883739117558,-0.9009688679024191,0.5663619330814524,0.8241566360566663
2016-02-06,371561.9763872143,5,37,-0.9749279121818236,-0.2225209339563146,0.580454927809098,0.8142923779467267
2016-02-07,174581.6768458314,6,38,-0.7818314824680299,0.6234898018587334,0.5943761565849831,0.804187157621448
2016-02-08,208489.36941933123,0,39,0.0,1.0,0.6081214998935418,0.7938439653781019
2016-02-09,84495.16666764012,1,40,0.7818314824680298,0.6234898018587336,0.6216868902665479,0.7832658619336791
2016-02-10,76661.25003017939,2,41,0.9749279121818236,-0.22252093395631434,0.6350683134867438,0.7724559775191742
2016-02-11,64034.940459509766,3,42,0.43388373911755823,-0.900968867902419,0.6482618097757122,0.7614175109532997
2016-02-12,148839.97486826516,4,43,-0.433883739117558,-0.9009688679024191,0.6612634749656386,0.7501537286959042
2016-02-13,172541.50792952394,5,44,-0.9749279121818236,-0.2225209339563146,0.6740694616546161,0.7386679638813748
2016-02-14,87991.66300211854,6,45,-0.7818314824680299,0.6234898018587334,0.6866759803451553,0.726963615332308
2016-02-15,123445.38155042758,0,46,0.0,1.0,0.6990793005655562,0.7150441465537444
2016-02-16,77344.6918736694,1,47,0.7818314824680298,0.6234898018587336,0.7112757519738152,0.7029130847082615
2016-02-17,158963.02488179517,2,48,0.9749279121818236,-0.22252093395631434,0.7232617254437388,0.6905740195722294
2016-02-18,69598.07115293965,3,49,0.43388373911755823,-0.900968867902419,0.7350336741329412,0.6780306024735382
2016-02-19,161275.60219880517,4,50,-0.433883739117558,-0.9009688679024191,0.746588114532413,0.6652865452111116
2016-02-20,325215.07679238246,5,51,-0.9749279121818236,-0.2225209339563146,0.7579216274973472,0.6523456189565257
2016-02-21,96957.29584445809,6,52,-0.7818314824680299,0.6234898018587334,0.7690308592589181,0.6392116531380588
2016-02-22,85224.4770912288,0,53,0.0,1.0,0.7799125224167177,0.6258885343075018
2016-02-23,54612.87884153988,1,54,0.7818314824680298,0.6234898018587336,0.7905633969115482,0.612380204990065
2016-02-24,81530.61238232465,2,55,0.9749279121818236,-0.22252093395631434,0.8009803309782905,0.5986906625177214
2016-02-25,160947.5326401876,3,56,0.43388373911755823,-0.900968867902419,0.8111602420785621,0.5848239578463322
2016-02-26,188736.24741743517,4,57,-0.433883739117558,-0.9009688679024191,0.8211001178128892,0.5707841943569036
2016-02-27,215951.507867074,5,58,-0.9749279121818236,-0.2225209339563146,0.8307970168121247,0.5565755266413303
2016-02-28,134995.8544959426,6,59,-0.7818314824680299,0.6234898018587334,0.8402480696078469,0.5422021592729844
2016-02-29,163079.3780439676,0,60,0.0,1.0,0.8494504794814806,0.527668345562516
2016-03-01,180828.6740918264,1,61,0.7818314824680298,0.6234898018587336,0.8584015232918917,0.512978386299228
2016-03-02,171196.17519446637,2,62,0.9749279121818236,-0.22252093395631434,0.8670985522812081,0.4981366284784055
2016-03-03,129719.0505263338,3,63,0.43388373911755823,-0.900968867902419,0.8755389928586302,0.4831474640149687
2016-03-04,142127.6420906126,4,64,-0.433883739117558,-0.9009688679024191,0.8837203473619977,0.4680153284438345
2016-03-05,152124.4078943276,5,65,-0.9749279121818236,-0.2225209339563146,0.8916401947968874,0.45274469960737107
2016-03-06,74132.78702307428,6,66,-0.7818314824680299,0.6234898018587334,0.8992961915530253,0.4373400963303323
2016-03-07,91143.02860770928,0,67,0.0,1.0,0.9066860720977985,0.4218060770826634
2016-03-08,60528.093358145,1,68,0.7818314824680298,0.6234898018587336,0.9138076496466615,0.40614723863057883
2016-03-09,38340.59961108024,2,69,0.9749279121818236,-0.22252093395631434,0.9206588168102428,0.3903682146763026
2016-03-10,37453.006182510246,3,70,0.43388373911755823,-0.900968867902419,0.9272375462179537,0.374473674486883
2016-03-11,77997.04501286939,4,71,-0.433883739117558,-0.9009688679024191,0.9335418911179212,0.35846832151248087
2016-03-12,79752.28267802928,5,72,-0.9749279121818236,-0.2225209339563146,0.9395699859530622,0.342356891994542
2016-03-13,37155.58848456025,6,73,-0.7818314824680299,0.6234898018587334,0.945320046913132,0.3261441535642696
2016-03-14,45046.51321443024,0,74,0.0,1.0,0.9507903724625832,0.3098349038318025
2016-03-15,55489.33275780024,1,75,0.7818314824680298,0.6234898018587336,0.9559793438440766,0.2934339689665273
2016-03-16,41893.30315800024,2,76,0.9749279121818236,-0.22252093395631434,0.9608854255574977,0.27694620226893646
2016-03-17,34348.504189710126,3,77,0.43388373911755823,-0.900968867902419,0.9655071658143364,0.2603764827344581
2016-03-18,78276.83121693452,4,78,-0.433883739117558,-0.9009688679024191,0.969843196967294,0.24372971360968387
2016-03-19,92851.4026600788,5,79,-0.9749279121818236,-0.2225209339563146,0.9738922359149924,0.22701082094141847
2016-03-20,54845.78929827025,6,80,-0.7818314824680299,0.6234898018587334,0.9776530844816641,0.2102247521189836
2016-03-21,48037.79990238025,0,81,0.0,1.0,0.981124629771712,0.19337647441020586
2016-03-22,65905.72326216001,1,82,0.7818314824680298,0.6234898018587336,0.984305844499033,0.17647097349152166
2016-03-23,84870.05130086976,2,83,0.9749279121818236,-0.22252093395631434,0.9871957872910085,0.15951325197263655
2016-03-24,262459.5056813039,3,84,0.43388373911755823,-0.900968867902419,0.9897936029670716,0.14250832791617088
2016-03-25,228124.39802927396,4,85,-0.433883739117558,-0.9009688679024191,0.992098522791769,0.12546123335273648
2016-03-26,162929.49214412636,5,86,-0.9749279121818236,-0.2225209339563146,0.9941098647022418,0.10837701279187609
2016-03-27,58359.83218482013,6,87,-0.7818314824680299,0.6234898018587334,0.9958270335100595,0.09126072172931188
2016-03-28,85605.33192059916,0,88,0.0,1.0,0.9972495210773451,0.07411742515094437
2016-03-29,84836.41434212928,1,89,0.7818314824680298,0.6234898018587336,0.998376906467142,0.056952196034039754
2016-03-30,64308.91421652049,2,90,0.9749279121818236,-0.22252093395631434,0.9992088560679753,0.03977011384605572
2016-03-31,131168.4855229476,3,91,0.43388373911755823,-0.900968867902419,0.9997451236925734,0.022576263041545485
2016-04-01,232410.19797781543,4,92,-0.433883739117558,-0.9009688679024191,0.9999855506507186,0.005375731557583884
2016-04-02,195831.0974571179,5,93,-0.9749279121818236,-0.2225209339563146,0.9999300657962057,-0.011826390691832589
2016-04-03,90716.54788913988,6,94,-0.7818314824680299,0.6234898018587334,0.9995786855478958,-0.029025013321975237
2016-04-04,131638.01960717636,0,95,0.0,1.0,0.9989315138848577,-0.046215046983708354
2016-04-05,81910.87261898941,1,96,0.7818314824680298,0.6234898018587336,0.9979887423155984,-0.06339140486951038
2016-04-06,54821.90851370989,2,97,0.9749279121818236,-0.22252093395631434,0.9967506498213929,-0.08054900421874167
2016-04-07,155615.4194144664,3,98,0.43388373911755823,-0.900968867902419,0.9952176027737294,-0.09768276782171598
2016-04-08,264086.89378035,4,99,-0.433883739117558,-0.9009688679024191,0.9933900548258936,-0.11478762552212701
2016-04-09,272761.2975426888,5,100,-0.9749279121818236,-0.2225209339563146,0.9912685467787256,-0.13185851571739118
2016-04-10,104689.42791845856,6,101,-0.7818314824680299,0.6234898018587334,0.9888537064205885,-0.1488903868564548
2016-04-11,131170.59693377637,0,102,0.0,1.0,0.986146248341595,-0.16587819893463143
2016-04-12,123179.4894003888,1,103,0.7818314824680298,0.6234898018587336,0.9831469737221499,-0.1828169249850199
2016-04-13,124431.0463716888,2,104,0.9749279121818236,-0.22252093395631434,0.9798567700958665,-0.1997015525660636
2016-04-14,162166.83599087514,3,105,0.43388373911755823,-0.900968867902419,0.9762766110869321,-0.21652708524481437
2016-04-15,354042.0232398288,4,106,-0.433883739117558,-0.9009688679024191,0.9724075561219968,-0.23328854407545518
2016-04-16,327352.26139595883,5,107,-0.9749279121818236,-0.2225209339563146,0.9682507501166718,-0.2499809690726521
2016-04-17,164809.30304825393,6,108,-0.7818314824680299,0.6234898018587334,0.9638074231367307,-0.26659942067929354
2016-04-18,151157.79430871515,0,109,0.0,1.0,0.9590788900341131,-0.28313898122818354
2016-04-19,126895.93649753758,1,110,0.7818314824680298,0.6234898018587336,0.9540665500578387,-0.2995947563972602
2016-04-20,166395.44582884014,2,111,0.9749279121818236,-0.22252093395631434,0.9487718864399473,-0.31596187665790293
2016-04-21,167796.35478000136,3,112,0.43388373911755823,-0.900968867902419,0.9431964659565866,-0.33223549871590435
2016-04-22,351146.0169992443,4,113,-0.433883739117558,-0.9009688679024191,0.9373419384643772,-0.3484108069446808
2016-04-23,420738.8217596446,5,114,-0.9749279121818236,-0.2225209339563146,0.9312100364121947,-0.3644830148102912
2016-04-24,186166.1507864388,6,115,-0.7818314824680299,0.6234898018587334,0.9248025743285089,-0.38044736628785164
2016-04-25,251449.52963919108,0,116,0.0,1.0,0.9181214482844365,-0.39629913726891813
2016-04-26,280321.8107467659,1,117,0.7818314824680298,0.6234898018587336,0.9111686353326631,-0.41203363695942635
2016-04-27,313434.9333136646,2,118,0.9749279121818236,-0.22252093395631434,0.9039461929224011,-0.42764620926777464
2016-04-28,257324.60308093973,3,119,0.43388373911755823,-0.900968867902419,0.8964562582905575,-0.44313223418263453
2016-04-29,455554.3360482295,4,120,-0.433883739117558,-0.9009688679024191,0.8887010478292915,-0.45848712914008766
2016-04-30,556865.2032750524,5,121,-0.9749279121818236,-0.2225209339563146,0.8806828564301475,-0.47370635037968
2016-05-01,354856.0449220869,6,122,-0.7818314824680299,0.6234898018587334,0.8724040568049612,-0.48878539428899265
2016-05-02,283284.5812539708,0,123,0.0,1.0,0.8638670987837349,-0.503719798736334
2016-05-03,297500.67396872584,1,124,0.7818314824680298,0.6234898018587336,0.8550745085896932,-0.518505144391157
2016-05-04,285968.4877825197,2,125,0.9749279121818236,-0.22252093395631434,0.8460288880917339,-0.533137056031809
2016-05-05,237946.6326722637,3,126,0.43388373911755823,-0.900968867902419,0.8367329140344921,-0.5476112038402312
2016-05-06,340851.5058648595,4,127,-0.433883739117558,-0.9009688679024191,0.8271893372462497,-0.5619233046832195
2016-05-07,388187.60143352806,5,128,-0.9749279121818236,-0.2225209339563146,0.8174009818249189,-0.5760691233798758
2016-05-08,139178.98405924515,6,129,-0.7818314824680299,0.6234898018587334,0.8073707443023492,-0.5900444739548627
2016-05-09,66400.30304726951,0,130,0.0,1.0,0.7971015927871943,-0.6038452208771035
2016-05-10,42723.52445781024,1,131,0.7818314824680298,0.6234898018587336,0.7865965660866021,-0.6174672802835514
2016-05-11,35014.39948113025,2,132,0.9749279121818236,-0.22252093395631434,0.7758587728069828,-0.6309066211876704
2016-05-12,27210.40663164012,3,133,0.43388373911755823,-0.900968867902419,0.7648913904341226,-0.6441592666722685
2016-05-13,79840.0882456494,4,134,-0.433883739117558,-0.9009688679024191,0.753697664392914,-0.6572212950663319
2016-05-14,82484.44829204916,5,135,-0.9749279121818236,-0.2225209339563146,0.742280907086982,-0.6700888411055113
2016-05-15,51497.23733643001,6,136,-0.7818314824680299,0.6234898018587334,0.7306444969184916,-0.6827580970759147
2016-05-16,42871.83286680037,0,137,0.0,1.0,0.7187918772884232,-0.6952253139408722
2016-05-17,39104.63910246025,1,138,0.7818314824680298,0.6234898018587336,0.7067265555776158,-0.7074868024503348
2016-05-18,34406.750005710244,2,139,0.9749279121818236,-0.22252093395631434,0.6944521021088763,-0.719538934232584
2016-05-19,39403.658560350246,3,140,0.43388373911755823,-0.900968867902419,0.6819721490904629,-0.7313781428679254
2016-05-20,96830.90242373844,4,141,-0.433883739117558,-0.9009688679024191,0.6692903895412567,-0.7430009249440493
2016-05-21,99380.3945973283,5,142,-0.9749279121818236,-0.2225209339563146,0.6564105761979381,-0.7544038410927472
2016-05-22,61656.18133406976,6,143,-0.7818314824680299,0.6234898018587334,0.6433365204044917,-0.765583517007675
2016-05-23,69163.55736557952,0,144,0.0,1.0,0.6300720909843687,-0.7765366444428655
2016-05-24,113112.86502110964,1,145,0.7818314824680298,0.6234898018587336,0.6166212130956382,-0.7872599821916922
2016-05-25,253686.30245358607,2,146,0.9749279121818236,-0.22252093395631434,0.6029878670694714,-0.7977503570459932
2016-05-26,210305.29194403623,3,147,0.43388373911755823,-0.900968867902419,0.5891760872322963,-0.8080046647350754
2016-05-27,364087.4242999305,4,148,-0.433883739117558,-0.9009688679024191,0.5751899607119775,-0.8180198708443175
2016-05-28,397480.3694745255,5,149,-0.9749279121818236,-0.2225209339563146,0.5610336262283677,-0.8277930117131022
2016-05-29,204028.17675735243,6,150,-0.7818314824680299,0.6234898018587334,0.5467112728685939,-0.8373211953118121
2016-05-30,172797.9351344664,0,151,0.0,1.0,0.5322271388474397,-0.8466016020976267
2016-05-31,258970.65411018487,1,152,0.7818314824680298,0.6234898018587336,0.5175855102531889,-0.8556314858488706
2016-06-01,368789.5726219706,2,153,0.9749279121818236,-0.22252093395631434,0.5027907197793043,-0.8644081744776648
2016-06-02,278071.38656924595,3,154,0.43388373911755823,-0.900968867902419,0.4878471454423119,-0.8729290708206411
2016-06-03,373959.36203922686,4,155,-0.433883739117558,-0.9009688679024191,0.47275920928627757,-0.881191653407483
2016-06-04,402057.2528885355,5,156,-0.9749279121818236,-0.2225209339563146,0.4575313760742512,-0.8891934772070711
2016-06-05,205719.45323581624,6,157,-0.7818314824680299,0.6234898018587334,0.44216815196707204,-0.8969321743510065
2016-06-06,177626.95012448638,0,158,0.0,1.0,0.42667408318992467,-0.9044054548343001
2016-06-07,70441.9074122394,1,159,0.7818314824680298,0.6234898018587336,0.4110537546870351,-0.9116111071930239
2016-06-08,162923.84958070016,2,160,0.9749279121818236,-0.22252093395631434,0.3953117887649151,-0.9185469991587165
2016-06-09,138752.5276097676,3,161,0.43388373911755823,-0.900968867902419,0.37945284372454435,-0.925211078289358
2016-06-10,252458.2622304888,4,162,-0.433883739117558,-0.9009688679024191,0.36348161248290634,-0.9316013725767187
2016-06-11,293917.852481117,5,163,-0.9749279121818236,-0.2225209339563146,0.3474028211842774,-0.9377159910299093
2016-06-12,138350.12182847515,6,164,-0.7818314824680299,0.6234898018587334,0.3312212278016865,-0.9435531242349544
2016-06-13,130067.27556419636,0,165,0.0,1.0,0.31494162072895193,-0.9491110448902284
2016-06-14,107168.6610764994,1,166,0.7818314824680298,0.6234898018587336,0.2985688173637202,-0.9543881083175908
2016-06-15,224030.55444808624,2,167,0.9749279121818236,-0.22252093395631434,0.2821076626819194,-0.9593827529490743
2016-06-16,201918.222072744,3,168,0.43388373911755823,-0.900968867902419,0.26556302780405594,-0.9640935007889755
2016-06-17,329344.26830316125,4,169,-0.433883739117558,-0.9009688679024191,0.24893980855376657,-0.9685189578512204
2016-06-18,308642.9772240819,5,170,-0.9749279121818236,-0.2225209339563146,0.23224292400907015,-0.9726578145718654
2016-06-19,134472.40662827637,6,171,-0.7818314824680299,0.6234898018587334,0.21547731504673012,-0.976508846196619
2016-06-20,143809.72058396638,0,172,0.0,1.0,0.19864794288017112,-0.9800709131432666
2016-06-21,123252.15105584756,1,173,0.7818314824680298,0.6234898018587336,0.18175978759137534,-0.9833429613388902
2016-06-22,40067.15121186024,2,174,0.9749279121818236,-0.22252093395631434,0.16481784665719793,-0.9863240225317866
2016-06-23,143752.73676064878,3,175,0.43388373911755823,-0.900968867902419,0.14782713347053048,-0.9890132145779883
2016-06-24,389904.0085546626,4,176,-0.433883739117558,-0.9009688679024191,0.13079267585675922,-0.9914097417023038
2016-06-25,461280.7855827744,5,177,-0.9749279121818236,-0.2225209339563146,0.11371951458594969,-0.9935128947338007
2016-06-26,221578.6968235614,6,178,-0.7818314824680299,0.6234898018587334,0.0966127018812031,-0.9953220513156602
2016-06-27,253702.2229766188,0,179,0.0,1.0,0.07947729992362097,-0.9968366760893436
2016-06-28,200616.0761833389,1,180,0.7818314824680298,0.6234898018587336,0.062318379354325076,-0.998056320853012
2016-06-29,211700.81315721016,2,181,0.9749279121818236,-0.22252093395631434,0.04514101777397193,-0.9989806246941579
2016-06-30,282757.71144459763,3,182,0.43388373911755823,-0.900968867902419,0.02795029824021032,-0.999609314096404
2016-07-01,479010.156707742,4,183,-0.433883739117558,-0.9009688679024191,0.01075130776352193,-0.9999422030204416
2016-07-02,454543.2857587894,5,184,-0.9749279121818236,-0.2225209339563146,-0.00645086419810515,-0.9999791929590823
2016-07-03,242185.1807025776,6,185,-0.7818314824680299,0.6234898018587334,-0.023651127245231586,-0.9997202729664083
2016-07-04,281531.68555597885,0,186,0.0,1.0,-0.04084439154329611,-0.9991655196610109
2016-07-05,219363.22013563893,1,187,0.7818314824680298,0.6234898018587336,-0.05802556932878035,-0.9983150972033183
2016-07-06,204005.58223455396,2,188,0.9749279121818236,-0.22252093395631434,-0.07518957641475855,-0.9971692572470178
2016-07-07,69579.06845546977,3,189,0.43388373911755823,-0.900968867902419,-0.09233133369539122,-0.9957283388645872
2016-07-08,87184.74002870891,4,190,-0.433883739117558,-0.9009688679024191,-0.10944576864891556,-0.993992768446958
2016-07-09,78700.43604833915,5,191,-0.9749279121818236,-0.2225209339563146,-0.12652781683868314,-0.9919630595773397
2016-07-10,39809.55909060037,6,192,-0.7818314824680299,0.6234898018587334,-0.1435724234118113,-0.9896398128792412
2016-07-11,45839.23877019025,0,193,0.0,1.0,-0.16057454459499376,-0.9870237158387383
2016-07-12,36851.76374685037,1,194,0.7818314824680298,0.6234898018587336,-0.17752914918703497,-0.984115542601034
2016-07-13,33225.67047177012,2,195,0.9749279121818236,-0.22252093395631434,-0.19443122004766195,-0.9809161537413774
2016-07-14,30423.391456740123,3,196,0.43388373911755823,-0.900968867902419,-0.2112757555821793,-0.9774264960104055
2016-07-15,80345.63765943915,4,197,-0.433883739117558,-0.9009688679024191,-0.2280577712215198,-0.9736476020539838
2016-07-16,95297.33862663868,5,198,-0.9749279121818236,-0.2225209339563146,-0.24477230089725957,-0.9695805901076308
2016-07-17,45324.05452767025,6,199,-0.7818314824680299,0.6234898018587334,-0.2614143985111562,-0.965226663665613
2016-07-18,51604.11840879024,0,200,0.0,1.0,-0.2779791393987801,-0.9605871111248129
2016-07-19,37870.11903234037,1,201,0.7818314824680298,0.6234898018587336,-0.2944616217868012,-0.9556633054034704
2016-07-20,42723.52445781024,2,202,0.9749279121818236,-0.22252093395631434,-0.3108569682435036,-0.9504567035349151
2016-07-21,35169.91580985013,3,203,0.43388373911755823,-0.900968867902419,-0.3271603271220951,-0.9449688462364056
2016-07-22,61148.20501127964,4,204,-0.433883739117558,-0.9009688679024191,-0.34336687399638804,-0.939201357453208
2016-07-23,77171.70180014952,5,205,-0.9749279121818236,-0.2225209339563146,-0.3594718130884232,-0.9331559438780432
2016-07-24,40881.354912270246,6,206,-0.7818314824680299,0.6234898018587334,-0.3754703786876202,-0.9268343944460494
2016-07-25,43085.59501152025,0,207,0.0,1.0,-0.3913578365610259,-0.9202385798054075
2016-07-26,43894.99343211024,1,208,0.7818314824680298,0.6234898018587336,-0.4071294853542516,-0.9133704517637858
2016-07-27,67780.72888646953,2,209,0.9749279121818236,-0.22252093395631434,-0.4227806579826773,-0.9062320427107697
2016-07-28,51907.94314650024,3,210,0.43388373911755823,-0.900968867902419,-0.4383067230125192,-0.898825465016444
2016-07-29,93508.63388636916,4,211,-0.433883739117558,-0.9009688679024191,-0.45370308603134424,-0.8911529104063088
2016-07-30,95343.59551217892,5,212,-0.9749279121818236,-0.2225209339563146,-0.46896519100763184,-0.8832166493127127
2016-07-31,59514.99233063988,6,213,-0.7818314824680299,0.6234898018587334,-0.48408852163897587,-0.8750190302029955
2016-08-01,65133.96620015976,0,214,0.0,1.0,-0.4990686026885319,-0.8665624788845385
2016-08-02,70641.25371749989,1,215,0.7818314824680298,0.6234898018587336,-0.5139010013093103,-0.8578494977869301
2016-08-03,48442.17147996025,2,216,0.9749279121818236,-0.22252093395631434,-0.5285813283559292,-0.8488826652214553
2016-08-04,46291.371916890246,3,217,0.43388373911755823,-0.900968867902419,-0.5431052396834317,-0.8396646346181327
2016-08-05,73453.14329216964,4,218,-0.433883739117558,-0.9009688679024191,-0.5574684374327892,-0.8301981337405212
2016-08-06,71508.89795408952,5,219,-0.9749279121818236,-0.2225209339563146,-0.5716666713027052,-0.8204859638785327
2016-08-07,30066.126182850126,6,220,-0.7818314824680299,0.6234898018587334,-0.5856957398073508,-0.8105309990194823
2016-08-08,37726.61590317024,0,221,0.0,1.0,-0.5995514915196489,-0.8003361849976323
2016-08-09,30831.694626900247,1,222,0.7818314824680298,0.6234898018587336,-0.6132298262997502,-0.7899045386224707
2016-08-10,146811.45511516015,2,223,0.9749279121818236,-0.22252093395631434,-0.6267266965083301,-0.7792391467859886
2016-08-11,99867.32961908737,3,224,0.43388373911755823,-0.900968867902419,-0.6400381082043503,-0.7683431655492202
2016-08-12,210664.86278147745,4,225,-0.433883739117558,-0.9009688679024191,-0.65316012232693,-0.7572198192083127
2016-08-13,266271.0390730934,5,226,-0.9749279121818236,-0.2225209339563146,-0.666088855860977,-0.7458723993404063
2016-08-14,123084.03906941514,6,227,-0.7818314824680299,0.6234898018587334,-0.6788204829862355,-0.734304263829602
2016-08-15,162727.52477714515,0,228,0.0,1.0,-0.6913512362094071,-0.722518835873311
2016-08-16,114708.94599404662,1,229,0.7818314824680298,0.6234898018587336,-0.7036774074790128,-0.7105196029692745
2016-08-17,122318.90746898638,2,230,0.9749279121818236,-0.22252093395631434,-0.7157953492826642,-0.6983101158835584
2016-08-18,112010.34453149686,3,231,0.43388373911755823,-0.900968867902419,-0.7277014757264236,-0.6858939875998223
2016-08-19,229861.47028057987,4,232,-0.433883739117558,-0.9009688679024191,-0.7393922635959241,-0.673274892250183
2016-08-20,249981.24969419476,5,233,-0.9749279121818236,-0.2225209339563146,-0.7508642533989489,-0.6604565640279754
2016-08-21,136480.24911670017,6,234,-0.7818314824680299,0.6234898018587334,-0.7621140503891487,-0.6474427960827475
2016-08-22,127369.80261433138,0,235,0.0,1.0,-0.7731383255706026,-0.6342374393978054
2016-08-23,43537.72815822025,1,236,0.7818314824680298,0.6234898018587336,-0.7839338166829201,-0.620844401650647
2016-08-24,120407.41326786332,2,237,0.9749279121818236,-0.22252093395631434,-0.7944973291665992,-0.6072676460566135
2016-08-25,226375.54313479608,3,238,0.43388373911755823,-0.900968867902419,-0.8048257371083452,-0.593511190196115
2016-08-26,337900.1782335956,4,239,-0.433883739117558,-0.9009688679024191,-0.8149159841660791,-0.5795791048257612
2016-08-27,355069.54010681686,5,240,-0.9749279121818236,-0.2225209339563146,-0.8247650844733614,-0.5654755126737576
2016-08-28,153893.68522805016,6,241,-0.7818314824680299,0.6234898018587334,-0.8343701235229537,-0.5512045872199277
2016-08-29,159625.74092242515,0,242,0.0,1.0,-0.8437282590292712,-0.5367705514607103
2016-08-30,133961.96699285138,1,243,0.7818314824680298,0.6234898018587336,-0.8528367217694595,-0.522177676659508
2016-08-31,236305.15636647624,2,244,0.9749279121818236,-0.22252093395631434,-0.8616928164028521,-0.5074302810827518
2016-09-01,313491.73511881445,3,245,0.43388373911755823,-0.900968867902419,-0.8702939222685674,-0.49253272872205434
2016-09-02,370355.0017342406,4,246,-0.433883739117558,-0.9009688679024191,-0.8786374941610001,-0.4774894280028391
2016-09-03,369091.0553924981,5,247,-0.9749279121818236,-0.2225209339563146,-0.886721063082993,-0.46230483047981086
2016-09-04,209026.01967195864,6,248,-0.7818314824680299,0.6234898018587334,-0.8945422369764496,-0.4469834295196741
2016-09-05,228177.31678002988,0,249,0.0,1.0,-0.9020987014301837,-0.43152975897147144
2016-09-06,154494.78204917017,1,250,0.7818314824680298,0.6234898018587336,-0.9093882203647925,-0.4159483918249421
2016-09-07,50736.47417220013,2,251,0.9749279121818236,-0.22252093395631434,-0.9164086366943458,-0.4002439388573056
2016-09-08,43292.149236510246,3,252,0.43388373911755823,-0.900968867902419,-0.9231578729647039,-0.38442104726885545
2016-09-09,77335.91859763415,4,253,-0.433883739117558,-0.9009688679024191,-0.9296339319682695,-0.3684843993077793
2016-09-10,85070.23488973391,5,254,-0.9749279121818236,-0.2225209339563146,-0.9358348973349941,-0.35243871088460327
2016-09-11,48831.66610537024,6,255,-0.7818314824680299,0.6234898018587334,-0.9417589340994617,-0.33628873017668287
2016-09-12,52075.15717660012,0,256,0.0,1.0,-0.9474042892438845,-0.32003923622313857
2016-09-13,30424.726256690126,1,257,0.7818314824680298,0.6234898018587336,-0.9527692922168511,-0.30369503751065885
2016-09-14,20495.113025005,2,258,0.9749279121818236,-0.22252093395631434,-0.9578523554276669,-0.28726097055059635
2016-09-15,40742.17168112024,3,259,0.43388373911755823,-0.900968867902419,-0.9626519747161487,-0.2707418984477642
2016-09-16,69864.83699021953,4,260,-0.433883739117558,-0.9009688679024191,-0.9671667297977312,-0.2541427094613622
2016-09-17,100120.71105323294,5,261,-0.9749279121818236,-0.2225209339563146,-0.97139528468375,-0.23746831555846842
2016-09-18,49825.09703543013,6,262,-0.7818314824680299,0.6234898018587334,-0.9753363880767837,-0.2207236509605022
2016-09-19,46566.462052040246,0,263,0.0,1.0,-0.9789888737409319,-0.20391367068311472
2016-09-20,37923.76585578537,1,264,0.7818314824680298,0.6234898018587336,-0.9823516608469237,-0.18704334906991657
2016-09-21,50084.81270206525,2,265,0.9749279121818236,-0.22252093395631434,-0.9854237542919524,-0.17011767832049052
2016-09-22,41885.82827828037,3,266,0.43388373911755823,-0.900968867902419,-0.9882042449941422,-0.15314166701312007
2016-09-23,147503.57315832516,4,267,-0.433883739117558,-0.9009688679024191,-0.9906923101615609,-0.13612033862266704
2016-09-24,151639.18384341136,5,268,-0.9749279121818236,-0.2225209339563146,-0.9928872135356962,-0.11905873003404988
2016-09-25,72457.29758765452,6,269,-0.7818314824680299,0.6234898018587334,-0.994788305609327,-0.10196189005174576
2016-09-26,67355.06118241463,0,270,0.0,1.0,-0.9963950238187231,-0.08483487790576538
2016-09-27,58941.792828474885,1,271,0.7818314824680298,0.6234898018587336,-0.9977068927101168,-0.06768276175455162
2016-09-28,58796.78501572464,2,272,0.9749279121818236,-0.22252093395631434,-0.9987235240803972,-0.050510617185222886
2016-09-29,57019.38967139464,3,273,0.43388373911755823,-0.900968867902419,-0.9994446170919858,-0.033323525711631344
2016-09-30,155918.38259948255,4,274,-0.433883739117558,-0.9009688679024191,-0.9998699583618592,-0.016126573270657762
2016-10-01,208489.09032479016,5,275,-0.9749279121818236,-0.2225209339563146,-0.9999994220246925,0.001075151282798226
2016-10-02,118580.4725762977,6,276,-0.7818314824680299,0.6234898018587334,-0.999832969770105,0.018276557681691223
2016-10-03,142758.88112151137,0,277,0.0,1.0,-0.9993706508539969,0.03547255575312556
2016-10-04,96620.9869297833,1,278,0.7818314824680298,0.6234898018587336,-0.9986126020839734,0.052658056924614005
2016-10-05,78861.59494048428,2,279,0.9749279121818236,-0.22252093395631434,-0.9975590477788613,0.06982797572987089
2016-10-06,70279.47439286964,3,280,0.43388373911755823,-0.900968867902419,-0.9962102997023297,0.0869772313136861
2016-10-07,87748.86289121355,4,281,-0.433883739117558,-0.9009688679024191,-0.9945667569706337,0.1041007489354256
2016-10-08,92053.3257699732,5,282,-0.9749279121818236,-0.2225209339563146,-0.9926289059345095,0.121193461470736
2016-10-09,51751.38324691001,6,283,-0.7818314824680299,0.6234898018587334,-0.9903973200352558,0.1382503109109819
2016-10-10,50934.98319385512,0,284,0.0,1.0,-0.9878726596350429,0.15526624985999563
2016-10-11,36113.934872670245,1,285,0.7818314824680298,0.6234898018587336,-0.9850556718215013,0.172236243027682
2016-10-12,31023.35976517512,2,286,0.9749279121818236,-0.22252093395631434,-0.981947190186646,0.18915526872004093
2016-10-13,22334.212530660003,3,287,0.43388373911755823,-0.900968867902419,-0.9785481345802031,0.20601832032517084
2016-10-14,69440.92879519025,4,288,-0.433883739117558,-0.9009688679024191,-0.9748595108374125,0.22282040779479959
2016-10-15,92159.02979147158,5,289,-0.9749279121818236,-0.2225209339563146,-0.9708824104813836,0.23955655912092708
2016-10-16,57296.28785375024,6,290,-0.7818314824680299,0.6234898018587334,-0.9666180104000972,0.2562218218071163
2016-10-17,57184.94126883025,0,291,0.0,1.0,-0.9620675724981452,0.27281126433401914
2016-10-18,40951.10427692964,1,292,0.7818314824680298,0.6234898018587336,-0.957232443323312,0.28931997761869527
2016-10-19,37672.44729428976,2,293,0.9749279121818236,-0.22252093395631434,-0.9521140536681102,0.3057430764672831
2016-10-20,38648.137519559634,3,294,0.43388373911755823,-0.900968867902419,-0.9467139181463862,0.3220757010206104
2016-10-21,96020.54537409684,4,295,-0.433883739117558,-0.9009688679024191,-0.9410336347451197,0.3383130181923076
2016-10-22,105662.59415837257,5,296,-0.9749279121818236,-0.2225209339563146,-0.9350748843515574,0.3544502230989869
2016-10-23,54738.48351683513,6,297,-0.7818314824680299,0.6234898018587334,-0.9288394302558068,0.3704825404820963
2016-10-24,40131.57351126464,0,298,0.0,1.0,-0.9223291176290545,0.3864052261209853
2016-10-25,70402.99192642537,1,299,0.7818314824680298,0.6234898018587336,-0.9155458729775467,0.40221356823680365
2016-10-26,62501.74069876025,2,300,0.9749279121818236,-0.22252093395631434,-0.9084917035725082,0.41790288888678667
2016-10-27,53675.2182803,3,301,0.43388373911755823,-0.900968867902419,-0.9011686968561569,0.4334685453485363
2016-10-28,102606.32698194706,4,302,-0.433883739117558,-0.9009688679024191,-0.8935790198239952,0.4489059314938798
2016-10-29,124988.15546718866,5,303,-0.9749279121818236,-0.2225209339563146,-0.8857249183835637,0.4642104791518923
2016-10-30,67521.03748892537,6,304,-0.7818314824680299,0.6234898018587334,-0.8776087166898392,0.4793776594606945
2016-10-31,70020.59600984037,0,305,0.0,1.0,-0.8692328164574792,0.49440298420761813
2016-11-01,126954.17017899745,1,306,0.7818314824680298,0.6234898018587336,-0.8605996962501181,0.5092820071573356
2016-11-02,97558.24705104149,2,307,0.9749279121818236,-0.22252093395631434,-0.8517119107469189,0.5240103253675756
2016-11-03,97039.0098704916,3,308,0.43388373911755823,-0.900968867902419,-0.8425720899866032,0.5385835804920232
2016-11-04,168349.2653229361,4,309,-0.433883739117558,-0.9009688679024191,-0.8331829385891785,0.5529974600700271
2016-11-05,202017.4219781323,5,310,-0.9749279121818236,-0.2225209339563146,-0.8235472349556007,0.5672476988027229
2016-11-06,108459.0000536222,6,311,-0.7818314824680299,0.6234898018587334,-0.8136678304455991,0.5813300798152042
2016-11-07,112536.37705725255,0,312,0.0,1.0,-0.8035476485339116,0.5952404359043674
2016-11-08,100479.92998887182,1,313,0.7818314824680298,0.6234898018587336,-0.7931896839451843,0.6089746507720486
2016-11-09,81649.68867241085,2,314,0.9749279121818236,-0.22252093395631434,-0.7825970017677834,0.6225286602431057
2016-11-10,71529.1626442405,3,315,0.43388373911755823,-0.900968867902419,-0.7717727365467837,0.6358984534680745
2016-11-11,160938.60161507488,4,316,-0.433883739117558,-0.9009688679024191,-0.7607200913564104,0.6490800741100398
2016-11-12,164998.84464116488,5,317,-0.9749279121818236,-0.2225209339563146,-0.7494423368521953,0.6620696215153815
2016-11-13,97946.78304739682,6,318,-0.7818314824680299,0.6234898018587334,-0.7379428103031386,0.6748632518680403
2016-11-14,87834.25368438134,0,319,0.0,1.0,-0.7262249146041543,0.6874571793269664
2016-11-15,95509.13497507002,1,320,0.7818314824680298,0.6234898018587336,-0.7142921172691032,0.699847677146407
2016-11-16,77229.97188523952,2,321,0.9749279121818236,-0.22252093395631434,-0.7021479494046978,0.7120310787787131
