Date,Sales,Cost Of Sales,Quantity Sold,Year of Sales,Month Sales,Sales Month Name,Sales Day Name,Sales Quarter,Weekly Sales,Sales Season,Gross Profit,Gross Profit Margin (%),Average Selling Price,Cost per Unit,Gross Profit per Unit,Gross Profit Margin per Unit (%),7-Day Average Selling Price,30-Day Average Selling Price,30-Day Selling Price Variation,7-Day Average Gross Profit Margin (%),30-Day Average Gross Profit Margin (%),30-Day Average Quantity Sold,Low Price Condition,High Sales Volume Condition,Promotion Day,Promotion Group
2013-12-30,223937.96786972653,230079.62101244804,6827,2013,12,December,Monday,4,Weekday,Summer,-6141.653142721509,-2.74256893600747,32.801811611209395,33.701423906906115,-0.8996122956967199,-2.7425689360074688,32.801811611209395,32.801811611209395,,-2.74256893600747,-2.74256893600747,6827.0,False,False,False,1
2013-12-31,300345.48456398566,306986.1204842832,9268,2013,12,December,Tuesday,4,Weekday,Summer,-6640.635920297529,-2.2109990865811757,32.40672038886336,33.12323268065205,-0.716512291788689,-2.2109990865811895,32.604266000036375,32.604266000036375,0.2793716825081588,-2.476784011294323,-2.476784011294323,8047.5,False,True,False,1
2014-01-01,86782.4677274178,87986.31821444989,2678,2014,1,January,Wednesday,1,Weekday,Summer,-1203.8504870320903,-1.387204718369341,32.40570116781844,32.85523458343909,-0.44953341562064963,-1.387204718369352,32.5380777226304,32.5380777226304,0.22840081587339328,-2.1135909136526623,-2.1135909136526623,6257.666666666667,False,False,False,1
2014-01-02,200173.11675267716,202881.17770623261,6175,2014,1,January,Thursday,1,Weekday,Summer,-2708.060953555454,-1.3528594635918991,32.41669906925946,32.855251450402044,-0.43855238114258555,-1.352859463591905,32.507733059287666,32.507733059287666,0.1961151434777284,-1.9234080511374714,-1.9234080511374714,6237.0,False,False,False,1
2014-01-03,326906.07417633064,333806.2918733548,10084,2014,1,January,Friday,1,Weekday,Summer,-6900.217697024171,-2.110764602465675,32.41829375013196,33.10256761933309,-0.6842738692011281,-2.1107646024656765,32.48984519745652,32.48984519745652,0.1744870772590832,-1.9608793614031121,-1.9608793614031121,7006.4,False,True,False,1
2014-01-04,307043.9354221619,313652.34827236354,9470,2014,1,January,Saturday,1,Weekend,Summer,-6608.412850201654,-2.15226945978125,32.42280205091467,33.120628117461834,-0.6978260665471652,-2.15226945978125,32.47867133969955,32.47867133969955,0.1584478547894306,-1.9927777111328018,-1.9927777111328018,7417.0,False,True,False,1
2014-01-05,179188.88448780973,183083.28498402698,5524,2014,1,January,Sunday,1,Weekend,Summer,-3894.4004962172476,-2.173349372283293,32.43824845905317,33.1432449283177,-0.704996469264529,-2.1733493722832993,32.472896642464356,32.472896642464356,0.14544712259071232,-2.0185736627257294,-2.0185736627257294,7146.571428571428,False,False,False,1
2014-01-06,306351.9508589919,313446.068148843,9448,2014,1,January,Monday,1,Weekday,Summer,-7094.117289851129,-2.315675571825041,32.42505830429635,33.17591745859897,-0.7508591543026171,-2.31567557182504,32.41907474147677,32.46691685019335,0.1357158986861617,-1.9575888964139534,-2.0557114013631432,7434.25,False,True,False,1
2014-01-07,224020.40996847834,229533.97372837967,6911,2014,1,January,Tuesday,1,Weekday,Summer,-5513.563759901328,-2.4611881393651296,32.41504991585564,33.21284527975397,-0.7977953638983308,-2.4611881393651465,32.42026467390424,32.461153857489165,0.12812245422190974,-1.993330189668804,-2.1007643722522524,7376.111111111111,False,False,False,1
2014-01-08,101836.4022362371,99381.96751722493,2990,2014,1,January,Wednesday,1,Weekday,Summer,2454.434719012177,2.4101742256353984,34.05899740342378,33.23811622649663,0.820881176927152,2.4101742256354055,32.65644985041929,32.62093821208262,0.5195207731664506,-1.450847483382413,-1.6496705124634876,6937.5,False,False,False,1
2014-01-09,107804.30494723172,104816.45851255264,3159,2014,1,January,Thursday,1,Weekday,Summer,2987.846434679086,2.7715464944944297,34.126085769937234,33.180265436072375,0.9458203338648588,2.771546494494433,32.90064795051611,32.757769808251226,0.6699726809257518,-0.861646632227223,-1.2477416936491315,6594.0,False,False,False,1
2014-01-10,144829.95672393017,141333.99628349254,4246,2014,1,January,Friday,1,Weekday,Summer,3495.9604404376296,2.413837937617773,34.109740161076346,33.28638631264544,0.8233538484309051,2.4138379376177688,33.1422831520796,32.87043400431998,0.7485828498434192,-0.2152748407867303,-0.9426100577102229,6398.333333333333,False,False,False,1
2014-01-11,146571.48235324016,143179.66998839285,4297,2014,1,January,Saturday,1,Weekend,Summer,3391.812364847312,2.314101154188355,34.1101890512544,33.3208447727235,0.7893442785309048,2.3141011541883456,33.38333843784242,32.965799777161095,0.7949266995605868,0.4227781040660704,-0.6920938106411014,6236.692307692308,False,False,False,1
2014-01-12,95422.3729783171,93126.14723834406,2796,2014,1,January,Sunday,1,Weekend,Summer,2296.2257399730443,2.406380881446762,34.12817345433373,33.30691961314165,0.8212538411920747,2.4063808814467587,33.62475629431107,33.04882646838771,0.8245047938980257,1.077025283170364,-0.47077418977768254,5990.928571428572,False,False,False,1
2014-01-13,114883.17379115624,112186.30866305273,3369,2014,1,January,Monday,1,Weekday,Summer,2696.8651281035127,2.347484874509202,34.10008126778161,33.29958701782509,0.8004942499565217,2.34748487450921,33.864045289094676,33.118910121680635,0.8395988367520789,1.743191061218113,-0.28289025215855695,5816.133333333333,False,False,False,1
2014-01-14,80090.80007989271,78096.76018225115,2348,2014,1,January,Tuesday,1,Weekday,Summer,1994.03989764156,2.48972403278835,34.110221499102515,33.260971116802025,0.8492503823004895,2.489724032788337,34.10621265812995,33.1808670827695,0.8481448972129081,2.45046422866861,-0.10960185934937525,5599.375,False,False,False,1
2014-01-15,98945.37115907783,97159.00258686997,2903,2014,1,January,Wednesday,1,Weekday,Summer,1786.3685722078517,1.8054089355386282,34.083834364132905,33.468481772948664,0.6153525911842408,1.8054089355386276,34.1097607953741,33.23398280520264,0.8499130342185802,2.3640691872262143,0.003045834467566135,5440.764705882353,False,False,False,1
2014-01-16,84904.90171410782,83350.43315882455,2491,2014,1,January,Thursday,1,Weekday,Summer,1554.468555283267,1.8308348798488465,34.084665481376085,33.46063153706325,0.6240339443128349,1.8308348798488516,34.10384361129395,33.281242953878944,0.8485659972095291,2.2296818137054166,0.10458967032208172,5276.888888888889,False,False,False,1
2014-01-17,135460.61970398517,132703.33541977167,3968,2014,1,January,Friday,1,Weekday,Summer,2757.2842842134996,2.035487723471844,34.13826101410917,33.4433809021602,0.6948801119489687,2.0354877234718494,34.10791801887006,33.32634916757527,0.8477720931076371,2.175631783113141,0.2062158836457534,5208.0,False,False,False,1
2014-01-18,149925.74968577514,146928.41178089235,4393,2014,1,January,Saturday,1,Weekend,Summer,2997.337904882792,1.999214885478193,34.12832908849878,33.44603045319653,0.6822986353022529,1.9992148854781966,34.110509452762116,33.36644816362145,0.8444222128403022,2.130648030440261,0.2958658337373754,5167.25,False,False,False,1
2014-01-19,74297.30718418294,72782.28432140293,2176,2014,1,January,Sunday,1,Weekend,Summer,1515.0228627800097,2.039135629807242,34.14398308096642,33.44774095652708,0.696242124439344,2.0391356298072454,34.112767970852495,33.40347363587597,0.8403481584261885,2.0781844230631865,0.3788786811692738,5024.809523809524,False,False,False,1
2014-01-20,83356.4245612027,81789.13612235275,2443,2014,1,January,Monday,1,Weekday,Summer,1567.2884388499515,1.8802251261379415,34.12051762636214,33.47897508078295,0.6415425455791848,1.880225126137938,34.115687450649716,33.436066544534434,0.8342228228777354,2.0114330304387207,0.44712170139512236,4907.454545454545,False,False,False,1
2014-01-21,89922.01428617258,88388.91606915972,2638,2014,1,January,Tuesday,1,Weekday,Summer,1533.0982170128555,1.7049197898679658,34.087192678609775,33.50603338482173,0.5811592937880476,1.7049197898679813,34.11239761915075,33.46437637645075,0.8262735089070897,1.8993181385929516,0.501808574806985,4808.782608695652,False,False,False,1
2014-01-22,57806.30278009904,57157.2825440923,1704,2014,1,January,Wednesday,1,Weekday,Summer,649.0202360067415,1.1227499507721146,33.92388660803934,33.543006187847595,0.38088042019174395,1.1227499507720977,34.089547939708815,33.48352263610028,0.8135367179710894,1.8017954264834495,0.5276811321388655,4679.416666666667,False,False,False,1
2014-01-23,63977.75034892355,62863.98723906299,1872,2014,1,January,Thursday,1,Weekday,Summer,1113.7631098605634,1.7408600705499842,34.17614869066429,33.581189764456724,0.5949589262075676,1.7408600705499895,34.102616969607126,33.511227678282836,0.8083653109209413,1.788941882297898,0.5762082896753102,4567.12,False,False,False,1
2014-01-24,116958.79984795197,114823.79522381267,3423,2014,1,January,Friday,1,Weekday,Summer,2135.0046241392993,1.8254330814909476,34.16850711304469,33.54478388075159,0.6237232322931021,1.8254330814909383,34.10693784088363,33.53650765654291,0.8024539280767897,1.758934076300627,0.6242553970528347,4523.115384615385,False,False,False,1
2014-01-25,155272.82480548017,152636.27656236594,4544,2014,1,January,Saturday,1,Weekend,Summer,2636.54824311423,1.6980100970129166,34.170956163177856,33.590729877281234,0.5802262858966216,1.6980100970129288,34.11302742298064,33.56000574938124,0.7962876423853964,1.7159048208055874,0.6640240896439489,4523.888888888889,False,True,False,1
2014-01-26,82885.21590976272,81583.16694985318,2426,2014,1,January,Sunday,1,Weekend,Summer,1302.0489599095308,1.5709061569280025,34.16538166107284,33.6286755770211,0.5367060840517439,1.5709061569280025,34.11608436299584,33.58162631765594,0.7897330929341436,1.6490148961085533,0.6964127349040936,4448.964285714285,False,False,False,1
2014-01-27,72353.4258824533,71377.15645543634,2117,2014,1,January,Monday,1,Weekday,Summer,976.2694270169595,1.3493064289768735,34.17733863129585,33.716181603890576,0.461157027405271,1.3493064289768721,34.12420164941495,33.60216812157456,0.7833524982662065,1.5731693679426864,0.7189263105617757,4368.551724137931,False,False,False,1
2014-01-28,50415.903762389156,49769.09824300322,1476,2014,1,January,Tuesday,1,Weekday,Summer,646.8055193859327,1.2829394518728376,34.15711637018236,33.71890124864717,0.4382151215351868,1.2829394518728434,34.13419074821103,33.62066639652815,0.776367620806431,1.5128864625148108,0.7377267486054778,4272.133333333333,False,False,False,1
2014-01-29,67458.30189127379,66529.44199653144,1974,2014,1,January,Wednesday,1,Weekday,Summer,928.8598947423452,1.3769393368950187,34.17340521341124,33.70285815427125,0.47054705913999584,1.3769393368950285,34.169836263264166,33.666386183268216,0.7668102734756383,1.5491992319609402,0.8750436910355608,4110.366666666667,False,False,False,1
2014-01-30,64640.3693131938,63757.83986845208,1892,2014,1,January,Thursday,1,Weekday,Summer,882.5294447417182,1.3652914643258147,34.16510005982759,33.698646864932385,0.46645319489520176,1.3652914643258203,34.16825788743035,33.724998838967025,0.7336925078119673,1.4955465739289158,0.9942533760657938,3864.5,False,False,False,1
2014-01-31,137693.8735003314,135609.50758204967,4030,2014,1,January,Friday,1,Weekday,Summer,2084.365918281721,1.513768089527022,34.16721426807231,33.650001881401906,0.5172123866704013,1.5137680895270191,34.168073195291434,33.78371594230882,0.6938750105686626,1.4510230036483551,1.0909524696623394,3909.5666666666666,False,True,False,1
2014-02-01,181209.1284812126,178435.71534579594,5304,2014,2,February,Saturday,1,Weekend,Summer,2773.41313541666,1.5305040969303056,34.164616983637366,33.64172612100225,0.5228908626351156,1.530504096930302,34.16716759821422,33.84197987278808,0.6469270406738298,1.427093575065125,1.1870645883464126,3880.5333333333333,False,True,False,1
2014-02-02,113433.58104545697,111466.51684753725,3320,2014,2,February,Sunday,1,Weekend,Summer,1967.0641979197244,1.7341109923448945,34.1667412787521,33.57425206251122,0.5924892162408781,1.734110992344887,34.167361829311254,33.900261457075416,0.5905464677224331,1.4504085515532523,1.3152271081734317,3655.0666666666666,False,False,False,1
2014-02-03,143192.53335617637,140505.63472300323,4191,2014,2,February,Monday,1,Weekday,Summer,2686.898633173143,1.8764237004521493,34.16667462566843,33.525563045336014,0.6411115803324137,1.8764237004521511,34.16583839993591,33.958390542900545,0.5219436072929331,1.5257110189068632,1.4495168801812115,3479.1,False,True,False,1
2014-02-04,130126.64989288137,128496.2877011727,3809,2014,2,February,Tuesday,1,Weekday,Summer,1630.3621917086712,1.2529041461151615,34.16294300154407,33.734914072242766,0.42802892930130554,1.2529041461151629,34.16667077584473,34.01588036098357,0.4367665724065633,1.5214202609414809,1.5637253307944936,3421.9333333333334,False,True,False,1
2014-02-05,187155.86854573974,195078.60333094277,5764,2014,2,February,Wednesday,1,Weekday,Summer,-7922.734785203036,-4.233228082434812,32.469789824035345,33.84431008517397,-1.3745202611386276,-4.233228082434819,33.92329714879103,34.01737141164154,0.43118923599169356,0.7199677724657908,1.4998069137741679,3299.133333333333,True,True,True,2
2014-02-06,102314.70959650404,101977.98995528856,3028,2014,2,February,Thursday,1,Weekday,Summer,336.71964121547353,0.3291018882264206,33.789534212848096,33.6783322177307,0.1112019951173977,0.3291018882264271,33.86964488493682,34.063187554874624,0.3114649813543441,0.5719406901658773,1.5928165813605526,3169.7,False,False,False,3
2014-02-07,301553.8425550869,313529.1877487157,9284,2014,2,February,Friday,1,Weekday,Summer,-11975.345193628804,-3.9712129323774694,32.481025695291564,33.77091638827183,-1.289890692980265,-3.971212932377462,33.62876080311099,34.01058849793688,0.42481319921209737,-0.21162802724905003,1.3801036760934573,3379.5,True,True,True,4
2014-02-08,316073.1775493943,329754.7794635822,9737,2014,2,February,Saturday,1,Weekend,Summer,-13681.601914187893,-4.328618461163096,32.46104319085902,33.86615789910467,-1.405114708245648,-4.328618461163091,33.385393118428375,33.95508707863427,0.5095251401543172,-1.0486455355481072,1.143431510904873,3598.766666666667,True,True,True,4
2014-02-09,135178.0425545823,141530.70868329128,4163,2014,2,February,Sunday,1,Weekend,Summer,-6352.666128708981,-4.699480780056344,32.47130496146584,33.99728769716341,-1.5259827356975677,-4.699480780056339,33.14318793024462,33.90047257198059,0.5758672515324387,-1.96773007446257,0.9063208869824024,3596.0,True,True,True,4
2014-02-10,147727.5161863135,154828.68457507665,4552,2014,2,February,Monday,1,Weekday,Summer,-7101.168388763152,-4.806936833492266,32.45332077906711,34.01333140928749,-1.5600106302203756,-4.806936833492264,32.898423095015865,33.84524362957435,0.6317962864042684,-2.922495865026058,0.668952954059715,3604.5,True,True,True,4
2014-02-11,135498.74644438608,139824.1616410127,4172,2014,2,February,Tuesday,1,Weekday,Summer,-4325.415196626622,-3.192217869264155,32.47812714390846,33.514899722198635,-1.0367725782901758,-3.192217869264149,32.65773511535364,33.7902420858935,0.6765539707129232,-3.5575132957945317,0.48233299570268445,3650.366666666667,True,True,True,4
2014-02-12,163432.8452052823,166893.3689190051,5037,2014,2,February,Wednesday,1,Weekday,Summer,-3460.523713722796,-2.117397949828355,32.446465198586914,33.133485987493565,-0.6870207889066506,-2.117397949828357,32.65440302600386,33.73512155025368,0.7166161090340245,-3.255251848279323,0.33350356822476596,3705.9666666666667,True,True,True,4
2014-02-13,138291.63332158606,141027.43445568127,4259,2014,2,February,Thursday,1,Weekday,Summer,-2735.801134095207,-1.9782839123270182,32.470446894009406,33.11280452117428,-0.642357627164877,-1.978283912327021,32.465961980455475,33.68046239675058,0.7488311376049444,-3.584878391215529,0.18456997005425363,3769.6666666666665,True,True,True,4
2014-02-14,336901.37170009944,343519.87554694666,10381,2014,2,February,Friday,1,Weekday,Summer,-6618.503846847219,-1.964522677200268,32.4536529910509,33.09121236363998,-0.6375593725890809,-1.9645226772002768,32.46205159413538,33.62612301764785,0.7771624655284138,-3.2982083547616434,0.058905582962957094,4018.9333333333334,True,True,True,4
2014-02-15,367729.26821441203,373973.5933348522,11332,2014,2,February,Saturday,1,Weekend,Summer,-6244.32512044016,-1.6980767265985692,32.45051784454748,33.001552535726454,-0.5510346911789767,-1.6980767265985703,32.46054797323373,33.57165142975356,0.8008236094970042,-2.9224166783952823,-0.05872480391862343,4313.633333333333,True,True,True,4
2014-02-16,133913.8413873911,136797.07737015275,4127,2014,2,February,Sunday,1,Weekend,Summer,-2883.23598276166,-2.1530530025054873,32.44822907375602,33.14685664408838,-0.6986275703323628,-2.1530530025054886,32.457251417846614,33.51531703174179,0.8188313705645389,-2.5586412816023025,-0.1983428281178678,4318.933333333333,True,False,False,5
2014-02-17,150800.3470166623,152887.1063994804,4649,2014,2,February,Monday,1,Weekday,Summer,-2086.759382818098,-1.3837895098394746,32.43715788699985,32.88601987513022,-0.4488619881303748,-1.3837895098394841,32.45494243326557,33.45894465835849,0.8332604761941691,-2.0696202353661897,-0.3111096412951234,4327.466666666666,True,True,True,6
2014-02-18,55591.93033577391,53463.2442119933,1627,2014,2,February,Tuesday,1,Weekday,Summer,2128.686123780615,3.8291279164501084,34.16836529549718,32.86001488137265,1.3083504141245328,3.829127916450107,32.69640502634967,33.45975739884285,0.8339632795597783,-1.066570837407009,-0.25144323174036115,4309.166666666667,False,False,False,7
2014-02-19,106427.191838824,107736.44407595859,3281,2014,2,February,Wednesday,1,Weekday,Summer,-1309.252237134584,-1.2301858336329576,32.4374251261274,32.836465734824316,-0.3990406086969145,-1.2301858336329505,32.69511358742689,33.40365431550169,0.8445255823225809,-0.9398262493790952,-0.3551235970660578,4337.1,True,False,False,7
2014-02-20,78940.55442479794,75934.39482203958,2310,2014,2,February,Thursday,1,Weekday,Summer,3006.1596027583582,3.8081308456253002,34.17340018389521,32.872032390493324,1.3013677934018872,3.8081308456253025,32.938392628839146,33.4065278990112,0.8470744094727446,-0.11319556967162102,-0.28501656187414665,4326.166666666667,False,False,False,7
2014-02-21,317916.3178585343,322089.78895544185,9802,2014,2,February,Friday,1,Weekday,Summer,-4173.471096907568,-1.3127577486490234,32.43382145057481,32.85959895485022,-0.42577750427540906,-1.3127577486490207,32.93555955162828,33.35685906042905,0.8592900958422287,-0.02008629416430043,-0.3662001518548513,4596.1,True,True,True,8
2014-02-22,309217.8755625262,320116.92432327796,9772,2014,2,February,Saturday,1,Weekend,Summer,-10899.048760751728,-3.524714973519653,31.643253741560194,32.75858824429778,-1.1153345027375892,-3.5247149735196506,32.82023610834438,33.27242922879225,0.8995086856666376,-0.28103461515302663,-0.5417193199905058,4859.433333333333,True,True,True,8
2014-02-23,138491.5499504623,140752.60159166716,4270,2014,2,February,Sunday,1,Weekend,Summer,-2261.05164120486,-1.6326278693636014,32.43361825537759,32.963138546057884,-0.5295202906802956,-1.6326278693636027,32.81814884857603,33.21459960020334,0.895673137121953,-0.20668816756132866,-0.6569880183523241,4887.666666666667,False,False,False,9
2014-02-24,133146.22220523606,134505.40422379476,4106,2014,2,February,Monday,1,Weekday,Summer,-1359.1820185586985,-1.0208190634681393,32.427233854173416,32.75825723911222,-0.3310233849388027,-1.0208190634681584,32.81673112960083,33.15647552323653,0.8880170738703805,-0.15483524665113793,-0.747615657035026,4873.066666666667,False,False,False,9
2014-02-25,224994.65618289215,227546.44655960065,6937,2014,2,February,Tuesday,1,Weekday,Summer,-2551.7903767084936,-1.1341559928579865,32.43399973805567,32.80185188980837,-0.36785215175270025,-1.1341559928579812,32.5689646213949,33.098762792469294,0.8763720723666963,-0.8638758051237229,-0.8377843953612256,5023.433333333333,False,True,False,9
2014-02-26,225051.59146803216,228214.1421194314,6934,2014,2,February,Wednesday,1,Weekday,Summer,-3162.550651399244,-1.4052558485677156,32.45624336141219,32.91233661947381,-0.45609325806162104,-1.405255848567732,32.5716529407213,33.04139295013984,0.8595022353067759,-0.8888858072572596,-0.9296031379460453,5184.0,False,True,False,9
2014-02-27,344299.68244113005,365935.6529559262,11082,2014,2,February,Thursday,1,Weekday,Summer,-21635.97051479615,-6.2840518357130835,31.06837055054413,33.02072306045174,-1.9523525099076124,-6.284051835713086,32.128077278814,32.9384347561519,0.9050346846167385,-2.3306261903056003,-1.181836180865576,5504.2,True,True,True,10
2014-02-28,661876.4999996495,686656.7909921708,20805,2014,2,February,Friday,1,Weekday,Summer,-24780.29099252133,-3.743944828458852,31.813338139853375,33.004411967900545,-1.1910738280471698,-3.7439448284588575,32.039436805853796,32.85976585369997,0.8965176327618333,-2.677938630278433,-1.3525323197107049,6131.9,True,True,True,10
2014-03-01,846678.388160804,872081.5850035211,26410,2014,3,March,Saturday,1,Weekend,Autumn,-25403.196842717007,-3.000336042342957,32.05900750324892,33.020885460186335,-0.9618779569374141,-3.0003360423429686,32.09883020038075,32.78956276848068,0.8729267943520497,-2.6030273543960476,-1.498053236599664,6949.166666666667,False,True,False,11
2014-03-02,478902.30487182323,495554.4499238885,15004,2014,3,March,Sunday,1,Weekend,Autumn,-16652.145052065258,-3.477148654885291,31.91830877578134,33.02815582004055,-1.1098470442592117,-3.4771486548852817,32.025214560438435,32.71459925207098,0.8467098282078022,-2.8665303237562894,-1.6644171280800744,7314.966666666666,False,True,False,11
2014-03-03,538827.2021325426,557567.1369848134,16884,2014,3,March,Monday,1,Weekday,Autumn,-18739.93485227076,-3.477911801427769,31.913480344263363,33.02340304340283,-1.1099226991394673,-3.47791180142777,31.951821201879852,32.63956136409185,0.8128478673020186,-3.2175435720362358,-1.8313643246920104,7700.966666666666,False,True,False,11
2014-03-04,310346.1212875447,323325.0299270246,9789,2014,3,March,Tuesday,1,Weekday,Autumn,-12978.908639479894,-4.182075350461544,31.70355718536569,33.02942383563435,-1.325866650268658,-4.1820753504615436,31.847472265781285,32.55745522764563,0.7768750578002735,-3.652960623122459,-2.0285705361188917,7916.6,True,True,True,12
2014-03-05,256390.52221047232,267308.50708271045,8079,2014,3,March,Wednesday,1,Weekday,Autumn,-10917.984872238128,-4.258341836550221,31.73542792554429,33.086830929905986,-1.3514030043616962,-4.258341836550226,31.74449863208587,32.47641367097483,0.7285228466521763,-4.060544335691389,-2.2330627206856373,8046.2,True,True,True,12
2014-03-06,167803.65977609382,168135.6900061219,5072,2014,3,March,Thursday,1,Weekday,Autumn,-332.03023002808914,-0.1978682887316811,33.08431777919831,33.14978115262656,-0.06546337342825126,-0.19786828873168183,32.03249109332218,32.440459496896636,0.6663851466771743,-3.1910895432654733,-2.281421801847199,8088.3,False,False,False,13
2014-03-07,465318.02151156624,483774.59671529237,14551,2014,3,March,Friday,1,Weekday,Autumn,-18456.575203726126,-3.9664432389209234,31.97842220545435,33.24682817093618,-1.2684059654818327,-3.9664432389209274,32.056074531265175,32.42408057627727,0.6716571340790809,-3.222875030474341,-2.272528973730069,8381.2,False,True,False,13
2014-03-08,520146.74963959056,541498.9582445963,16262,2014,3,March,Saturday,1,Weekend,Autumn,-21352.208605005697,-4.105035476968881,31.98541075141991,33.298423210219916,-1.3130124588000065,-4.105035476968882,32.04556070957533,32.363943127563,0.6242802218527889,-3.3806892354209017,-2.420333552569913,8822.333333333334,False,True,False,13
2014-03-09,224699.25281941216,233589.98296832,7014,2014,3,March,Sunday,1,Weekend,Autumn,-8890.730148907838,-3.956724393762538,32.035821616682654,33.30339078533219,-1.267569168649537,-3.9567243937625443,32.062348258275506,32.349102991609364,0.6266879709668884,-3.449200055260508,-2.419850601282748,8746.666666666666,False,False,False,13
2014-03-10,286230.6788963384,297642.8914364595,8932,2014,3,March,Monday,1,Weekday,Autumn,-11412.212540121109,-3.9870682570173295,32.04553055265768,33.32320772911548,-1.2776771764578,-3.987068257017316,32.08121257376041,32.33525257033599,0.628717006896963,-3.5219366917733024,-2.4084655944778888,8719.833333333334,False,True,False,13
2014-03-11,187143.0180625835,191499.04281320787,5737,2014,3,March,Tuesday,1,Weekday,Autumn,-4356.024750624376,-2.3276448118238933,32.620362221123145,33.37964838996128,-0.7592861688381376,-2.327644811823904,32.21218472172576,32.3402211456579,0.6304159498709955,-3.2570180433964953,-2.3294043955368076,8772.3,False,False,False,13
2014-03-12,191700.3891282347,197153.4240190601,5903,2014,3,March,Wednesday,1,Weekday,Autumn,-5453.0348908253945,-2.8445612007483616,32.47507862582326,33.398852112325955,-0.9237734865026965,-2.8445612007483736,32.3178491074799,32.340946407216435,0.6305630504844155,-3.0550493811390864,-2.263991874445344,8817.333333333334,False,False,False,13
2014-03-13,164663.9676028023,168975.17404544077,5056,2014,3,March,Thursday,1,Weekday,Autumn,-4311.206442638475,-2.6181844792163904,32.568031567009946,33.4207227146837,-0.8526911476737524,-2.618184479216401,32.24409393431013,32.343943221319826,0.6314505126236135,-3.4008088369226166,-2.2448574281104188,8846.8,False,False,False,13
2014-03-14,395941.3451321622,406765.91395402345,12167,2014,3,March,Friday,1,Weekday,Autumn,-10824.568821861234,-2.733881913304122,32.5422326894191,33.431898903100475,-0.8896662136813731,-2.7338819133041303,32.324638289162245,32.34713547101423,0.632228270388623,-3.2247286475487877,-2.2654068935596103,9084.466666666667,False,True,False,13
2014-03-15,518183.2103749144,534383.1431186085,15971,2014,3,March,Saturday,1,Weekend,Autumn,-16199.93274369411,-3.1262944108075565,32.44525767797348,33.45959195533207,-1.0143342773585928,-3.1262944108075517,32.39033070724132,32.3462958304797,0.6320755656769633,-3.0849084952400276,-2.3036739101756285,9474.866666666667,False,True,False,13
2014-03-16,226617.95494027078,233191.10456622293,6968,2014,3,March,Sunday,1,Weekend,Autumn,-6573.149625952152,-2.900542292725492,32.522668619441845,33.46600237747172,-0.9433337580298726,-2.900542292725492,32.459880279064066,32.34859635142606,0.6326051535845812,-2.9340253379490204,-2.3348745640264696,9361.1,False,False,False,13
2014-03-17,243707.871947377,250794.22126409467,7494,2014,3,March,Monday,1,Weekday,Autumn,-7086.349316717678,-2.9077227830571717,32.520399245713506,33.46600230372227,-0.9456030580087642,-2.9077227830571717,32.52771866378633,32.350925731464926,0.6331218380673566,-2.779833127383284,-2.375196099241756,9233.166666666666,False,False,False,13
2014-03-18,94849.7437997705,90571.58892297688,2707,2014,3,March,Tuesday,1,Weekday,Autumn,4278.154876793618,4.51045485776417,35.03869368295918,33.45828922163904,1.5804044613201356,4.5104548577641586,32.87319458690576,32.4372745517717,0.8011930683610327,-1.80296174601356,-2.1530791705661008,9185.833333333334,False,False,False,13
2014-03-19,92386.78306657562,88255.8409917939,2637,2014,3,March,Wednesday,1,Weekday,Autumn,4130.94207478172,4.471356115738858,35.03480586521639,33.4682749305248,1.5665309346915919,4.471356115738866,33.23886990681906,32.52386281771225,0.9310291437280842,-0.7578307008011003,-1.95790764971349,9118.766666666666,False,False,False,13
2014-03-20,180394.82770444016,172344.3044394809,5149,2014,3,March,Thursday,1,Weekday,Autumn,8050.523264959251,4.462723996803983,35.03492478237331,33.471412786848106,1.5635119955252037,4.462723996803995,33.59128322329955,32.552748133941456,0.9950507814762306,0.25372765291609584,-1.9367877803683606,9236.166666666666,False,False,False,13
2014-03-21,200939.69236394396,192019.14427492704,5735,2014,3,March,Friday,1,Weekday,Autumn,8920.548089016927,4.439415619717354,35.03743546014716,33.481978077581,1.5554573825661606,4.439415619717356,33.94774076197498,32.639415145075446,1.093061064989543,1.2784844433477354,-1.7478010652566838,9317.966666666667,False,False,False,13
2014-03-22,172953.92471044016,165201.30501850985,4936,2014,3,March,Saturday,1,Weekend,Autumn,7752.619691930304,4.4824768821579255,35.039287826264214,33.468659849779144,1.5706279764850706,4.482476882157928,34.31831649744509,32.66827806648775,1.1451543940734445,2.365451770914233,-1.7253228640389295,9405.5,False,False,False,13
2014-03-23,70194.79953786121,67061.62270944688,2003,2014,3,March,Sunday,1,Weekend,Autumn,3133.1768284143327,4.4635455176766765,35.04483252015038,33.48059046901991,1.5642420511304707,4.463545517676677,34.678625626117736,32.75531176880693,1.2232767500334916,3.4174643152574,-1.5327794218280728,9145.533333333333,False,False,False,13
2014-03-24,81378.21463167097,77703.6463336835,2323,2014,3,March,Monday,1,Weekday,Autumn,3674.568297987469,4.515420146066208,35.03151727579465,33.449697087250755,1.5818201885438938,4.5154201460662025,35.03735677327218,32.868253886614745,1.2724878564942186,4.4779133051321685,-1.2647749178418775,8897.233333333334,False,False,False,13
2014-03-25,130227.01471457879,127394.28924213616,3822,2014,3,March,Tuesday,1,Weekday,Autumn,2832.725472442631,2.175221077324988,34.07300228010958,33.33183915283521,0.7411631272743691,2.1752210773249936,34.899400858579384,32.92290002077248,1.2882821971212637,4.144308479355142,-1.1378466196189245,8882.3,False,False,False,13
2014-03-26,125310.0364078538,122275.10258217747,3666,2014,3,March,Wednesday,1,Weekday,Autumn,3034.9338256763294,2.421939944058715,34.1816793256557,33.35381958051759,0.8278597451381131,2.4219399440587095,34.77752563864214,32.981381536488556,1.3047221572697176,3.8515347405436935,-1.0230879860346962,8867.633333333333,False,False,False,13
2014-03-27,119452.33963454989,118186.57504122709,3543,2014,3,March,Thursday,1,Weekday,Autumn,1265.764593322805,1.0596398506678564,33.71502671028786,33.35776885160234,0.3572578586855215,1.0596398506678544,34.58896877120136,33.02408243556297,1.3071501605793538,3.3653798625242466,-0.949961457917168,8754.5,False,False,False,13
2014-03-28,276174.76932028367,271550.89558082254,8130,2014,3,March,Friday,1,Weekday,Autumn,4623.8737394611235,1.6742563959920445,33.96983632475814,33.401094167382844,0.5687421573752971,1.6742563959920593,34.43645460900293,33.07453553434116,1.3136714604796316,2.9703571162777735,-0.847311049765176,8794.366666666667,False,False,False,13
2014-03-29,357369.2669406512,352250.83007461776,10518,2014,3,March,Saturday,1,Weekend,Autumn,5118.436866033473,1.4322543485205455,33.97692212784286,33.490286183173396,0.4866359446694659,1.4322543485205368,34.28468808065703,33.17148725358445,1.267006559358592,2.5346110400438624,-0.590100843624055,8775.566666666668,False,True,False,13
2014-03-30,163865.4902727038,160525.42687771353,4791,2014,3,March,Sunday,1,Weekend,Autumn,3340.063394990284,2.0382957933557417,34.20277400807844,33.50562030426081,0.6971537038176336,2.038295793355741,34.164394007503894,33.25113511585862,1.25371905941392,2.1881467937123,-0.39735948956356854,8241.766666666666,False,False,False,13
2014-03-31,190719.6145286,187072.5952299383,5583,2014,3,March,Monday,1,Weekday,Autumn,3647.019298661704,1.9122413327417893,34.16077637983163,33.507539894311,0.6532364855206296,1.9122413327417744,34.04000245093774,33.32119407841138,1.2434873674267974,1.816264106094526,-0.23360691039407702,7547.533333333334,False,False,False,13
2014-04-01,244535.20522546367,239700.6847975987,7155,2014,4,April,Tuesday,2,Weekday,Autumn,4834.520427864976,1.9770242993876914,34.17682812375453,33.501143926987936,0.6756841967665963,1.9770242993876994,34.0548347143156,33.39647805667715,1.2238373269360878,1.7879502806749124,-0.05180114525164428,7285.9,False,False,False,13
2014-04-02,155620.50378882745,153366.01881055222,4575,2014,4,April,Wednesday,2,Weekday,Autumn,2254.484978275228,1.4487069013312663,34.01541066422458,33.522627062415786,0.4927836018087959,1.4487069013312748,34.03108204839686,33.46654240067586,1.195856081611971,1.6489169888567052,0.1124194781736569,6875.6,False,False,False,13
2014-04-03,136001.97816007744,134523.06863372037,3997,2014,4,April,Thursday,2,Weekday,Autumn,1478.909526357078,1.0874176584522672,34.02601405055728,33.65600916530407,0.3700048852532092,1.0874176584522666,34.075508811292494,33.543957629515575,1.1521670646019584,1.6528852471116213,0.28806924513745064,6682.533333333334,False,False,False,13
2014-04-04,190559.88751276743,187742.30001175258,5558,2014,4,April,Friday,2,Weekday,Autumn,2817.5875010148447,1.4785837343790769,34.28569404691749,33.778751351520796,0.5069426953966953,1.4785837343790706,34.12063134302955,33.62896650022802,1.1073388008724407,1.6249320097383404,0.47930009750176056,6598.5,False,False,False,13
2014-04-05,217110.50252912124,213540.73418419377,6320,2014,4,April,Saturday,2,Weekend,Autumn,3569.7683449274627,1.6442172549661187,34.352927615367285,33.7880908519294,0.5648367634378886,1.6442172549661156,34.17434641267589,33.67125349476699,1.1100420797757145,1.6552124249448508,0.5407029489583538,6640.1,False,False,False,13
2014-04-06,119190.09998255635,116856.31461341622,3447,2014,4,April,Sunday,2,Weekend,Autumn,2333.785369140125,1.9580362542540684,34.5779228263871,33.90087456147845,0.6770482649086489,1.958036254254058,34.2279391010057,33.75790351546474,1.0742235988189701,1.6437467765017544,0.7381855987308535,6269.966666666666,False,False,False,13
2014-04-07,131910.19745153244,130784.44470906522,3854,2014,4,April,Monday,2,Weekday,Autumn,1125.7527424672153,0.8534235898485778,34.22682860704007,33.93472877765055,0.29209982938952095,0.8534235898485766,34.23737513346405,33.83261744398541,1.0234395839351558,1.4924870989455812,0.9034675676247689,5856.366666666667,False,False,False,13
2014-04-08,118921.30767625879,115305.80518544574,3394,2014,4,April,Tuesday,2,Weekday,Autumn,3615.5024908130436,3.0402478424266732,35.038688178037354,33.97342521668997,1.0652629613473863,3.0402478424266612,34.360497998361595,33.932712996030574,0.9878745324029947,1.6443761765225788,1.1366999754977425,5735.7,False,False,False,13
2014-04-09,124828.28283680881,121264.70311816283,3563,2014,4,April,Wednesday,2,Weekday,Autumn,3563.579718645982,2.854785500257775,35.034600852317936,34.03443814711278,1.000162705205156,2.8547855002577656,34.50609659666065,34.03234867268591,0.9405770036254911,1.8452445477977943,1.3647617674069126,5556.733333333334,False,False,False,13
2014-04-10,179326.49022809637,183278.50242698644,5380,2014,4,April,Thursday,2,Weekday,Autumn,-3952.0121988900646,-2.203808368670606,33.33206138068706,34.06663613884506,-0.7345747581580042,-2.203808368670605,34.4069605009649,34.05607197800471,0.9122855078697313,1.3750694010659552,1.3688896488453557,5544.833333333333,False,False,False,13
2014-04-11,318949.81705616,326322.52601226023,9573,2014,4,April,Friday,2,Weekday,Autumn,-7372.708956100221,-2.311557668898757,33.31764515367806,34.087801735324376,-0.7701565816463187,-2.3115576688987525,34.2686678019307,34.084157528933204,0.8741054706013164,0.8336206291691219,1.3866564332403424,5667.166666666667,False,True,False,13
2014-04-12,375031.109322689,383727.1940129243,11250,2014,4,April,Saturday,2,Weekend,Autumn,-8696.084690235264,-2.318763556959449,33.33609860646124,34.10908391225993,-0.7729853057986915,-2.318763556959454,34.123406514944115,34.10975976358158,0.8386985160687493,0.2674805131797551,1.3966371306489074,5873.633333333333,False,True,False,13
2014-04-13,166393.54070527272,170061.86414652268,4990,2014,4,April,Sunday,2,Weekend,Autumn,-3668.3234412499587,-2.2046068769866114,33.34539893893241,34.08053389709873,-0.73513495816632,-2.204606876986598,33.94733167387916,34.13653197189869,0.7988061055294445,-0.3271827912831992,1.4142796318594908,5634.4,False,False,False,13
2014-04-14,193652.32776782895,198212.06872996836,5810,2014,4,April,Monday,2,Weekday,Autumn,-4559.740962139418,-2.3546016795657225,33.33086536451445,34.11567448020109,-0.7848091156866417,-2.3546016795657065,33.81933692494693,34.166052228116726,0.7489576943958764,-0.7854721154852421,1.4400027229008854,5295.7,True,True,True,14
2014-04-15,249805.51721349137,255956.65403528852,7497,2014,4,April,Tuesday,2,Weekday,Autumn,-6151.136821797147,-2.462370283255273,33.32073058736713,34.141210355514005,-0.8204797681468747,-2.4623702832552623,33.57391441199404,34.19265429371423,0.701226022543803,-1.5715604191540915,1.4546084565498925,5313.333333333333,True,True,True,14
2014-04-16,294023.41088805016,301522.3522543714,8821,2014,4,April,Wednesday,2,Weekday,Autumn,-7498.941366321233,-2.5504572386504507,33.33220846707291,34.18233219072343,-0.850123723650519,-2.5504572386504494,33.33071549981618,34.21971460109288,0.6481214864312873,-2.343737953283838,1.4665173080301166,5357.566666666667,True,True,True,14
2014-04-17,612236.0057972377,627927.7586733897,18366,2014,4,April,Thursday,2,Weekday,Autumn,-15691.752876151935,-2.5630235281112785,33.33529379272775,34.189685215800374,-0.8543914230726273,-2.5630235281112683,33.33117727296485,34.16293460475183,0.6485138651175997,-2.3950544046325057,1.2307346951676017,5879.533333333334,True,True,True,14
2014-04-18,464815.51786854694,476692.5436944089,13940,2014,4,April,Friday,2,Weekday,Autumn,-11877.025825861958,-2.5552128466633643,33.3440113248599,34.1960217858256,-0.8520104609657011,-2.555212846663346,33.334943868847965,34.10657478673995,0.6435815661184907,-2.4298622871703066,0.9965157297541942,6256.3,True,True,True,14
2014-04-19,360480.94044953777,369765.6127632247,10814,2014,4,April,Saturday,2,Weekend,Autumn,-9284.672313686926,-2.5756347345600226,33.334653268867925,34.19323217710604,-0.8585789082381154,-2.575634734560038,33.33473739204892,34.0498990696231,0.6338003803879831,-2.4665581696846743,0.7619037720420608,6445.133333333333,True,True,True,14
2014-04-20,114279.57725376953,117190.8261541667,3429,2014,4,April,Sunday,2,Weekend,Autumn,-2911.2489003971714,-2.5474795850289547,33.32737744350234,34.17638558010111,-0.8490081365987692,-2.5474795850289613,33.33216289270177,33.99289713573494,0.6186391490898544,-2.5155399851192946,0.5290072652171838,6368.266666666666,True,False,False,15
2014-04-21,161170.82040273017,165415.08384550374,4834,2014,4,April,Monday,2,Weekday,Autumn,-4244.263442773576,-2.6333944520280417,33.341088209087744,34.219090576231636,-0.8780023671438926,-2.6333944520280426,33.33362329906939,33.93629048182906,0.5969032009680186,-2.555367524042483,0.2918115540776516,6364.866666666667,False,False,False,15
2014-04-22,182483.14649530518,187344.73717165823,5475,2014,4,April,Tuesday,2,Weekday,Autumn,-4861.590676353051,-2.664131329233808,33.33025506763565,34.21821683500607,-0.8879617673704203,-2.6641313292338085,33.334983939107744,33.87913790007857,0.5685107724378607,-2.584190530610846,0.054222325847302084,6480.6,False,False,False,15
2014-04-23,109358.41252901952,106849.89879556595,3121,2014,4,April,Wednesday,2,Weekday,Autumn,2508.5137334535684,2.2938461481304926,35.03954262384477,34.23578942504516,0.8037531987996047,2.293846148130491,33.57888881864658,33.87940541168024,0.5690733303286327,-1.8921471896421391,-0.019830140750555093,6507.2,False,False,False,15
2014-04-24,98430.1141092905,96197.48223143081,2809,2014,4,April,Thursday,2,Weekday,Autumn,2232.6318778596906,2.268240668075137,35.04098045898558,34.24616668972261,0.7948137692629729,2.2682406680751375,33.822558342397706,33.91167135097611,0.6066309825684131,-1.201966590186937,-0.016729487725550118,6473.433333333333,False,False,False,15
2014-04-25,295741.3469618826,292327.02825568395,8537,2014,4,April,Friday,2,Weekday,Autumn,3414.3187061986537,1.1544948791481353,34.642303732210685,34.24236010960337,0.3999436226073172,1.1544948791481395,34.00802868630496,33.92702549786127,0.6193957065272232,-0.672008343642437,-0.05897765655590277,6635.8,False,True,False,15
2014-04-26,285053.9799331276,281159.581123413,8209,2014,4,April,Saturday,2,Weekend,Autumn,3894.398809714592,1.366196960529441,34.724568148754734,34.25016215414947,0.474405994605263,1.366196960529445,34.20658795486021,33.9606768791435,0.6347152097421277,-0.10888953005822796,-0.04875908622718328,6791.333333333333,False,True,False,15
2014-04-27,124964.7964680588,123042.15895289756,3592,2014,4,April,Sunday,2,Weekend,Autumn,1922.6375151612447,1.538543309397278,34.78975402785601,34.25449859490467,0.5352554329513453,1.538543309397268,34.415498895482166,33.98800746924676,0.6525259861458617,0.4748280262883767,-0.05328285578034216,6640.066666666667,False,False,False,15
2014-04-28,124175.8083521588,122516.06570420253,3576,2014,4,April,Monday,2,Weekday,Autumn,1659.742647956271,1.3366070815092193,34.72477862196834,34.26064477186871,0.4641338500996284,1.3366070815092195,34.61316895446511,34.01293601905095,0.6662292394152182,1.0419711025079856,-0.056471098014053034,6408.666666666667,False,False,False,15
2014-04-29,131842.57163224378,130405.26385817112,3807,2014,4,April,Tuesday,2,Weekday,Autumn,1437.3077740726585,1.0901697048824452,34.63161850072072,34.254075087515396,0.3775434132053235,1.0901697048824512,34.799078016334406,34.02723083547236,0.6749860760212146,1.5782998216674502,-0.08807530096316292,6375.866666666667,False,False,False,15
2014-04-30,154850.05725768136,150644.34824066723,4398,2014,4,April,Wednesday,2,Weekday,Autumn,4205.709017014131,2.71598802835154,35.20919901266061,34.25292138259828,0.9562776300623312,2.715988028351541,34.823314643308095,34.06217825656665,0.7084503383195176,1.638605804556171,-0.0612837444428379,6336.366666666667,False,False,False,15
2014-05-01,180294.26873002757,175656.65039321326,5124,2014,5,May,Thursday,2,Weekday,Autumn,4637.61833681431,2.572249450568323,35.1862351151498,34.28115737572468,0.905077739425117,2.5722494505683176,34.84406530847441,34.09582515627984,0.7374595345428929,1.6820356306266262,-0.04144290607015018,6268.666666666667,False,False,False,15
2014-05-02,163849.03582968138,157300.625596072,4581,2014,5,May,Friday,2,Weekday,Autumn,6548.410233609378,3.99661200351301,35.76708924463684,34.33761746257848,1.4294717820583642,3.9966120035130026,35.00474895310672,34.15421444229357,0.7977539221404071,2.0880523626787513,0.043487264002574626,6268.866666666667,False,False,False,15
2014-05-03,131436.79244744137,127601.94472593981,3697,2014,5,May,Saturday,2,Weekend,Autumn,3834.847721501559,2.9176364167856796,35.55228359411452,34.51499722097371,1.0372863731408088,2.9176364167856876,35.12299401672955,34.20509009374548,0.8369987505435791,2.309686570715357,0.1044945559470217,6258.866666666667,False,False,False,15
2014-05-04,93082.04395689281,91601.50654339502,2642,2014,5,May,Sunday,2,Weekend,Autumn,1480.53741349779,1.5905725213591584,35.23165933266193,34.67127424049774,0.5603850921641893,1.5905725213591564,35.18612334598754,34.236622269936966,0.8577026131373233,2.3171193152813396,0.10822751551302441,6161.666666666667,False,False,False,15
2014-05-05,110887.01329721222,109460.1532226706,3154,2014,5,May,Monday,2,Weekday,Autumn,1426.8600745416188,1.2867693268256608,35.15758189512119,34.705184915241155,0.45239697988003513,1.2867693268256717,35.24795238500938,34.263444079262094,0.8738937207352546,2.3099996360408315,0.09631258457500917,6056.133333333333,False,False,False,15
2014-05-06,119385.57536795686,115693.10664184783,3324,2014,5,May,Tuesday,2,Weekday,Autumn,3692.4687261090294,3.092893521456437,35.91623807700267,34.80538707636818,1.11085100063449,3.0928935214564497,35.43146946733537,34.30805458761595,0.9232652888073837,2.596103038408544,0.13414116014842142,6052.033333333334,False,False,False,15
2014-05-07,91719.58937883745,93157.1705825259,2677,2014,5,May,Wednesday,2,Weekday,Autumn,-1437.5812036884454,-1.5673655032957878,34.26208045529976,34.799092485067575,-0.5370120297678156,-1.5673655032957843,35.296166816283815,34.3092296492246,0.9231807748739485,1.9841953910303547,0.05344819037694258,6012.8,False,False,False,15
2014-05-08,96335.44895138746,93696.21613721379,2683,2014,5,May,Thursday,2,Weekday,Autumn,2639.2328141736652,2.739627876240519,35.90586990361068,34.922182682524706,0.9836872210859724,2.7396278762405175,35.39897178606394,34.338135706743714,0.9596641492557912,2.008106594697811,0.0434275248374041,5989.1,False,False,False,15
2014-05-09,303226.29835425445,325836.9401138924,9328,2014,5,May,Friday,2,Weekday,Autumn,-22610.641759637918,-7.456688909357812,32.50710745650241,34.93106133296445,-2.4239538764620363,-7.456688909357796,34.93326010204474,34.25388592688319,1.0062282440333763,0.3719207500019796,-0.3002882888164488,6181.266666666666,True,True,True,16
2014-05-10,431695.70916738006,465253.815715588,13306,2014,5,May,Saturday,2,Weekend,Autumn,-33558.10654820793,-7.7735557327943114,32.443687747435746,34.96571589625643,-2.522028148820681,-7.773555732794322,34.48917498109063,34.22427347244149,1.046556144181339,-1.1553924142237335,-0.485946534287239,6445.466666666666,True,True,True,16
2014-05-11,200407.27706754216,215907.8249128291,6173,2014,5,May,Sunday,2,Weekend,Autumn,-15500.547845286928,-7.734523452490631,32.46513479143725,34.976158255763664,-2.5110234643264135,-7.734523452490643,34.0939571894871,34.19585646036679,1.082963388405129,-2.4875489819165604,-0.6667120604069682,6332.133333333333,True,False,False,17
2014-05-12,183413.70834773596,197835.4950837978,5653,2014,5,May,Monday,2,Weekday,Autumn,-14421.786736061855,-7.862981925385555,32.44537561431735,34.99654963449457,-2.5511740201772213,-7.862981925385541,33.70649914937227,34.166165693961986,1.1189594102973115,-3.7946563036610192,-0.851519339354505,6145.566666666667,True,False,False,17
2014-05-13,146166.6011247823,157693.18930052698,4503,2014,5,May,Tuesday,2,Weekday,Autumn,-11526.588175744691,-7.8859247509658195,32.45982703193033,35.01958456596202,-2.5597575340316894,-7.885924750965824,33.21272614293336,34.136646630395255,1.1525358398924448,-5.363058914007056,-1.0408966018204786,6129.333333333333,True,False,False,17
2014-05-14,201120.72764081473,218098.76188801107,6253,2014,5,May,Wednesday,2,Weekday,Autumn,-16978.034247196338,-8.441712819137035,32.16387776120498,34.879059953304186,-2.7151821920992063,-8.441712819137033,32.91298290091982,34.09774704361828,1.1994102750952853,-6.345108530555805,-1.2438003064728558,6144.1,True,True,True,18
2014-05-15,270123.5508233284,289864.79847427225,8408,2014,5,May,Thursday,2,Weekday,Autumn,-19741.24765094387,-7.308228990316894,32.126968461385395,34.47488088419033,-2.3479124228049315,-7.3082289903168896,32.37313983774478,34.05795497275222,1.2450131783253364,-7.780516654349722,-1.4053289300415766,6174.466666666666,True,True,True,18
2014-05-16,415315.38394824736,441790.76722722733,12949,2014,5,May,Friday,2,Weekday,Autumn,-26475.383278979978,-6.374765853190521,32.07316271127094,34.11775173582727,-2.0445890245563305,-6.374765853190508,32.31114773128314,34.015986780892156,1.2907032174267776,-7.6259562177543945,-1.5328058838595786,6312.066666666667,True,True,True,18
2014-05-17,498716.9975550141,526707.3769616452,15508,2014,5,May,Saturday,2,Weekend,Autumn,-27990.37940663111,-5.612477526103059,32.15869213019178,33.963591498687464,-1.8048993684956827,-5.612477526103047,32.27043407167686,33.976766725474285,1.329396844849443,-7.3172307596556445,-1.6344543504593048,6216.8,True,True,True,18
2014-05-18,166433.17212925974,174376.63247461844,5141,2014,5,May,Sunday,2,Weekend,Autumn,-7943.460345358704,-4.772762691315793,32.37369619320361,33.918815886912746,-1.5451196937091396,-4.772762691315783,32.25737141478634,33.94442288775241,1.3568428768467689,-6.89412207948781,-1.7083726786143856,5923.5,True,False,False,19
2014-05-19,168520.6293674285,175540.11551824523,5194,2014,5,May,Monday,2,Weekday,Autumn,-7019.486150816723,-4.165357189304114,32.445250167005874,33.79671072742496,-1.3514605604190848,-4.165357189304116,32.25735349374184,33.914776117690344,1.3801422604123526,-6.365889974333319,-1.7613634271058556,5736.166666666667,True,False,False,19
2014-05-20,178123.53210953472,187748.1722021974,5550,2014,5,May,Tuesday,2,Weekday,Autumn,-9624.640092662681,-5.4033512465630515,32.094330109826075,33.82849949589142,-1.7341693860653464,-5.403351246563046,32.205139647726945,33.87367453990113,1.4161299056975285,-6.0112366165614946,-1.856559149156992,5806.866666666667,True,False,False,19
2014-05-21,194878.80263463093,204460.6653774428,6070,2014,5,May,Wednesday,2,Weekday,Autumn,-9581.862742811878,-4.916831699123511,32.10523931377775,33.683799897437034,-1.5785605836592822,-4.916831699123493,32.196762726665916,33.83247957672413,1.449733597215973,-5.5076821708452774,-1.9326737240601743,5848.066666666667,True,True,True,20
2014-05-22,115475.09689625975,115011.32260883169,3421,2014,5,May,Thursday,2,Weekday,Autumn,463.7742874280666,0.4016227739949082,33.754778397035885,33.619211519681876,0.13556687735400885,0.4016227739949062,32.42930700318742,33.84663035437081,1.4467311341918578,-4.406274775943591,-1.830481920619217,5779.6,False,False,False,21
2014-05-23,430521.02453865507,449274.1862583655,13384,2014,5,May,Friday,2,Weekday,Autumn,-18753.16171971045,-4.355922394221345,32.16684283761619,33.5680055482939,-1.4011627106777098,-4.355922394221349,32.442689878379596,33.750873694829856,1.4600598068519497,-4.117868567519423,-2.052140872030945,6121.7,True,True,True,22
2014-05-24,590642.8256606437,614245.7941495274,18356,2014,5,May,Saturday,2,Weekend,Autumn,-23602.968488883693,-3.9961491892301213,32.17709880478556,33.462943677790776,-1.2858448730052174,-3.9961491892301346,32.44531940332156,33.65541097302319,1.4664108488594012,-3.8869645193947178,-2.2609538672744534,6639.933333333333,True,True,True,22
2014-05-25,210764.71795229093,217364.46301139216,6500,2014,5,May,Sunday,2,Weekend,Autumn,-6599.745059101231,-3.131332949471724,32.42534122342937,33.44068661713725,-1.0153453937078822,-3.1313329494717252,32.45269726478239,33.581512222730474,1.4708166399681486,-3.6524745562741368,-2.403814794895115,6572.033333333334,False,False,False,23
2014-05-26,218189.34852144716,225607.5951852721,6752,2014,5,May,Monday,2,Weekday,Autumn,-7418.246663824946,-3.3999123761514696,32.314773181493955,33.41344715421684,-1.0986739727228851,-3.399912376151458,32.43405769542354,33.501185723821784,1.47204088468773,-3.54312529725233,-2.562685106117813,6523.466666666666,False,True,False,23
2014-05-27,226132.46392936216,234496.51283165644,7023,2014,5,May,Tuesday,2,Weekday,Autumn,-8364.048902294278,-3.698738675976656,32.19884151065957,33.38979251483076,-1.1909510041711897,-3.69873867597665,32.44898789554261,33.41482197324857,1.469836466068748,-3.299609215739988,-2.737261172296944,6637.833333333333,False,True,False,23
2014-05-28,243720.86804506715,252929.29469238102,7579,2014,5,May,Wednesday,2,Weekday,Autumn,-9208.42664731387,-3.778267622783582,32.15739121850734,33.372383519248054,-1.214992300740711,-3.7782676227835736,32.45643816764684,33.3292423931332,1.4656714080871531,-3.136957204834284,-2.9077569957733704,6771.266666666666,False,True,False,23
2014-05-29,207429.42904813593,215118.84649511724,6448,2014,5,May,Thursday,2,Weekday,Autumn,-7689.417446981301,-3.707004103644763,32.16957646528163,33.36210398497476,-1.1925275196931295,-3.707004103644762,32.2299807488248,33.24717432528523,1.4591468235054772,-3.723903901639951,-3.067662789390944,6859.3,False,False,False,23
2014-05-30,503149.4313453478,521651.08612557297,15637,2014,5,May,Friday,2,Weekday,Autumn,-18501.654780225188,-3.6771689735899087,32.1768517839322,33.36004899440896,-1.183197210476763,-3.6771689735899,32.23141059829852,33.146096084327624,1.4231305858690486,-3.6269391272640314,-3.280768022788992,7233.933333333333,False,True,False,23
2014-05-31,603748.7895260763,626259.3868488161,18775,2014,5,May,Saturday,2,Weekend,Autumn,-22510.597322739777,-3.728470799984524,32.15705936224108,33.35602593069593,-1.1989665684548498,-3.728470799984529,32.228547820792166,33.04512355923066,1.3802034097522686,-3.588699357371804,-3.4907920311407543,7688.966666666666,False,True,False,23
2014-06-01,456017.4630926764,473223.9807315766,14188,2014,6,June,Sunday,2,Weekend,Winter,-17206.5176389002,-3.7732146313447914,32.141067316935185,33.35381877160816,-1.2127514546729756,-3.7732146313447865,32.18793726272157,32.924256161640606,1.28939754415294,-3.680396740496527,-3.749786252302681,8009.2,False,True,False,23
2014-06-02,425845.1960447211,442155.99116118724,13256,2014,6,June,Monday,2,Weekday,Winter,-16310.79511646612,-3.830217005607175,32.12471303898017,33.35515926080169,-1.2304462218215235,-3.830217005607174,32.16078581379102,32.810003809802794,1.1970505102889197,-3.741868830418771,-3.9747146997157756,8327.833333333334,False,True,False,23
2014-06-03,328217.769952647,340913.591725203,10223,2014,6,June,Tuesday,2,Weekday,Winter,-12695.821772555995,-3.868109205174254,32.10581727014056,33.347705343363295,-1.2418880732227322,-3.8681092051742536,32.147496636574026,32.70580907438542,1.1120148647898307,-3.7660646203041424,-4.156670757266889,8580.533333333333,False,True,False,23
2014-06-04,286405.9988025032,296902.67253080226,8904,2014,6,June,Wednesday,2,Weekday,Winter,-10496.673728299036,-3.664962944975611,32.16599267772947,33.34486439025183,-1.1788717125223585,-3.664962944975627,32.1487254164629,32.60608943380569,1.0144240136049472,-3.749878237760146,-4.321728499660265,8772.2,False,True,False,23
2014-06-05,184989.88866687592,192824.89012846403,5783,2014,6,June,Thursday,2,Weekday,Winter,-7835.001461588108,-4.235367412808782,31.988567986663657,33.34340137099499,-1.3548333843313323,-4.235367412808774,32.12286706237462,32.47516709746106,0.8041413337556853,-3.8253587104978632,-4.566003864135772,8854.166666666666,False,False,False,23
2014-06-06,288118.3044474556,300213.5594066618,9005,2014,6,June,Friday,2,Weekday,Winter,-12095.254959206155,-4.1980168467262295,31.99536973319885,33.33854074477088,-1.3431710115720321,-4.198016846726228,32.096941055127,32.399610073391024,0.7338734152971722,-3.8997655495173373,-4.653692242250121,9065.1,False,False,False,23
2014-06-07,391930.8780096609,407438.9196005409,12222,2014,6,June,Saturday,2,Weekend,Winter,-15508.041590879962,-3.956830773230808,32.06765488542472,33.33651772218466,-1.2688628367599364,-3.956830773230803,32.08416898701038,32.27166957278483,0.3186073466945008,-3.932388402838235,-4.876907530565831,9383.066666666668,False,True,False,23
2014-06-08,193772.58110879714,201254.71251154633,6037,2014,6,June,Sunday,2,Weekend,Winter,-7482.13140274919,-3.861295215213246,32.09749562842424,33.336874691327864,-1.2393790629036232,-3.8612952152132376,32.07794446008024,32.25801584518222,0.3169423659749937,-3.9449713433908715,-4.757061074094347,9273.366666666667,False,False,False,23
2014-06-09,214177.98344261837,220255.2191788284,6607,2014,6,June,Monday,2,Weekday,Winter,-6077.235736210045,-2.837469864328156,32.416828128139606,33.336645857246616,-0.9198177291070095,-2.837469864328141,32.11967518710302,32.25712052453902,0.31643731607321934,-3.8031503232081545,-4.592524878478807,9050.066666666668,False,False,False,23
2014-06-10,188334.52117067974,195254.78100370185,5857,2014,6,June,Tuesday,2,Weekday,Winter,-6920.259833022108,-3.6744510724884925,32.15545862569229,33.33699522002763,-1.1815365943353413,-3.674451072488485,32.12676680932469,32.24679798568085,0.31446249912348634,-3.775484875681617,-4.457189132478736,9039.533333333333,False,False,False,23
2014-06-11,174324.99481545974,180978.6010382294,5429,2014,6,June,Wednesday,2,Weekday,Winter,-6653.606222769653,-3.816782687883143,32.10996404779144,33.33553159665305,-1.225567548861605,-3.816782687883143,32.118762719333546,32.23561760012999,0.31311855519563075,-3.7971734103826935,-4.322315824561989,9032.066666666668,False,False,False,23
2014-06-12,200271.56431625973,207757.70297321578,6232,2014,6,June,Thursday,2,Weekday,Winter,-7486.138656956056,-3.7379937998258645,32.13600197629328,33.33724373767904,-1.2012417613857593,-3.7379937998258623,32.13982471785206,32.224823431608755,0.3106950850087056,-3.7261200370994194,-4.184051459523991,9089.7,False,False,False,23
2014-06-13,468701.63017391367,486180.5443618799,14585,2014,6,June,Friday,2,Weekday,Winter,-17478.914187966206,-3.72921984109178,32.135867684190174,33.33428483797599,-1.1984171537858188,-3.7292198410917714,32.159895853707965,32.22388976237493,0.31092654846770307,-3.6591490362944983,-4.0269683602558155,9367.433333333332,False,True,False,23
2014-06-14,473425.7541569488,492135.2922944348,14745,2014,6,June,Saturday,2,Weekend,Winter,-18709.53813748597,-3.9519476862434137,32.107545212407516,33.37641860253881,-1.2688733901312972,-3.951947686243415,32.165594471848365,32.22324232074233,0.31115546496892,-3.6584514524391563,-3.9150923167866996,9578.666666666666,False,True,False,23
2014-06-15,224232.1213750946,233554.0322464338,6991,2014,6,June,Sunday,2,Weekend,Winter,-9321.910871339205,-4.157259367735968,32.07439870906803,33.407814654045744,-1.333415944977716,-4.157259367735971,32.16229491194033,32.2232835206689,0.3111349889243034,-3.700732045656688,-3.841175433938214,9380.066666666668,False,False,False,23
2014-06-16,185606.27501469472,193340.31536521245,5788,2014,6,June,Monday,2,Weekday,Winter,-7734.040350517724,-4.1669067222567815,32.067428302469715,33.403648128060205,-1.33621982559049,-4.166906722256799,32.11238065113035,32.22024139307817,0.31223254064894085,-3.8906515967893482,-3.7929897404766715,9056.066666666668,False,False,False,23
2014-06-17,212687.50941481217,221403.64501724,6632,2014,6,June,Tuesday,2,Weekday,Winter,-8716.135602427821,-4.0980947242315136,32.06988983938663,33.384144302961396,-1.3142544635747626,-4.098094724231515,32.10015653880097,32.2101145146176,0.3120105119669246,-3.9511721184669235,-3.770500808240529,9105.766666666666,False,False,False,23
2014-06-18,184259.69242149973,192057.5108470778,5752,2014,6,June,Wednesday,2,Weekday,Winter,-7797.818425578065,-4.231971910460111,32.03402163099786,33.38969242821241,-1.3556707972145503,-4.2319719104601266,32.08930762211617,32.196406896750666,0.3103529243968134,-4.010484864549347,-3.772721298945729,9124.366666666667,False,False,False,23
2014-06-19,113735.8161577795,119544.0197640804,3578,2014,6,June,Thursday,2,Weekday,Winter,-5808.2036063009,-5.10674983704649,31.78753945158734,33.41084957073237,-1.623310119145028,-5.106749837046499,32.039527261443894,32.18618054147604,0.31877268734878844,-4.20602144129515,-3.7628345852951766,9058.633333333333,True,False,False,23
2014-06-20,203165.08297513984,205350.6430787224,6119,2014,6,June,Friday,2,Weekday,Winter,-2185.5601035825675,-1.0757557704194682,33.20233420087266,33.55951022695251,-0.35717602607984844,-1.0757557704194807,32.19187962096997,32.22275037104587,0.3682559531512205,-3.82695514548482,-3.6347987210050423,9060.266666666666,False,False,False,23
2014-06-21,203345.24456475486,206918.9125938658,6161,2014,6,June,Saturday,2,Weekend,Winter,-3573.668029110937,-1.7574387032065115,33.005233657645654,33.58528040802886,-0.5800467503832039,-1.7574387032065024,32.320120827432554,32.19776554639953,0.27412581691116206,-3.513453862193834,-3.706767436911756,9151.6,False,False,False,23
2014-06-22,134944.48896695639,135372.52702503128,4015,2014,6,June,Sunday,2,Weekend,Winter,-428.0380580748897,-0.317195656785734,33.610084425144805,33.71669415318338,-0.1066097280385776,-0.3171956567857335,32.539504501157815,32.24587359931715,0.37616306075840894,-2.9648733320580862,-3.572143212330569,8839.3,False,False,False,23
2014-06-23,138298.21024496638,139206.02689008065,4133,2014,6,June,Monday,2,Weekday,Winter,-907.8166451142752,-0.6564196626306789,33.461942957891694,33.68159373096556,-0.21965077307386593,-0.6564196626306881,32.738720880503806,32.288701737754025,0.43638515214384543,-2.4633751806829287,-3.4608188947772547,8365.2,False,False,False,23
2014-06-24,36692.67986190049,35299.064235203216,1047,2014,6,June,Tuesday,2,Weekday,Winter,1393.6156266972757,3.798075343481041,35.04553950515806,33.71448351022275,1.331055994935312,3.7980753434810297,33.163813689899726,32.376041680478316,0.6663116229694991,-1.3353508852954212,-3.2298386183454957,8183.433333333333,False,False,False,23
2014-06-25,56077.54269213074,53925.25763103767,1601,2014,6,June,Wednesday,2,Weekday,Winter,2152.285061093069,3.8380516651902,35.02657257472251,33.68223462275932,1.3443379519631904,3.838051665190198,33.591320967574674,32.466434993585935,0.8231896720507692,-0.182490374488234,-2.9885731503007733,8011.733333333334,False,False,False,23
2014-06-26,55780.707452340735,53688.24119505065,1592,2014,6,June,Thursday,2,Weekday,Winter,2092.466257290085,3.751236498887894,35.03813282182207,33.72376959488106,1.3143632269410048,3.751236498887885,34.05569144903678,32.56107803729135,0.9454956759680646,1.0829362449309639,-2.740240644471955,7830.7,False,False,False,23
2014-06-27,131721.2383167888,127302.42713472138,3759,2014,6,June,Friday,2,Weekday,Winter,4418.811182067424,3.3546687220174842,35.04156379802841,33.866035417590155,1.1755283804382586,3.3546687220174767,34.31843853434474,32.65721712327539,1.0444841157059348,1.7158540295648141,-2.5024760996452526,7703.366666666667,False,False,False,23
2014-06-28,146169.07657195258,141012.32941184982,4172,2014,6,June,Saturday,2,Weekend,Winter,5156.747160102765,3.5279330492071117,35.03573263949007,33.79969544866966,1.2360371908204115,3.5279330492071064,34.60850981746537,32.752755662415666,1.1262262167355443,2.4709071370524747,-2.261311527883523,7627.5,False,False,False,23
2014-06-29,62073.58541298098,60083.86983686743,1772,2014,6,June,Sunday,2,Weekend,Winter,1989.715576113551,3.2054142883414896,35.030240075045704,33.90737575443986,1.1228643206058422,3.2054142883414913,34.811389196022645,32.84786860545278,1.1943408954406272,2.974137129213507,-2.0318920858191434,7165.333333333333,False,False,False,23
2014-06-30,93619.84699129574,90294.37608768833,2672,2014,6,June,Monday,2,Weekday,Winter,3325.4709036074055,3.5521003403440616,35.037367885963974,33.792805422039045,1.2445624639249289,3.5521003403440665,35.03644990003297,32.94387888957688,1.2513056010624792,3.575354272495612,-1.7892063811415242,6628.566666666667,False,False,False,23
2014-07-01,180183.03135601137,173842.92092590587,5143,2014,7,July,Tuesday,3,Weekday,Winter,6340.110430105502,3.5187056086199977,35.03461624655092,33.80185123972504,1.232765006825879,3.518705608619995,35.034889434517666,33.04033052056407,1.297939936330615,3.5354443103726063,-1.5461423731426978,6327.066666666667,False,False,False,23
2014-07-02,104760.70623579,101615.73201573636,2990,2014,7,July,Wednesday,3,Weekday,Winter,3144.974220053642,3.0020551913568587,35.03702549691973,33.985194654092425,1.0518308428273073,3.002055191356865,35.03638270911727,33.137407602495394,1.3354646735185987,3.416016242682129,-1.3183999665772297,5984.866666666667,False,False,False,23
2014-07-03,93450.5336849105,90927.08965764765,2667,2014,7,July,Thursday,3,Weekday,Winter,2523.4440272628417,2.7002992147387848,35.03957018556824,34.0933969469995,0.9461732385687398,2.7002992147387714,35.036588046795295,33.235199366342975,1.364420527987401,3.2658823449465415,-1.0994530192467953,5733.0,False,False,False,23
2014-07-04,98087.55590394074,95423.27398722722,2799,2014,7,July,Friday,3,Weekday,Winter,2664.2819167135167,2.716228263779664,35.04378560340862,34.09191639415049,0.9518692092581347,2.716228263779666,35.03690544756389,33.33112579719895,1.3876224117288436,3.174676565198282,-0.8867466456216194,5529.5,False,False,False,23
2014-07-05,117562.26290534917,114395.62762744626,3355,2014,7,July,Saturday,3,Weekend,Winter,3166.635277902911,2.6935814262544504,35.04091293751093,34.09705741503614,0.9438555224747915,2.693581426254463,35.0376454901383,33.43287062889386,1.397654846589772,3.055483476205044,-0.6557816843195118,5448.566666666667,False,False,False,23
2014-07-06,70153.08097215135,68252.24220948873,2002,2014,7,July,Sunday,3,Weekend,Winter,1900.8387626626209,2.7095584916893336,35.04149898708859,34.0920290756687,0.9494699114198895,2.7095584916893305,35.03925390614443,33.534408270690186,1.4002673713197307,2.984646933826165,-0.425529173038993,5215.133333333333,False,False,False,23
2014-07-07,68918.41528749111,66990.88135215205,1967,2014,7,July,Monday,3,Weekday,Winter,1927.533935339059,2.796834383522037,35.03732348118511,34.057387570997484,0.9799359101876277,2.796834383522043,35.039247562604594,33.6333972238822,1.3979681915801274,2.876751797137304,-0.2004070011472315,4873.3,False,False,False,23
2014-07-08,108417.40283335964,105373.30003337098,3094,2014,7,July,Tuesday,3,Weekday,Winter,3044.1027999886574,2.807762149281073,35.041177386347655,34.057304471031344,0.9838729153163115,2.8077621492810825,35.04018486828984,33.73151994914631,1.3897301409331875,2.7751884458031717,0.02189491100257914,4775.2,False,False,False,23
2014-07-09,81802.6082085011,79496.49424396551,2335,2014,7,July,Wednesday,3,Weekday,Winter,2306.113964535587,2.819120337407446,35.03323692012895,34.04560781326146,0.9876291068674874,2.819120337407441,35.03964364303401,33.818733575545956,1.3864742193078683,2.74905489523897,0.2104479177270992,4632.8,False,False,False,23
2014-07-10,103998.55973343049,101270.97105094598,2968,2014,7,July,Thursday,3,Weekday,Winter,2727.5886824845074,2.622717746741756,35.039946001829684,34.120947119590966,0.9189988822387178,2.622717746741763,35.039697331071366,33.914883154750534,1.367032351447488,2.737971828382252,0.4203535450347742,4536.5,False,False,False,23
2014-07-11,134018.08926347757,130633.26271454827,3825,2014,7,July,Friday,3,Weekday,Winter,3384.826548929297,2.5256490131528277,35.037408957771916,34.152486984195626,0.8849219735762901,2.525649013152837,35.03878638169469,34.01246465174988,1.3379244448836631,2.710746221149847,0.6317679350693065,4483.033333333334,False,False,False,23
2014-07-12,99277.29950301051,96688.49781301751,2833,2014,7,July,Saturday,3,Weekend,Winter,2588.8016899929935,2.6076471690434024,35.043169609251855,34.129367388993124,0.9138022202587308,2.6076471690433936,35.039108763371964,34.10937023951517,1.3021299862961018,2.6984698986911257,0.8432893006982821,4369.733333333334,False,False,False,23
2014-07-13,49705.23199992073,48370.308994006264,1419,2014,7,July,Sunday,3,Weekend,Winter,1334.9230059144684,2.6856790567170017,35.028352360761616,34.08760323749561,0.9407491232660092,2.685679056716999,35.03723067389668,34.205786395400885,1.2572776568355029,2.695058550837935,1.057119263958575,3930.866666666667,False,False,False,23
2014-07-14,75384.57455073134,73393.44659366891,2151,2014,7,July,Monday,3,Weekday,Winter,1991.127957062432,2.6412936186599665,35.04629221326422,34.12061673345835,0.9256754798058751,2.641293618659973,35.03851192133656,34.30374462876277,1.2014018476749388,2.6728384415719253,1.2768939741220209,3511.0666666666666,False,False,False,23
2014-07-15,110288.23417419061,107437.3809516128,3148,2014,7,July,Tuesday,3,Weekday,Winter,2850.853222577818,2.5849114766631813,35.03438188506691,34.1287741269418,0.9056077581251074,2.5849114766631995,35.037541135439305,34.4024107346294,1.1315144435901203,2.641002631197941,1.501633002268659,3382.9666666666667,False,False,False,23
2014-07-16,156536.68620542108,164641.35398748523,4825,2014,7,July,Wednesday,3,Weekday,Winter,-8104.667782064149,-5.177487768859817,32.44283651925826,34.12256041191404,-1.6797238926557796,-5.177487768859809,34.66748393531493,34.41492434185569,1.1066026540040796,1.4986300445883318,1.4679469673818912,3350.866666666667,True,True,True,24
2014-07-17,80823.05919792122,78844.86050033744,2307,2014,7,July,Thursday,3,Weekday,Winter,1978.198697583779,2.447567213138424,35.03383580317348,34.17635912455025,0.8574766786232288,2.447567213138436,34.66661104979261,34.51372254064859,1.0188490064140368,1.4736085397878558,1.6861356986275557,3206.7,False,False,False,25
2014-07-18,124615.6856084088,121612.17892455596,3557,2014,7,July,Friday,3,Weekday,Winter,3003.5066838528437,2.4102155913911476,35.033929043690975,34.18953582360302,0.8443932200879516,2.410215591391148,34.66611391920962,34.61371945440502,0.908300086366629,1.4571180509647588,1.9075419486892644,3133.5333333333333,False,True,False,25
2014-07-19,242758.9505283758,255779.85446049325,7485,2014,7,July,Saturday,3,Weekend,Winter,-13020.90393211745,-5.3637173433881085,32.43272552149309,34.17232524522288,-1.739599723729789,-5.363717343388117,34.293193335244084,34.635225656735216,0.8444714320074991,0.31835169204597147,1.898976365144544,3263.766666666667,True,True,True,26
2014-07-20,85078.24368943609,83020.51412546248,2428,2014,7,July,Sunday,3,Weekend,Winter,2057.729563973611,2.418631926024483,35.04046280454534,34.192962984127874,0.8474998204174682,2.4186319260244846,34.29492339864175,34.69649661019097,0.8025657844856884,0.2802021019470402,2.0154559550260087,3140.733333333333,False,False,False,27
2014-07-21,86738.06742726086,84643.27182721549,2475,2014,7,July,Monday,3,Weekday,Winter,2094.7956000453705,2.415082168855192,35.04568380899428,34.1993017483699,0.8463820606243857,2.415082168855174,34.294836483746046,34.764511615235925,0.7381716325093507,0.24788618054635814,2.1545399840947326,3017.866666666667,False,False,False,27
2014-07-22,56673.61581162085,55278.70782923058,1618,2014,7,July,Tuesday,3,Weekday,Winter,1394.907982390272,2.461300487738155,35.02695662028483,34.164837966149925,0.8621186541349033,2.4613004877381575,34.29377573163432,34.811740688407255,0.7064061812680722,0.23022746784278292,2.2471565222455285,2937.9666666666667,False,False,False,27
2014-07-23,165742.17046423352,173725.35752062302,5106,2014,7,July,Wednesday,3,Weekday,Winter,-7983.187056389492,-4.816629970531387,32.46027623663014,34.02376763036095,-1.563491393730807,-4.816629970531392,34.296267119830304,34.77835179769854,0.791011306189358,0.28177858188970145,2.108482845315505,2970.4,True,True,True,28
2014-07-24,95618.24880371086,92416.90383823749,2729,2014,7,July,Thursday,3,Weekday,Winter,3201.3449654733704,3.34804810329169,35.037833933202954,33.86475039876786,1.1730835344350936,3.34804810329169,34.296838281263085,34.77809494530003,0.7909228010084444,0.4104187090544538,2.0934819373091935,3026.4666666666667,False,False,False,29
2014-07-25,515698.7957661752,538260.2718039068,15897,2014,7,July,Friday,3,Weekday,Winter,-22561.47603773157,-4.374932852851036,32.44000728226553,33.859235818324635,-1.4192285360591015,-4.37493285285103,33.926278029630886,34.69187610221813,0.8967971661290585,-0.5588882115515724,1.8197157867078189,3503.0,True,True,True,30
2014-07-26,562590.3665478406,586670.514084788,17343,2014,7,July,Saturday,3,Weekend,Winter,-24080.147536947392,-4.280227492110764,32.43904552544777,33.82751047020631,-1.388464944758546,-4.280227492110776,33.92718088733869,34.60523985900566,0.983541915569093,-0.4041039470833803,1.5520003203411967,4028.0333333333333,True,True,True,30
2014-07-27,266305.92588997324,277238.0103614798,8207,2014,7,July,Sunday,3,Weekend,Winter,-10932.08447150659,-4.105084945057994,32.44863237358027,33.78067629602533,-1.3320439224450595,-4.105084945057999,33.55691939720082,34.51880881152405,1.0551965624719242,-1.3360635000951628,1.3033418647720145,4176.3,True,True,True,30
2014-07-28,292634.7456928194,304508.379030808,9018,2014,7,July,Monday,3,Weekday,Winter,-11873.633337988576,-4.057492663722306,32.45007160044571,33.76673087500643,-1.3166592745607204,-4.057492663722306,33.18611765312245,34.43262011022258,1.1153994555183007,-2.260717047606234,1.0504943410077003,4337.833333333333,True,True,True,30
2014-07-29,212360.99307795215,221017.07309976683,6548,2014,7,July,Tuesday,3,Weekday,Winter,-8656.080021814676,-4.076115814092683,32.43142838698109,33.753370968198965,-1.3219425812178756,-4.07611581409267,32.81532790550764,34.345993053953755,1.167104488130654,-3.1946336621534965,0.8077766709265612,4497.033333333334,True,True,True,30
2014-07-30,198019.33209153594,205903.82494520774,6102,2014,7,July,Wednesday,3,Weekday,Winter,-7884.492853671807,-3.9816783393790764,32.45154573771484,33.74366190514712,-1.2921161674322832,-3.981678339379069,32.81408069137688,34.25979898234545,1.2090164517360231,-3.0753548577031666,0.55665071493579,4611.366666666667,True,True,True,30
2014-07-31,295508.3272942658,307222.3954216875,9108,2014,7,July,Thursday,3,Weekday,Winter,-11714.06812742172,-3.964039942521453,32.44491955360845,33.731049124032445,-1.286129570423995,-3.964039942521462,32.443664351434805,34.17347575924737,1.2437401494192322,-4.119938864247901,0.307225863231075,4743.533333333334,True,True,True,30
2014-08-01,611894.6731809496,636341.3159261962,18867,2014,8,August,Friday,3,Weekday,Winter,-24446.64274524653,-3.9952370590448267,32.43200684692583,33.727742403466166,-1.2957355565403361,-3.9952370590448263,32.44252143210057,34.08664180424757,1.2719871633754483,-4.065696607989872,0.07398278821768546,5272.766666666666,True,True,True,30
2014-08-02,628685.218828356,653779.9634532441,19384,2014,8,August,Saturday,3,Weekend,Winter,-25094.74462488806,-3.991623132424788,32.43320361268861,33.72781487067912,-1.2946112579905105,-3.9916231324247873,32.44168687313497,33.99976291848491,1.2934841494250948,-4.024467413749018,-0.14908129002110032,5830.0,True,True,True,30
2014-08-03,307272.68372995686,319500.00945712806,9473,2014,8,August,Sunday,3,Weekend,Winter,-12227.325727171206,-3.9793077532127956,32.436681487380646,33.72743686869293,-1.2907553813122803,-3.979307753212804,32.439979603677884,33.91285944795065,1.3084158610438994,-4.006499243485417,-0.372265823920849,6052.466666666666,True,True,True,30
2014-08-04,362106.5326359408,376645.7509344858,11170,2014,8,August,Monday,3,Weekday,Winter,-14539.21829854499,-4.015177023376878,32.417773736431585,33.719404738987095,-1.30163100255551,-4.015177023376893,32.43536562310443,33.82542147458134,1.3180448494721035,-4.000454152007499,-0.5958911055752265,6312.966666666666,True,True,True,30
2014-08-05,262349.59097271576,272809.2904438099,8091,2014,8,August,Tuesday,3,Weekday,Winter,-10459.699471094122,-3.9869318767803703,32.42486602060509,33.717623339983916,-1.292757319378829,-3.986931876780365,32.434428142193575,33.738200375698554,1.3213695871813451,-3.9877135895343123,-0.8191074511908832,6515.933333333333,False,True,False,31
2014-08-06,80697.90350079122,77649.63653325358,2303,2014,8,August,Wednesday,3,Weekday,Winter,3048.2669675376383,3.7773806199410758,35.040340208767354,33.71673318855996,1.3236070202073975,3.777380619941073,32.80425592377251,33.738300933284634,1.321471971733072,-2.879276595345719,-0.7864225766435822,6527.133333333333,False,False,False,31
2014-08-07,103272.62271335037,99367.23322268797,2947,2014,8,August,Thursday,3,Weekday,Winter,3905.3894906624046,3.781630976393846,35.04330597670525,33.71809746273769,1.32520851396756,3.781630976393841,33.17545398421491,33.738371886296555,1.3215443936935662,-1.7727521783578186,-0.7539602824064896,6522.233333333334,False,False,False,31
2014-08-08,439421.4220670738,456509.62185022025,13542,2014,8,August,Friday,3,Weekday,Winter,-17088.19978314644,-3.888795339736094,32.44878319798212,33.71064996678631,-1.2618667688041967,-3.8887953397360926,33.177850605794376,33.65222342889165,1.31845814833443,-1.7575462184565713,-0.9775574716446076,6895.8,False,True,False,31
2014-08-09,408616.3506319135,424340.94938278507,12588,2014,8,August,Saturday,3,Weekend,Winter,-15724.598750871548,-3.8482549037878453,32.46078413027594,33.70995784737727,-1.2491737171013284,-3.8482549037878386,33.18179067973542,33.56625136650653,1.308903760534463,-1.737065042937008,-1.1932565599955942,7216.466666666666,False,True,False,31
2014-08-10,195866.77301944338,203331.43478475648,6032,2014,8,August,Sunday,3,Weekend,Winter,-7464.661765313096,-3.811091411901748,32.471281999244596,33.708792238852205,-1.2375102396076088,-3.811091411901747,33.1867336100017,33.48071380122229,1.2932023280981897,-1.7130341370354298,-1.404481240830747,7290.033333333334,False,False,False,31
2014-08-11,232347.3531692896,241134.5277944064,7158,2014,8,August,Monday,3,Weekday,Winter,-8787.174625116808,-3.7819129442436226,32.4598146366708,33.68741656809254,-1.227601931421738,-3.781912944243619,33.19273945289302,33.39460196880292,1.2714003290184361,-1.6797106971592506,-1.6174665779403141,7434.2,False,False,False,31
2014-08-12,190325.18114338472,197438.11163851494,5863,2014,8,August,Tuesday,3,Weekday,Winter,-7112.930495130218,-3.7372513991049723,32.462081041000296,33.675270618883665,-1.2131895778833695,-3.73725139910496,33.19805588437805,33.30905959147754,1.2437184941804558,-1.6440420574913366,-1.831564259801047,7582.333333333333,False,False,False,31
2014-08-13,197698.11855084094,205114.12894822727,6092,2014,8,August,Wednesday,3,Weekday,Winter,-7416.01039738633,-3.751179045985303,32.452087746362594,33.669423661888914,-1.21733591552632,-3.75117904598531,32.82830553260594,33.22258610924749,1.208451970105148,-2.719550581195105,-2.0446466819558893,7713.7,False,False,False,31
2014-08-14,177908.83560484851,184687.52914036706,5485,2014,8,August,Thursday,3,Weekday,Winter,-6778.6935355185415,-3.810206228640958,32.43552153233337,33.67138179405051,-1.2358602617171428,-3.8102062286409506,32.45576489769567,33.135957430823034,1.1665164709756792,-3.804098753342934,-2.2578172721326935,7791.6,False,False,False,31
2014-08-15,473321.8824517537,491559.42296304414,14587,2014,8,August,Friday,3,Weekday,Winter,-18237.540511290426,-3.853094730550388,32.44819924945182,33.69845910489094,-1.2502598554391184,-3.8530947305503873,32.45568147647706,33.13613618849616,1.1664069999144664,-3.798998666316405,-2.2136708375223795,8117.0,False,True,False,31
2014-08-16,541600.8921595308,562953.3707736537,16686,2014,8,August,Saturday,3,Weekend,Winter,-21352.478614122956,-3.942474785996751,32.458401783502985,33.73806608975511,-1.2796643062521227,-3.942474785996744,32.455341141223776,33.050288387840475,1.115588883364045,-3.8124586494891055,-2.4266722374935523,8596.3,False,True,False,31
2014-08-17,239513.979042657,249203.12076822476,7380,2014,8,August,Sunday,3,Weekend,Winter,-9689.141725567752,-4.045334541347223,32.45446870496708,33.76736053769983,-1.3128918327327526,-4.045334541347207,32.452939242041275,32.96430637654968,1.0552006149978992,-3.845921953695602,-2.6418572419181645,8723.733333333334,False,False,False,31
2014-08-18,255224.22255235323,265532.5462048222,7864,2014,8,August,Monday,3,Weekday,Winter,-10308.323652468971,-4.038928417287846,32.45475871723718,33.76558318982988,-1.3108244725926994,-4.0389284172878535,32.45221696783647,32.965040816407814,1.0548254673160533,-3.8826384498447766,-2.5976976110481558,8736.366666666667,False,False,False,31
2014-08-19,160372.03970902972,167021.15782900868,4941,2014,8,August,Tuesday,3,Weekday,Winter,-6649.118119978957,-4.146058210672356,32.45740532463665,33.803108243069964,-1.345702918433311,-4.146058210672376,32.451549008355954,32.87893890041086,0.9825188845069154,-3.941039422925832,-2.8165206156047167,8820.133333333333,False,False,False,31
2014-08-20,171587.33225254016,174723.17542794356,5151,2014,8,August,Wednesday,3,Weekday,Winter,-3135.8431754033954,-1.8275493500814497,33.31146034799848,33.92024372509096,-0.608783377092486,-1.8275493500814497,32.574316522875364,32.821131451711,0.8980246072959946,-3.6662351806538527,-2.9579416662359383,8909.333333333334,False,False,False,31
2014-08-21,164208.06061259517,167239.64875993136,4928,2014,8,August,Thursday,3,Weekday,Winter,-3031.5881473361806,-1.8461871701221773,33.321440871062336,33.936617037323735,-0.6151761662613993,-1.8461871701221741,32.70087642840808,32.76428092673691,0.8024678109141723,-3.3856610294368843,-3.101524588164616,9019.666666666666,False,False,False,31
2014-08-22,376778.83570449764,384006.045320909,11309,2014,8,August,Friday,3,Weekday,Winter,-7227.209616411361,-1.9181570012811333,33.316724352683494,33.95579143345203,-0.6390670807685339,-1.9181570012811306,32.824951443155456,32.79282919727203,0.8065039028444423,-3.1092413538269907,-3.004908822522941,9226.433333333332,False,True,False,31
2014-08-23,453633.473978322,463250.071255098,13613,2014,8,August,Saturday,3,Weekend,Winter,-9616.597276775981,-2.1199046870239417,33.32354910587835,34.02997658525659,-0.7064274793782417,-2.119904687023947,32.948543917780505,32.73568636969454,0.6949737303030549,-2.8488741968308746,-3.1871739155334624,9589.233333333334,False,True,False,31
2014-08-24,214392.4008527526,218347.79777692942,6424,2014,8,August,Sunday,3,Weekend,Winter,-3955.3969241768355,-1.8449333597851967,33.37366140298141,33.98938321558677,-0.6157218126053579,-1.8449333597851891,33.07985716035399,32.766808173718395,0.7021443782249035,-2.5345311708934424,-3.1028405990979335,9273.466666666667,False,False,False,31
2014-08-25,316404.06232243,323293.3966404731,9493,2014,8,August,Monday,3,Weekday,Winter,-6889.334318043082,-2.177384913289305,33.330249902289054,34.055977735223124,-0.7257278329340693,-2.1773849132893175,33.204927329647106,32.796514986279774,0.7066374599620918,-2.2685963846079367,-3.0327458464705526,9011.8,False,True,False,31
2014-08-26,242824.50134045485,259860.5125486858,7619,2014,8,August,Tuesday,3,Weekday,Winter,-17036.01120823095,-7.015771108017398,31.870914994153413,34.10690544017401,-2.2359904460205975,-7.015771108017391,33.121142996720934,32.77725774029888,0.7241010189181646,-2.6785553699429423,-3.1297687185691987,8992.2,True,False,False,31
2014-08-27,274712.2532841696,304334.78464343684,8909,2014,8,August,Wednesday,3,Weekday,Winter,-29622.531359267246,-10.783112513232135,30.835363484585205,34.160375422992125,-3.32501193840692,-10.783112513232137,32.76741487337618,32.723434136436865,0.8047775319632451,-3.957921536107326,-3.3539560468861933,8988.566666666668,True,False,False,31
2014-08-28,258066.16939498458,287168.5660898254,8400,2014,8,August,Thursday,3,Weekday,Winter,-29102.396694840834,-11.27710647353315,30.72216302321245,34.18673405831255,-3.4645710351001036,-11.277106473533166,32.39608946654048,32.66645862431124,0.8828787522504707,-5.305195722308894,-3.5939890688675424,9050.3,True,False,False,31
2014-08-29,594007.2132037124,660937.8048056035,19317,2014,8,August,Friday,3,Weekday,Winter,-66930.5916018911,-11.267639536043397,30.750489889926612,34.21534424629101,-3.4648543563643983,-11.267639536043395,32.0294845432895,32.609756762718305,0.9492840760306686,-6.640836084417789,-3.836854442089686,9490.8,True,True,True,32
2014-08-30,717096.7128183594,797788.8919762375,23310,2014,8,August,Saturday,3,Weekend,Winter,-80692.17915787816,-11.25262153841688,30.76347974338736,34.22517769095828,-3.461697947570922,-11.252621538416886,31.66376034864793,32.55370876904427,1.0072220871409556,-7.945509920331067,-4.079807161952867,9964.2,True,True,True,32
2014-08-31,358170.996328817,398562.60743015877,11646,2014,8,August,Sunday,3,Weekend,Winter,-40391.61110134178,-11.277186459916615,30.754851135910783,34.22313304397723,-3.4682819080664444,-11.277186459916622,31.289644596209268,32.49780357867709,1.0594030422031422,-9.292974648921268,-4.322538808648593,9723.5,True,True,True,32
2014-09-01,594953.6349064388,662850.9907610841,19366,2014,9,September,Monday,3,Weekday,Spring,-67897.35585464537,-11.41220960274035,30.721555040092884,34.22756329448953,-3.5060082543966438,-11.412209602740356,30.916973901609815,32.44074862625724,1.1079794759769295,-10.612235318842847,-4.569891690992446,9722.9,True,True,True,32
2014-09-02,469469.9410251276,523480.3033456417,15291,2014,9,September,Tuesday,3,Weekday,Spring,-54010.362320514105,-11.50454110066725,30.702370088622562,34.234536874347114,-3.5321667857245522,-11.504541100667256,30.75003891510541,32.382938246298636,1.1525476914952395,-11.253488174935681,-4.82073280257426,9916.833333333334,True,True,True,32
2014-09-03,464067.7993402126,517180.5432955554,15100,2014,9,September,Wednesday,3,Weekday,Spring,-53112.7439553428,-11.44503971851866,30.73296684372269,34.25036710566592,-3.5174002619432336,-11.445039718518665,30.73541082355362,32.326778016541674,1.1911916987175515,-11.34804920426233,-5.06839489241232,10047.833333333334,True,True,True,32
2014-09-04,312311.9539811907,348177.12054578186,10164,2014,9,September,Thursday,3,Weekday,Spring,-35865.16656459117,-11.483763623966563,30.727268199644893,34.25591504779436,-3.5286468481494673,-11.483763623966569,30.736140134472542,32.27019142250967,1.2261791137203788,-11.377571654324244,-5.318289283985193,10116.933333333332,True,True,True,32
2014-09-05,501279.0004444809,558766.690346946,16310,2014,9,September,Friday,3,Weekday,Spring,-57487.68990246509,-11.468202308792334,30.734457415357504,34.259147170260334,-3.5246897549028304,-11.468202308792348,30.733849780962668,32.12666199606267,1.1397016412932963,-11.406223479002664,-5.82647538160964,10583.833333333334,True,True,True,32
2014-09-06,552703.9037581525,616169.8514311365,17985,2014,9,September,Saturday,3,Weekend,Spring,-63465.94767298398,-11.482811545466282,30.73138191593842,34.26020858666313,-3.528826670724712,-11.482811545466275,30.729264377041392,31.98293119403711,1.0253496156060211,-11.439107765724007,-6.335290132338311,11085.1,True,True,True,32
2014-09-07,234153.76221071577,261088.38637296777,7620,2014,9,September,Sunday,3,Weekend,Spring,-26934.624162252003,-11.50296450842991,30.728840185133304,34.26356776548133,-3.5347275803480294,-11.502964508429903,30.72554852693032,31.925599760275485,1.0462747144133,-11.471361772654477,-6.5890957712947715,10887.7,True,False,False,33
2014-09-08,244481.4977293058,272633.3998027578,7958,2014,9,September,Monday,3,Weekday,Spring,-28151.902073451987,-11.514941758342085,30.721474959701656,34.25903490861495,-3.5375599489132945,-11.51494175834209,30.725537086874432,31.867622787923004,1.0636418717421008,-11.486037794883297,-6.844651999779913,10733.366666666667,True,False,False,33
2014-09-09,122749.63527830881,120070.95018859745,3503,2014,9,September,Tuesday,3,Weekday,Spring,2678.685089711362,2.1822346629690674,35.04128897468136,34.276605820324704,0.7646831543566535,2.182234662969064,31.34538264202569,31.95328968710423,1.2076805212596244,-9.530784114363822,-6.644874463950886,10649.066666666668,False,False,False,33
2014-09-10,78736.40283972122,77071.54270611012,2247,2014,9,September,Wednesday,3,Weekday,Spring,1664.8601336111024,2.1144731960896843,35.04067772128225,34.29975198313757,0.7409257381446821,2.1144731960896825,31.96076991024848,32.03931845659128,1.3306680183293926,-7.593710840848345,-6.448328259273109,10485.366666666667,False,False,False,33
2014-09-11,70875.11066874111,69489.36084683513,2023,2014,9,September,Thursday,3,Weekday,Spring,1385.749821905978,1.9551995176173342,35.03465678138463,34.34965934099611,0.6849974403885213,1.955199517617335,32.5761111362113,32.12507098127076,1.437458994769487,-5.673858963479217,-6.258579895382365,10357.366666666667,False,False,False,33
2014-09-12,148634.39140687516,145956.13969592098,4242,2014,9,September,Friday,3,Weekday,Spring,2678.2517109541805,1.8019057942133148,35.03875327837698,34.4073879528338,0.6313653255431788,1.8019057942133039,33.19101054521409,32.211293165671236,1.532205297073269,-3.77812923447841,-6.073477067375745,10295.7,False,False,False,33
2014-09-13,171724.82878193396,168652.2035714417,4901,2014,9,September,Saturday,3,Weekend,Spring,3072.6252104922605,1.7892725427573763,35.0387326631165,34.41179424024519,0.6269384228713051,1.7892725427573797,33.80634636623953,32.298066870030674,1.6167249203810394,-1.8821172218750306,-5.886827774995799,10276.233333333334,False,False,False,33
2014-09-14,86435.6988349511,84948.37457716375,2467,2014,9,September,Sunday,3,Weekend,Spring,1487.3242577873461,1.720729140661419,35.03676482973291,34.43387700736269,0.6028878223702208,1.7207291406614058,34.4217641726109,32.384352389373376,1.6923229865659966,0.006981870852302142,-5.701033645955406,9872.233333333334,False,False,False,33
2014-09-15,120236.18270337001,118094.04319314891,3432,2014,9,September,Monday,3,Weekday,Spring,2142.1395102210954,1.7816097135301479,35.03385276904721,34.40968624509001,0.6241665239572001,1.7816097135301603,35.037818145374544,32.47020075555819,1.7601726632071633,1.906489223976907,-5.5102308293045095,9430.433333333332,False,False,False,33
2014-09-16,83204.1966941811,81753.42459354558,2375,2014,9,September,Tuesday,3,Weekday,Spring,1450.7721006355132,1.7436285166815069,35.0333459764973,34.4224945657034,0.6108514107938987,1.7436285166815022,35.03668343134826,32.55616333127586,1.821289854776461,1.8438312030786839,-5.317265394036885,9263.6,False,False,False,33
2014-09-17,73768.03473492098,72471.9193234045,2105,2014,9,September,Wednesday,3,Weekday,Spring,1296.1154115164827,1.7570149674909477,35.04419702371543,34.42846523677173,0.615731786943698,1.75701496749095,35.0371861888387,32.642477941491805,1.8768308552662312,1.7927657418502927,-5.124067281210926,9071.633333333333,False,False,False,33
2014-09-18,69425.44511577097,68280.38327689518,1982,2014,9,September,Thursday,3,Weekday,Spring,1145.0618388757866,1.6493402915405575,35.02797432682693,34.45024383294409,0.5777304938828394,1.6493402915405588,35.036231552473325,32.72816357489815,1.9261217780893396,1.7490715666964678,-4.9308873311371615,8973.0,False,False,False,33
2014-09-19,137154.95408779135,135276.90958604595,3915,2014,9,September,Friday,3,Weekday,Spring,1878.044501745404,1.3692866686705962,35.033193892156156,34.55348903858134,0.47970485357481607,1.369286668670597,35.035437354441775,32.78555469303674,1.9692684222004888,1.6872688344760793,-4.824326130512094,8931.8,False,False,False,33
2014-09-20,153569.06188021015,151376.13558980462,4383,2014,9,September,Saturday,3,Weekend,Spring,2192.926290405536,1.4279740095802003,35.03743141232265,34.53710599813019,0.50032541419246,1.427974009580211,35.035251461471226,32.842754377745415,2.0098734398888074,1.6356547583079113,-4.715187424522015,8913.633333333333,False,False,False,33
2014-09-21,75633.32058868634,74546.66825359916,2159,2014,9,September,Sunday,3,Weekend,Spring,1086.6523350871867,1.4367375736372656,35.031644552425355,34.528331752477605,0.50331279994775,1.4367375736372732,35.034519993284434,32.89991838440347,2.0478475414418598,1.595084534447318,-4.603357605358068,8608.633333333333,False,False,False,33
2014-09-22,90815.92981269087,89653.6375894529,2592,2014,9,September,Monday,3,Weekday,Spring,1162.2922232379642,1.2798329826443535,35.037009958599874,34.588594749017325,0.4484152095825493,1.2798329826443573,35.034971020363386,32.95703374616086,2.0836517968796815,1.5234021443207761,-4.490033016369125,8241.266666666666,False,False,False,33
2014-09-23,110118.15639147014,108880.40896318309,3143,2014,9,September,Tuesday,3,Weekday,Spring,1237.7474282870535,1.124017572439971,35.036002669891865,34.64219184320174,0.393810826690121,1.1240175724399681,35.03535054799118,33.01244512172454,2.116950963497307,1.4348862951434138,-4.391067985294952,8131.9,False,False,False,33
2014-09-24,209908.3831116397,223554.08660175066,6457,2014,9,September,Wednesday,3,Weekday,Spring,-13645.703490110958,-6.500790148458957,32.508654655666675,34.621974074918796,-2.1133194192521216,-6.500790148458951,34.6731302096985,32.985058613503796,2.1180119533696,0.255199850007713,-4.535181493133941,8030.7,False,False,False,33
2014-09-25,358365.68296879344,382967.98317568295,11039,2014,9,September,Thursday,3,Weekday,Spring,-24602.300206889515,-6.865138425944621,32.463600232701644,34.692271326721894,-2.2286710940202497,-6.865138425944626,34.30679105339489,33.00481478812207,2.1100102798342637,-0.9611542524901696,-4.530160403731515,8144.7,False,True,False,33
2014-09-26,585463.9960073602,625980.9302094147,18036,2014,9,September,Friday,3,Weekday,Spring,-40516.934202054515,-6.920482639131434,32.460855844275905,34.707303737492495,-2.2464478932165903,-6.920482639131419,33.939314189411995,33.05899786677843,2.0729244396543556,-2.1454070107476024,-4.401406074594825,8448.933333333332,False,True,False,33
2014-09-27,617019.0915344206,661010.5912638623,19017,2014,9,September,Saturday,3,Weekend,Spring,-43991.49972944171,-7.129682101090648,32.44565870192042,34.7589310229722,-2.3132723210517767,-7.129682101090635,33.56906094506882,33.11644772273535,2.0293521091933164,-3.3679293122720098,-4.263158595513408,8802.833333333334,False,True,False,33
2014-09-28,283850.5971054995,304440.6515064546,8747,2014,9,September,Sunday,3,Weekend,Spring,-20590.054400955152,-7.253835155154666,32.4511943644106,34.80515050948378,-2.353956145073184,-7.25383515515466,33.20042520392385,33.173137871884826,1.9842328656039998,-4.609439702099428,-4.12936511615045,8450.5,False,True,False,33
2014-09-29,264317.1103681058,283912.9686974417,8147,2014,9,September,Monday,3,Weekday,Spring,-19595.858329335868,-7.413768371652277,32.443489673266946,34.84877484932388,-2.4052851760569354,-7.41376837165227,32.82992230601915,33.22913820288081,1.937026471333112,-5.851382752713233,-4.001403343924964,7945.066666666667,False,True,False,33
2014-09-30,358024.9813488259,384823.4398780722,11036,2014,9,September,Tuesday,3,Weekday,Spring,-26798.458529246273,-7.48508062992855,32.441553221169436,34.869829637375155,-2.428276416205719,-7.485080629928563,32.45928667048737,33.28536160572276,1.8865534754070206,-7.081253924480164,-3.8749998162586947,7924.733333333334,False,True,False,33
2014-10-01,594438.2807802997,639306.5687824654,18330,2014,10,October,Wednesday,4,Weekday,Spring,-44868.28800216573,-7.5480145631382625,32.42980255211673,34.877608771547486,-2.4478062194307526,-7.548014563138255,32.44802208426596,33.34230318945689,1.8314780475496717,-7.230857412291493,-3.7461933149386253,7890.2,False,True,False,33
2014-10-02,470507.6630444389,506072.0333414291,14503,2014,10,October,Thursday,4,Weekday,Spring,-35564.37029699021,-7.558722862635118,32.44209219088732,34.89430003043709,-2.4522078395497644,-7.558722862635124,32.44494950686391,33.40029392619905,1.7715694251889205,-7.329940903247278,-3.6146660403375543,7863.933333333333,False,True,False,33
2014-10-03,518693.52866487246,557939.3692763688,15986,2014,10,October,Friday,4,Weekday,Spring,-39245.8406114963,-7.566286919467817,32.446736435935975,34.901749610682394,-2.4550131747464192,-7.566286919467808,32.44293244852963,33.45741957927283,1.7091238583758115,-7.422198657581048,-3.485374280369193,7893.466666666666,False,True,False,33
2014-10-04,656245.8284286658,705891.3002624522,20223,2014,10,October,Saturday,4,Weekend,Spring,-49645.47183378646,-7.56507236817932,32.4504686954787,34.90537013610504,-2.454901440626344,-7.565072368179335,32.44361959046653,33.51485959580062,1.641837379033339,-7.484397267165144,-3.354751238509618,8228.766666666666,False,True,False,33
2014-10-05,280055.1177167632,301279.65498243197,8631,2014,10,October,Sunday,4,Weekend,Spring,-21224.53726566874,-7.578700021163122,32.44758634187965,34.906691574838604,-2.4591052329589544,-7.578700021163119,32.4431041586764,33.57196389335136,1.570019528607952,-7.53080653373778,-3.2251011622553114,7972.8,False,True,False,33
2014-10-06,375648.0174559537,404178.9210552279,11579,2014,10,October,Monday,4,Weekday,Spring,-28530.90359927423,-7.5951162453877705,32.44218131582638,34.90620269930287,-2.464021383476485,-7.595116245387769,32.4429172504706,33.62899054001429,1.4924386412072361,-7.55671337284285,-3.095511318919361,7759.266666666666,False,True,False,33
2014-10-07,78111.71646312073,74251.87472596546,2127,2014,10,October,Tuesday,4,Weekday,Spring,3859.841737155264,4.941437612598912,36.72389114392136,34.90920297412575,1.814688169795609,4.941437612598907,33.05467981086373,33.828825571973894,1.4920864390057889,-5.781496481053213,-2.547364581551733,7576.166666666667,False,False,False,33
2014-10-08,70509.13279154037,67141.97962908403,1923,2014,10,October,Wednesday,4,Weekday,Spring,3367.153162456336,4.775485145181539,36.666215700229,34.91522601616434,1.7509896840646633,4.775485145181555,33.65988168916548,34.02698359665814,1.4595759083213533,-4.020996522721814,-2.004350351434279,7375.0,False,False,False,33
2014-10-09,103281.31104757206,98065.93907845089,2809,2014,10,October,Thursday,4,Weekday,Spring,5215.371969121174,5.049676380191319,36.76799966093701,34.91133466658985,1.856664994347156,5.049676380191307,34.277868470601156,34.08454061953333,1.533144868772849,-2.219796630889465,-1.908768960860204,7351.866666666667,False,False,False,33
2014-10-10,179841.43177972364,170757.58117720697,4891,2014,10,October,Friday,4,Weekday,Spring,9083.850602516672,5.0510332978459065,36.76986951129087,34.912611158701075,1.8572583525897954,5.051033297845916,34.89545890993757,34.14218034586695,1.601320418825784,-0.41732231413036164,-1.8108836241349964,7440.0,False,False,False,33
2014-10-11,138038.23975289488,131192.31677147365,3758,2014,10,October,Saturday,4,Weekend,Spring,6845.92298142123,4.95943949566168,36.73183601726846,34.91014283434637,1.8216931829220968,4.9594394956616865,35.50708281305039,34.19875298706308,1.6627394701807647,1.3718936664183528,-1.7107422915335182,7497.833333333333,False,False,False,33
2014-10-12,61037.56222997037,57992.34151118769,1661,2014,10,October,Sunday,4,Weekend,Spring,3045.220718782679,4.989092957725349,36.74747876578589,34.91411289054045,1.8333658752454411,4.9890929577253464,36.12135315932271,34.25571050331004,1.7207601735482172,3.16729266340242,-1.6045027194164507,7411.8,False,False,False,33
2014-10-13,86799.75945404172,82392.33326461639,2360,2014,10,October,Monday,4,Weekday,Spring,4407.426189425329,5.077694013379092,36.77955909069564,34.91200562060016,1.86755347009548,5.077694013379096,36.74097855573261,34.31373805089601,1.7765243456716233,4.977694128940543,-1.4948886703957267,7327.1,False,False,False,33
2014-10-14,69570.50146670073,66313.9409792702,1894,2014,10,October,Tuesday,4,Weekday,Spring,3256.560487430528,4.680950142337626,36.73204934883883,35.01264043256083,1.7194089162779989,4.680950142337628,36.742144013577956,34.3702475348662,1.8265738223812078,4.940481633188932,-1.3962146370065196,7308.0,False,False,False,33
2014-10-15,130476.35534524244,124398.43162958851,3548,2014,10,October,Wednesday,4,Weekday,Spring,6077.923715653931,4.658256815628895,36.774621010496745,35.06156472085358,1.7130562896431627,4.658256815628901,36.75763048647335,34.42827314291453,1.8753796553327369,4.9237347289671245,-1.300326400269895,7311.866666666667,False,False,False,33
2014-10-16,95229.77348008122,91087.85133554287,2591,2014,10,October,Thursday,4,Weekday,Spring,4141.922144538345,4.349398295486539,36.75406155155586,35.15548102491041,1.5985805266454491,4.349398295486553,36.75563932799032,34.485630328749814,1.9202990058327385,4.8236950025807275,-1.2134674076430605,7319.066666666667,False,False,False,33
2014-10-17,121057.86128350305,116949.79127421073,3293,2014,10,October,Friday,4,Weekday,Spring,4108.070009292322,3.3934764465000025,36.76218077239692,35.51466482666588,1.2475159457310383,3.393476446499992,36.75454093671976,34.542896453705865,1.9626794034403852,4.58690116667417,-1.1589186916760918,7358.666666666667,False,False,False,33
2014-10-18,169498.91638532488,164492.9466328486,4611,2014,10,October,Saturday,4,Weekend,Spring,5005.969752476289,2.953393366301015,36.759686919393815,35.67402876444341,1.0856581549504014,2.9533933663010217,36.75851963702338,34.600620206791426,2.0024993112543354,4.3003231481940745,-1.1154502558507433,7446.3,False,False,False,33
2014-10-19,90692.37587550195,87911.21158320548,2468,2014,10,October,Sunday,4,Weekend,Spring,2781.1642922964675,3.066591061760598,36.74731599493596,35.62042608719833,1.1268899077376275,3.0665910617605947,36.758496384044825,34.657757610217416,2.039382458787613,4.02568002019911,-1.0588734427477433,7398.066666666667,False,False,False,33
2014-10-20,101723.91500409231,98870.81187719772,2773,2014,10,October,Monday,4,Weekday,Spring,2853.1031268945953,2.8047515933493283,36.683705374717746,35.65481856372078,1.0288868109969656,2.8047515933493186,36.74480299604799,34.71263340896392,2.071841718865743,3.700973960194858,-1.0129808566221057,7344.4,False,False,False,33
2014-10-21,103395.69126874243,100424.15574332293,2815,2014,10,October,Tuesday,4,Weekday,Spring,2971.535525419502,2.873945218564274,36.730263328150066,35.67465568146463,1.0556076466854378,2.8739452185642795,36.7445478502353,34.76925403482141,2.1038241097312778,3.442830399655808,-0.9650739351245388,7366.266666666666,False,False,False,33
2014-10-22,99075.59909602182,96511.72215753814,2701,2014,10,October,Wednesday,4,Weekday,Spring,2563.876938483678,2.587798571875227,36.6810807463983,35.73184826269461,0.949232483703689,2.587798571875213,36.73118495536409,34.82405639441469,2.1322603340908692,3.1470506505481413,-0.9214750821501763,7369.9,False,False,False,33
2014-10-23,97476.14471957207,94763.84254876594,2651,2014,10,October,Thursday,4,Weekday,Spring,2712.302170806128,2.782529180456528,36.7695755260551,35.74645135751261,1.0231241685424877,2.782529180456535,36.733401237435416,34.8818421562868,2.1614924400022337,2.9232122055438543,-0.8661913618829578,7353.5,False,False,False,33
2014-10-24,248974.6527827964,241961.14324530264,6781,2014,10,October,Friday,4,Weekday,Spring,7013.509537493752,2.8169572521152526,36.71650977478195,35.682221389957625,1.0342883848243218,2.816957252115242,36.726876809204704,35.02210399359064,2.138588177090575,2.840852320631747,-0.5555997818638174,7364.3,False,False,False,33
2014-10-25,302721.6833004003,294129.6711231186,8249,2014,10,October,Saturday,4,Weekend,Spring,8592.012177281722,2.8382546250430285,36.69798561042555,35.656403336540016,1.0415822738855312,2.8382546250430365,36.71806233649495,35.1632501728481,2.1033486661146967,2.8244039290234633,-0.23215334683089578,7271.3,False,True,False,33
2014-10-26,128520.72780395366,124739.23394868796,3502,2014,10,October,Sunday,4,Weekend,Spring,3781.4938552656968,2.942322160697698,36.699236951443076,35.61942716981381,1.0798097816292653,2.942322160697691,36.71119390171025,35.30452954308701,2.057414825734513,2.8066512288716203,0.09660681316340863,6786.833333333333,False,False,False,33
2014-10-27,145185.26833608488,140651.93717842025,3949,2014,10,October,Monday,4,Weekday,Spring,4533.331157664623,3.1224456927479416,36.765071748818656,35.617102349561975,1.1479693992566808,3.122445692747948,36.72281766943895,35.44850997798362,2.000808864612721,2.8520361002142787,0.43834440629136157,6284.566666666667,False,False,False,33
2014-10-28,89527.5566318617,87067.05131891428,2435,2014,10,October,Tuesday,4,Weekday,Spring,2460.5053129474254,2.748321751999834,36.76696370918345,35.75648924801408,1.0104744611693732,2.748321751999833,36.72806058101516,35.592368956142714,1.93183318740399,2.8340898907050733,0.7717496365298451,6074.166666666667,False,False,False,33
2014-10-29,81991.88284141109,80112.54801498825,2232,2014,10,October,Wednesday,4,Weekday,Spring,1879.3348264228407,2.2920986337853164,36.73471453468239,35.892718644708,0.8419958899743918,2.292098633785318,36.73572255077003,35.735409784856564,1.8476741836326795,2.7918470424065154,1.0952785367110982,5877.0,False,False,False,33
2014-10-30,69704.49111259049,68293.09638979612,1898,2014,10,October,Thursday,4,Weekday,Spring,1411.3947227943718,2.024826091212129,36.72523240916254,35.98161032128352,0.7436220878790181,2.024826091212135,36.729387819785366,35.878199091122994,1.747132537093366,2.683603743943029,1.4122754274157876,5572.4,False,False,False,33
2014-10-31,166652.39481922364,163319.7164706766,4537,2014,10,October,Friday,4,Weekday,Spring,3332.6783485470514,1.9997782523090517,36.73184809769091,35.99729258776209,0.7345555099288177,1.9997782523090486,36.731579008772364,36.021600609308805,1.6267383173041645,2.5668638868278575,1.7305351879306978,5112.633333333333,False,False,False,33
2014-11-01,247453.10218524758,242638.8011974684,6730,2014,11,November,Saturday,4,Weekend,Spring,4814.300987779192,1.9455407692464992,36.76866302901153,36.05331369947525,0.7153493295362807,1.9455407692464903,36.74167578285608,36.16581963724628,1.4839752871976368,2.4393333359997817,2.0473439756600853,4853.533333333334,False,True,False,33
2014-11-02,148476.18120917486,145646.33680169418,4038,2014,11,November,Sunday,4,Weekend,Spring,2829.8444074806757,1.9059248321412308,36.76973284031076,36.06892937139529,0.700803468915467,1.9059248321412174,36.751746624122895,36.30991951739211,1.3100866643116678,2.2912765747774295,2.3630843673803867,4455.266666666666,False,False,False,33
2014-11-03,205368.92263440124,201281.239025563,5581,2014,11,November,Monday,4,Weekday,Spring,4087.6836088382406,1.9904100174470676,36.797871821250894,36.06544329431338,0.732428526937511,1.9904100174470716,36.756432348756064,36.45483295491784,1.0904953737513092,2.1295571925915904,2.681600446901266,3967.2,False,True,False,33
2014-11-04,99244.68184604915,90949.44225220109,2519,2014,11,November,Tuesday,4,Weekday,Spring,8295.239593848062,8.358371894139221,39.398444559765444,36.105376042953985,3.2930685168114593,8.358371894139225,37.132358184553496,36.686528228847365,0.937394913809926,2.9309929271829316,3.2128361774113445,3763.4666666666667,False,False,False,33
2014-11-05,72756.86310007049,67872.77432688524,1847,2014,11,November,Wednesday,4,Weekday,Spring,4884.088773185256,6.712890805184431,39.39191288579886,36.7475767877018,2.6443360980970567,6.712890805184442,37.511957948998706,36.91818594784645,0.6740826197572569,3.562534665954234,3.689769745763751,3439.0666666666666,False,False,False,33
2014-11-06,86867.45808059514,84486.0860860636,2309,2014,11,November,Thursday,4,Weekday,Spring,2381.371994531539,2.7413856087766666,37.621246461929466,36.58990302557973,1.0313434363497365,2.7413856087766697,37.639959956536835,36.94809779178005,0.6849851755987215,3.6649003113205962,3.6164346789696764,3445.133333333333,False,False,False,33
2014-11-07,140167.80386220515,136539.20329644668,3722,2014,11,November,Friday,4,Weekday,Spring,3628.6005657584756,2.5887546681730464,37.6592702477714,36.684364131232314,0.9749061165390884,2.5887546681730544,37.77244883511976,36.98119961003147,0.6948175863413458,3.7490397993011664,3.543543663069393,3505.1,False,True,False,33
2014-11-08,160727.30278297895,156700.8249957323,4268,2014,11,November,Saturday,4,Weekend,Spring,4026.4777872466366,2.505161050753999,37.658693248120656,36.715282332645806,0.9434109154748498,2.5051610507540127,37.899596009278206,37.010889396270926,0.704357662367442,3.8289855538022377,3.458726485421482,3553.733333333333,False,True,False,33
2014-11-09,74115.62877644549,71994.34639365315,1968,2014,11,November,Sunday,4,Weekend,Spring,2121.282382792342,2.8621255972755124,37.66038047583612,36.582493086205865,1.0778873896302557,2.862125597275514,38.02683138578184,37.0405730950891,0.7125666622837766,3.9655856631071353,3.3857628954024697,3456.3,False,False,False,33
2014-11-10,76103.2915165355,73967.60569443136,2016,2014,11,November,Monday,4,Weekday,Spring,2135.685822104133,2.806298886087072,37.74964856971007,36.690280602396506,1.0593679673135625,2.806298886087084,38.16279949270457,37.07450018017048,0.7215339079702284,4.082141215769993,3.3139915417499823,3398.233333333333,False,False,False,33
2014-11-11,56303.366574580374,54996.86660759073,1497,2014,11,November,Tuesday,4,Weekday,Spring,1306.4999669896424,2.320465092010139,37.61079931501695,36.73805384608599,0.8727454689309582,2.320465092010143,37.90742160059765,37.103277531811514,0.7252479696680092,3.2195831011801244,3.225037279559475,3392.766666666667,False,False,False,33
2014-11-12,49436.81586452037,48289.892276094746,1314,2014,11,November,Wednesday,4,Weekday,Spring,1146.9235884256268,2.3199786806025804,37.62314753768674,36.75029853584075,0.8728490018459922,2.319978680602594,37.65474083658163,37.13139714671123,0.7286100068256162,2.59202422623986,3.133113435133592,3357.9,False,False,False,33
2014-11-13,55033.12240398037,53997.21887310759,1466,2014,11,November,Thursday,4,Weekday,Spring,1035.9035308727834,1.8823273796252198,37.539646933138044,36.833027880700946,0.7066190524370981,1.882327379625224,37.643083761039996,37.15831706618787,0.7282655938849004,2.4693016220753674,3.0398260097098446,3343.633333333333,False,False,False,33
2014-11-14,149808.16594472638,146994.89550113154,3984,2014,11,November,Friday,4,Weekday,Spring,2813.27044359484,1.8779152830913315,37.60245129134698,36.896309111729806,0.7061421796171743,1.87791528309132,37.634966767265084,37.185911408882866,0.7289090004269908,2.367753138492265,2.9471479586252594,3358.1666666666665,False,True,False,33
2014-11-15,180685.5107299103,176898.27782037074,4802,2014,11,November,Saturday,4,Weekend,Spring,3787.232909539569,2.096035755296807,37.62713676174725,36.838458521526604,0.7886782402206478,2.096035755296797,37.63045869778317,37.21501391588926,0.7285014953127821,2.3093066677126663,2.8720358739522687,3431.866666666667,False,True,False,33
2014-11-16,75871.43676522048,73905.81015882002,2017,2014,11,November,Sunday,4,Weekend,Spring,1965.6266064004594,2.590733338137474,37.61598253109592,36.64145273119485,0.9745297999010702,2.5907333381374733,37.624116134248844,37.243473974512554,0.726876576297896,2.270536344978661,2.845277770340184,3389.3333333333335,False,False,False,33
2014-11-17,86313.33408317012,84418.78910931063,2297,2014,11,November,Monday,4,Weekday,Spring,1894.5449738594907,2.194962104040539,37.57654944848503,36.751758428084734,0.8247910204002977,2.194962104040531,37.599387688359556,37.27070272548226,0.7234206190093012,2.1832025189720135,2.819996728264835,3312.2,False,False,False,33
2014-11-18,62631.79875207037,61158.36109019277,1665,2014,11,November,Tuesday,4,Weekday,Spring,1473.4376618776005,2.35253927116199,37.61669594718941,36.73174840251818,0.8849475446712347,2.352539271161998,37.6002300643842,37.29968205722404,0.7191318510809757,2.1877845445651354,2.796195001911548,3285.4333333333334,False,False,False,33
2014-11-19,48529.10336034025,47409.55405646717,1291,2014,11,November,Wednesday,4,Weekday,Spring,1119.5493038730783,2.3069647414669006,37.590320186165954,36.72312475326659,0.867195432899365,2.3069647414669046,37.59554044273837,37.32990255093898,0.7113613190100375,2.1859254104028953,2.7796021068488,3236.0333333333333,False,False,False,33
2014-11-20,51040.88136807025,50038.142634161086,1361,2014,11,November,Thursday,4,Weekday,Spring,1002.7387339091656,1.9645795821551995,37.5024844732331,36.76571832047104,0.7367661527620655,1.9645795821552101,37.59023151989481,37.355643255775085,0.7028354559275861,2.197675725050035,2.749289918968498,3187.5666666666666,False,False,False,33
2014-11-21,53973.92224002,47192.49828410188,1281,2014,11,November,Friday,4,Weekday,Spring,6781.423955918122,12.564260062037711,42.13420939892272,36.84035775495853,5.293851643964189,12.564260062037716,38.23762553526277,37.53741421085923,1.1097342345272556,3.7242964077566607,3.0818386353072476,3140.233333333333,False,False,False,33
2014-11-22,47497.98253350988,41179.08824545916,1122,2014,11,November,Saturday,4,Weekend,Spring,6318.894288050717,13.303500382553574,42.333317766051586,36.70150467509729,5.631813090954296,13.303500382553581,38.90993710730625,37.72287228552578,1.4031131127532703,5.325362783079056,3.432537675377149,3089.266666666667,False,False,False,33
2014-11-23,31219.951528719885,26893.304677301025,737,2014,11,November,Sunday,4,Weekend,Spring,4326.64685141886,13.858595672189585,42.360856891071755,36.49023701126326,5.870619879808494,13.858595672189585,39.58777630158851,37.91101718940211,1.6244813109678988,6.935057402229357,3.800592289379627,2887.8,False,False,False,33
2014-11-24,26870.323873470003,23516.0417180955,641,2014,11,November,Monday,4,Weekday,Spring,3354.2821553745016,12.483221903723685,41.919382017893916,36.686492539930576,5.23288947796334,12.483221903723683,40.208180954361204,38.08506373631772,1.7637736125424732,8.404808802184093,4.122091198668982,2634.2,False,False,False,33
2014-11-25,40530.64229268001,35674.1907631663,968,2014,11,November,Tuesday,4,Weekday,Spring,4856.45152951371,11.98217263482845,41.870498236239676,36.85350285451064,5.016995381729039,11.98217263482845,40.815866995654105,38.25743911247761,1.872980509675154,9.780470711279301,4.423419547806674,2549.733333333333,False,False,False,33
2014-11-26,30371.43133504988,26054.849168281442,709,2014,11,November,Wednesday,4,Weekday,Spring,4316.5821667684395,14.212639895528817,42.83699765169236,36.74872943340119,6.088268218291169,14.212639895528815,41.565392347872155,38.45983664257339,2.027822655642557,11.481281447573862,4.79309268789937,2441.733333333333,False,False,False,33
2014-11-27,37776.65876674988,32719.68963642164,880,2014,11,November,Thursday,4,Weekday,Spring,5056.969130328242,13.386491276404957,42.928021325852136,37.181465495933686,5.746555829918449,13.386491276404941,42.34046904110345,38.66520522979569,2.158251566112067,13.112983118180969,5.147698338712873,2389.9,False,False,False,33
2014-11-28,46818.20532261,40652.57640885138,1096,2014,11,November,Friday,4,Weekday,Spring,6165.628913758621,13.169297864523315,42.71734062281934,37.091766796397245,5.625573826422098,13.169297864523314,42.42377350166011,38.86462609940025,2.248243692143207,13.199417089964626,5.5102716464041395,2352.0333333333333,False,False,False,33
2014-11-29,88321.62554976073,79880.24368293647,2068,2014,11,November,Saturday,4,Weekend,Spring,8441.38186682426,9.557548125139922,42.70871641671216,38.62681029155536,4.081906125156799,9.55754812513992,42.4774018803259,39.06407556631858,2.3162842835826725,12.664281053191248,5.7613623808684,2357.7,False,False,False,33
2014-11-30,101037.8278297916,93177.88470439028,2375,2014,11,November,Sunday,4,Weekend,Spring,7859.943125401318,7.7792083363492175,42.54224329675436,39.23279355974328,3.3094497370110787,7.779208336349212,42.50331422399485,39.25775540628736,2.3571097363896447,11.795797148071197,5.9540100503364055,2285.633333333333,False,True,False,33
2014-12-01,105100.66764851147,97257.39466572937,2492,2014,12,December,Monday,4,Weekday,Summer,7843.272982782102,7.462629075785119,42.175227788327234,39.02784697661692,3.1473808117103133,7.462629075785118,42.53986361977104,39.43797423159788,2.3669034219736416,11.078569601222828,6.137912993887693,2144.366666666667,False,True,False,33
2014-12-02,88219.52548812989,85533.42892331851,2170,2014,12,December,Tuesday,4,Weekday,Summer,2686.096564811378,3.0447869107761156,40.65415921111976,39.41632669277351,1.2378325183462522,3.0447869107761036,42.36610090189676,39.567455110624834,2.321721695436783,9.801800212072495,6.175875063175522,2082.1,False,True,False,33
2014-12-03,71590.36928922037,69654.93030590401,1784,2014,12,December,Wednesday,4,Weekday,Summer,1935.4389833163586,2.7034907104575936,40.12913076750021,39.04424344501346,1.0848873224867503,2.703490710457599,41.9792627755836,39.67849707549983,2.263627967701414,8.157636042776605,6.199644419609206,1955.5333333333333,False,False,False,33
2014-12-04,54996.62169262025,54503.02854750456,1368,2014,12,December,Thursday,4,Weekday,Summer,493.59314511568664,0.8974972096911903,40.202208839634686,39.84139513706474,0.36081370256994916,0.8974972096911973,41.58986099183825,39.70528921816213,2.2649552461264175,6.373494033246068,5.950948596794272,1917.1666666666667,False,False,False,33
2014-12-05,77884.1816098255,77619.29488939041,1914,2014,12,December,Friday,4,Weekday,Summer,264.8867204350827,0.3401033624030092,40.69183992153892,40.55344560574212,0.13839431579680195,0.34010336240300443,41.30050374879819,39.748620119353454,2.2711792189750373,4.540751961514596,5.738522348701557,1919.4,False,False,False,33
2014-12-06,150370.11672367636,154998.8345818768,3765,2014,12,December,Saturday,4,Weekend,Summer,-4628.717858200456,-3.0782165759080287,39.93894202488084,41.16834915853302,-1.229407133652181,-3.078216575908032,40.90482169282229,39.82587663811851,2.235457547511736,2.7356427185077457,5.544535609212068,1967.9333333333334,False,True,False,33
2014-12-07,104675.37611534917,111903.73790247929,2712,2014,12,December,Sunday,4,Weekend,Summer,-7228.361787130125,-6.905503524692076,38.59711508678067,41.26244022952776,-2.6653251427470934,-6.905503524692069,40.341231948540326,39.857138132752155,2.2105327507580115,0.6378267383589896,5.228060336116564,1934.2666666666667,False,True,False,33
2014-12-08,90121.53047506476,91081.66819408616,2222,2014,12,December,Monday,4,Weekday,Summer,-960.1377190213971,-1.065381062616388,40.558744588237964,40.990849772316004,-0.4321051840780399,-1.0653810626163966,40.11030577709901,39.95380651075606,2.174189858406073,-0.5804604242697972,5.109042265670884,1866.0666666666666,False,True,False,33
2014-12-09,75425.44369829049,77014.25596030557,1861,2014,12,December,Tuesday,4,Weekday,Summer,-1588.8122620150825,-2.10646723984879,40.52952374975308,41.38326489000837,-0.8537411402552877,-2.1064672398488002,40.09250071118948,40.04944461988662,2.132532835948563,-1.3163538743590695,4.943422504433408,1862.5,False,False,False,33
2014-12-10,161844.80943567367,169348.51858486477,4095,2014,12,December,Wednesday,4,Weekday,Summer,-7503.709149191098,-4.636360705885658,39.52254198673349,41.35494959337357,-1.832407606640075,-4.636360705885664,40.00584517107995,40.10854106712075,2.0907595172132076,-2.3649040766938194,4.69533385136765,1931.8,False,True,False,33
2014-12-11,158603.35696800365,171692.99360653348,4157,2014,12,December,Thursday,4,Weekday,Summer,-13089.636638529832,-8.253064051582786,38.15332137791764,41.302139429043415,-3.1488180511257724,-8.25306405158279,39.71314696226323,40.1266251358841,2.070659936217772,-3.672127114018673,4.342882879914552,2020.4666666666667,False,True,False,33
2014-12-12,279092.09595645015,301236.10987981,7259,2014,12,December,Friday,4,Weekday,Summer,-22144.01392335986,-7.9343034948632996,38.4477332905979,41.49829313676953,-3.0505598461716303,-7.934303494863301,39.392560300700225,40.1541113276478,2.0415507762958076,-4.854185236485288,4.00107347406569,2218.633333333333,False,True,False,33
2014-12-13,369350.9894808982,402564.67862758524,9654,2014,12,December,Saturday,4,Weekend,Summer,-33213.689146687044,-8.992446234777114,38.2588553429561,41.699262339712575,-3.4404069967564723,-8.992446234777098,39.15254791756812,40.178084941308406,2.0138253763492537,-5.699075187752301,3.638581020252279,2491.5666666666666,False,True,False,33
2014-12-14,177500.10772560866,192327.32065612174,4632,2014,12,December,Sunday,4,Weekend,Summer,-14827.21293051308,-8.353354327781007,38.32040322228166,41.52144228327326,-3.2010390609915973,-8.353354327781005,39.11301765121112,40.20201667233956,1.986238843716037,-5.905911016765005,3.2975386998898677,2513.1666666666665,False,True,False,33
2014-12-15,282246.62867828755,304489.638251931,7341,2014,12,December,Monday,4,Weekday,Summer,-22243.009573643445,-7.880699825469533,38.4479810214259,41.477950994677975,-3.029969973252072,-7.880699825469538,38.811479998809396,40.229378147662175,1.9549527958412254,-6.8795279828868825,2.964980847197656,2597.8,False,True,False,33
2014-12-16,166037.92572951366,179571.12907994096,4308,2014,12,December,Tuesday,4,Weekday,Summer,-13533.203350427299,-8.150669969506694,38.54176548967355,41.68317759515807,-3.1414121054845197,-8.150669969506701,38.52751453308375,40.260237579614774,1.9192581476612414,-7.742985515695155,2.606934070276184,2674.1666666666665,False,True,False,33
2014-12-17,148910.99836015864,161137.52200304752,3865,2014,12,December,Wednesday,4,Weekday,Summer,-12226.523642888875,-8.210624989107654,38.52807202073962,41.69146752989587,-3.1633955091562456,-8.210624989107664,38.385447395084626,40.29195499868992,1.8808567286869333,-8.253594699012583,2.260081167171244,2726.4333333333334,False,True,False,33
2014-12-18,202359.14289987122,221435.768649636,5288,2014,12,December,Thursday,4,Weekday,Summer,-19076.62574976479,-9.427113337401337,38.267614012834954,41.87514535734418,-3.6075313445092263,-9.427113337401336,38.40177491435853,40.313652267544775,1.8524714272231253,-8.42131602555809,1.8674260802191331,2847.2,True,True,True,34
2014-12-19,274343.6543452338,299516.83776498266,7141,2014,12,December,Friday,4,Weekday,Summer,-25173.18341974885,-9.175784830827885,38.41810031441448,41.943262535356766,-3.525162220942285,-9.175784830827888,38.39754163204661,40.3412449384864,1.8163206479462664,-8.59867050212446,1.4846677611426407,3042.2,True,True,True,34
2014-12-20,316167.07465857273,346378.3047678482,8268,2014,12,December,Saturday,4,Weekend,Summer,-30211.230109275493,-9.55546371863688,38.23984937815345,41.89384431154429,-3.653994933390841,-9.555463718636874,38.39482649421766,40.36582376865041,1.7812314506587192,-8.679101571247283,1.1006663177829046,3272.4333333333334,True,True,True,34
2014-12-21,173833.40012841366,190644.5015686917,4541,2014,12,December,Sunday,4,Weekend,Summer,-16811.101440278027,-9.67081206940633,38.28086327425978,41.98293362005983,-3.7020703458000526,-9.670812069406336,38.38917793021454,40.2373788978283,1.7882346228483985,-8.8673098200509,0.35949724673476974,3381.1,True,True,True,34
2014-12-22,204565.08183541152,210188.9094104479,5014,2014,12,December,Monday,4,Weekday,Summer,-5623.827575036383,-2.749163016766072,40.798779783687976,41.92040474879296,-1.121624965104985,-2.7491630167660777,38.725006324823404,40.18622763174952,1.7477022016008203,-8.134233133093263,-0.1755915332425518,3510.8333333333335,False,True,False,35
2014-12-23,316394.73085730925,326627.1384163756,7778,2014,12,December,Tuesday,4,Weekday,Summer,-10232.40755906637,-3.2340638326499445,40.678160305645314,41.99371797587755,-1.3155576702322378,-3.234063832649936,39.03020558424794,40.13013774556863,1.7019059261160912,-7.431860827828013,-0.7453468500705361,3745.5333333333333,False,True,False,35
2014-12-24,486230.3201936276,495909.0895633959,11809,2014,12,December,Wednesday,4,Weekday,Summer,-9678.76936976827,-1.9905729790593831,41.17455501682002,41.99416458323278,-0.8196095664127583,-1.9905729790593814,39.408274583688,40.10531017886617,1.6801985698280202,-6.543281969249689,-1.2278066794966382,4117.8,False,True,False,35
2014-12-25,137686.5321006064,140525.78674110342,3344,2014,12,December,Thursday,4,Weekday,Summer,-2839.2546404970344,-2.0621150065878737,41.17420218319569,42.023261585258204,-0.8490594020625153,-2.0621150065878857,39.8235014651681,40.08210031043138,1.6596575268529978,-5.491139350562051,-1.6959496008771824,4197.0,False,False,False,35
2014-12-26,48102.962409030246,49028.365072183806,1169,2014,12,December,Friday,4,Weekday,Summer,-925.4026631535598,-1.9237955768392268,41.14881301029106,41.94043205490488,-0.7916190446138245,-1.9237955768392287,40.21360327886476,40.02582748905133,1.5901946074478217,-4.455140885706529,-2.2338307832894504,4212.333333333333,False,False,False,35
2014-12-27,110162.13198254806,112383.55924730633,2676,2014,12,December,Saturday,4,Weekend,Summer,-2221.4272647582693,-2.0165071470386837,41.16671598749927,41.99684575758832,-0.8301297700890444,-2.016507147038696,40.63172708019987,39.967117311106236,1.509833728534874,-3.3781470897639294,-2.7472640640709054,4272.2,False,False,False,35
2014-12-28,69051.33709342037,70482.71780296908,1677,2014,12,December,Sunday,4,Weekend,Summer,-1431.3807095487136,-2.0729225092516046,41.17551406882551,42.02905056825825,-0.8535364994327423,-2.072922509251598,41.04524862228069,39.915723092639766,1.437497732961898,-2.2927342954561114,-3.255338076530069,4291.566666666667,False,False,False,35
2014-12-29,133307.36896282758,136003.48252575178,3237,2014,12,December,Monday,4,Weekday,Summer,-2696.1135629242053,-2.0224790151518257,41.182381514620815,42.015286538693786,-0.8329050240729714,-2.0224790151518275,41.10004886955681,39.86484526257006,1.3601666667365102,-2.188922295225505,-3.6413389812064607,4330.533333333334,False,False,False,35
2014-12-30,216389.50426885503,235723.76475390818,5607,2014,12,December,Tuesday,4,Weekday,Summer,-19334.26048505315,-8.93493450635717,38.59274197768058,42.04097819759375,-3.44823621991317,-8.934934506357168,40.80213196556185,39.73319521860093,1.2809126863213927,-3.0033323914693946,-4.198477075963341,4438.266666666666,False,True,False,35
2014-12-31,365055.31201272184,398013.34833037213,9464,2014,12,December,Wednesday,4,Weekday,Summer,-32958.03631765029,-9.028230855192083,38.573046493313804,42.055510178610746,-3.482463685296942,-9.028230855192076,40.43048789077525,39.61312250876715,1.2110309132586003,-4.00871208805978,-4.748172406995914,4670.666666666667,False,True,False,35
2015-01-01,112161.41961675305,122170.43168462774,2905,2015,1,January,Thursday,1,Weekday,Summer,-10009.01206787469,-8.923756584104156,38.60978300060346,42.05522605322814,-3.4454430526246824,-8.923756584104167,40.06414229326207,39.54497663508328,1.2079463516170614,-4.988946599133535,-5.147123856825257,4695.166666666667,False,False,False,35
2015-01-02,271101.46167031274,295019.46942959033,7023,2015,1,January,Friday,1,Weekday,Summer,-23918.007759277592,-8.822529990031684,38.601945275567815,42.0076134742404,-3.4056681986725863,-8.822529990031676,39.70030404544446,39.49407045201887,1.2146409455777833,-5.9744800867324575,-5.531324546841565,4869.8,False,True,False,35
2015-01-03,245813.28831212397,267734.7252553707,6371,2015,1,January,Saturday,1,Weekend,Summer,-21921.43694324675,-8.917921847826134,38.583156225415784,42.02397194402303,-3.440815718607247,-8.917921847826143,39.33122407943254,39.4401020315449,1.2180560149837987,-6.960396472559235,-5.858505182092143,5036.566666666667,False,True,False,35
2015-01-04,178394.81199754868,194427.4479735023,4624,2015,1,January,Sunday,1,Weekend,Summer,-16032.635975953628,-8.987164927292802,38.58019290604427,42.04745847177818,-3.4672655657339106,-8.987164927292788,38.960463913320936,39.369713797695084,1.204161091131374,-7.948145389422264,-6.169414125082003,5126.9,False,False,False,35
2015-01-05,220443.63148426503,239988.02746038733,5717,2015,1,January,Monday,1,Weekday,Summer,-19544.395976122294,-8.865938128730813,38.559319832825786,41.97796527206355,-3.418645439237764,-8.865938128730814,38.585740815921646,39.32372639129325,1.2080104250762072,-8.925782405647833,-6.362338176842764,5191.966666666666,False,True,False,35
2015-01-06,181534.18867267863,197328.9439108107,4705,2015,1,January,Tuesday,1,Weekday,Summer,-15794.755238132057,-8.700705555035325,38.5832494522165,41.940264380618636,-3.357014928402137,-8.700705555035324,38.58438474085534,39.32326420347444,1.208300632359102,-8.89232112688757,-6.422178244520871,5258.4,False,False,False,35
2015-01-07,83176.48139340024,84728.83119663107,2020,2015,1,January,Wednesday,1,Weekday,Summer,-1552.349803230827,-1.8663326185784055,41.176475937326856,41.94496593892627,-0.7684900015994174,-1.8663326185784008,38.9563032328572,39.343855248444065,1.2350482936528158,-7.8691928073713315,-6.448876629719606,5251.666666666667,False,False,False,35
2015-01-08,76894.77934870537,78468.09549968746,1868,2015,1,January,Thursday,1,Weekday,Summer,-1573.316150982093,-2.046063678585199,41.16422877339688,42.00647510689907,-0.8422463335021888,-2.046063678585193,39.32122405754199,39.36501208256553,1.261218704111753,-6.886665249440051,-6.446863177677486,5251.9,False,False,False,35
2015-01-09,123859.38795673757,126444.14251828095,3008,2015,1,January,Friday,1,Weekday,Summer,-2584.7545615433773,-2.086845901778715,41.17665823029839,42.0359516350668,-0.8592934047684082,-2.0868459017787107,39.689040193932065,39.42014929068436,1.3037816179358093,-5.9244246654039125,-6.36187935087392,5215.666666666667,False,False,False,35
2015-01-10,120807.57415832733,123392.80406778071,2934,2015,1,January,Saturday,1,Weekend,Summer,-2585.229909453381,-2.1399568093845214,41.17504231708498,42.056170438916396,-0.8811281218314164,-2.139956809384517,40.05930963559909,39.52087332198994,1.319168826217044,-4.956143945626538,-6.158109109467312,5174.9,False,False,False,35
2015-01-11,69597.36734933038,71051.36350293276,1690,2015,1,January,Sunday,1,Weekend,Summer,-1453.9961536023766,-2.0891539565057498,41.18187417120141,42.04222692481228,-0.8603527536108757,-2.0891539565057546,40.4309783877644,39.61201135134339,1.3368013218912345,-3.970713806942675,-5.96327079152206,4989.266666666666,False,False,False,35
2015-01-12,84738.29441126013,86467.53775028168,2058,2015,1,January,Monday,1,Weekday,Summer,-1729.2433390215592,-2.0406869775181304,41.175070170680335,42.015324465637356,-0.8402542949570204,-2.0406869775181176,40.80465700745791,39.70921851226753,1.3410333146330862,-2.9956779281980053,-5.7315454829467605,4736.066666666667,False,False,False,35
2015-01-13,64653.972138140365,65980.42208985981,1570,2015,1,January,Tuesday,1,Weekday,Summer,-1326.449951719449,-2.051614012029055,41.18087397333781,42.02574655405084,-0.8448725807130302,-2.0516140120290682,41.17574622476095,39.80456753730274,1.340573204304299,-2.0458077077685384,-5.521487472421696,4634.0,False,False,False,35
2015-01-14,59553.38603102025,60703.3560287776,1446,2015,1,January,Wednesday,1,Weekday,Summer,-1149.9699977573473,-1.9309901155886404,41.18491426764886,41.980190891270816,-0.7952766236219588,-1.9309901155886495,41.176951700521236,39.89579864551017,1.338196104831984,-2.0550444930557146,-5.323163815425667,4437.5,False,False,False,35
2015-01-15,79080.75695773037,80337.74831217455,1921,2015,1,January,Thursday,1,Weekday,Summer,-1256.9913544441806,-1.5895034428110724,41.16645338767848,41.82079558155885,-0.6543421938803675,-1.5895034428110788,41.177269502561465,39.98328824211033,1.3324054011310027,-1.9898216022308393,-5.104458264535811,4357.933333333333,False,False,False,35
2015-01-16,149444.05678745394,152030.9864805352,3629,2015,1,January,Friday,1,Weekday,Summer,-2586.9296930812707,-1.7310355116767997,41.18050614148634,41.89335532668372,-0.7128491851973777,-1.7310355116768088,41.177819204159746,40.07170271280189,1.3204620837594516,-1.9389915465019947,-4.88847194862145,4350.066666666667,False,False,False,35
2015-01-17,170624.07993589152,173547.02711004243,4144,2015,1,January,Saturday,1,Weekend,Summer,-2922.947174150904,-1.713091830443359,41.17376446329429,41.87910885860097,-0.7053443953066818,-1.71309183044335,41.177636653618215,40.16857439448386,1.2897909976097148,-1.8780108352246856,-4.631337898389518,4311.933333333333,False,False,False,35
2015-01-18,74744.28314926049,76003.92825421382,1815,2015,1,January,Sunday,1,Weekend,Summer,-1259.6451049533352,-1.6852728421221042,41.18142322273305,41.87544256430514,-0.694019341572087,-1.6852728421221077,41.17757223240845,40.26068515809448,1.2587683521743942,-1.8203135331698792,-4.381654165432659,4134.4,False,False,False,35
2015-01-19,90144.16140148976,91110.9693479948,2189,2015,1,January,Monday,1,Weekday,Summer,-966.8079465050396,-1.0725131073093122,41.18052142598893,41.62218791594098,-0.4416664899520484,-1.072513107309306,41.17835098316682,40.358707559689,1.2095098029916227,-1.682002980282905,-4.098889145055073,3931.766666666667,False,False,False,35
2015-01-20,97826.80880097904,99134.30698859354,2376,2015,1,January,Tuesday,1,Weekday,Summer,-1307.498187614503,-1.336543840732355,41.17289932701138,41.723193177017485,-0.5502938500061063,-1.336543840732361,41.17721174797733,40.45510876144739,1.1520772925298217,-1.5798500986690909,-3.8210802040992733,3859.6,False,False,False,35
2015-01-21,62795.97914592037,64144.08887524592,1525,2015,1,January,Wednesday,1,Weekday,Summer,-1348.1097293255516,-2.146808995832233,41.17769124322647,42.06169762311208,-0.8840063798856121,-2.1468089958322443,41.17617988734556,40.467739143432006,1.1580365431953052,-1.6106813672753186,-3.801001736734812,3743.3,False,False,False,35
2015-01-22,66550.98982708037,67952.1505548415,1616,2015,1,January,Thursday,1,Weekday,Summer,-1401.1607277611329,-2.1053942719736747,41.18254320982696,42.04959811561974,-0.8670549057927772,-2.105394271973667,41.17847843336678,40.48455190690473,1.164838277116791,-1.6843800571556904,-3.763379418045603,3537.9,False,False,False,35
2015-01-23,154670.89070075392,158031.79104317204,3757,2015,1,January,Friday,1,Weekday,Summer,-3360.9003424181137,-2.1729365669203657,41.1687225714011,42.06329279828907,-0.8945702268879714,-2.172936566920362,41.17679506621174,40.484357492057434,1.1647196231475871,-1.7475087793333424,-3.7694582043076363,3269.5,False,True,False,35
2015-01-24,158722.10562536394,162082.41843851437,3855,2015,1,January,Saturday,1,Weekend,Summer,-3360.3128131504345,-2.1171044826496135,41.173049448862244,42.04472592438765,-0.8716764755254047,-2.117104482649614,41.176692921292876,40.48431906757965,1.1646960989591537,-1.8052248725056645,-3.7712911868430274,3286.5333333333333,False,True,False,35
2015-01-25,78092.27692203049,79795.0431031607,1897,2015,1,January,Sunday,1,Weekend,Summer,-1702.7661811302096,-2.180454006777519,41.16619763944675,42.06380764531402,-0.8976100058672714,-2.1804540067775244,41.17451783796626,40.48489855521817,1.1650423878285925,-1.8759650388850093,-3.7798464678409704,3310.8,False,False,False,35
2015-01-26,91830.40204377988,93808.08674687239,2230,2015,1,January,Monday,1,Weekday,Summer,-1977.6847030925128,-2.1536274034275245,41.17955248599994,42.06640661294726,-0.8868541269473198,-2.153627403427536,41.174379417967835,40.485326438501524,1.1653037605727996,-2.030409938330468,-3.7844171430539313,3295.9333333333334,False,False,False,35
2015-01-27,76992.93568321048,78614.45775337583,1870,2015,1,January,Tuesday,1,Weekday,Summer,-1621.5220701653452,-2.1060660381065888,41.17269287872218,42.039816980414884,-0.8671241016927027,-2.1060660381066008,41.174349925355095,40.485232398831414,1.1652462544315176,-2.1403416808125018,-3.7855219273490976,3302.366666666667,False,False,False,35
2015-01-28,59897.71587994037,61194.180255889565,1455,2015,1,January,Wednesday,1,Weekday,Summer,-1296.4643759491955,-2.164463797831361,41.166815037759704,42.05785584597221,-0.8910408082125088,-2.164463797831369,41.17279618171698,40.48471351626938,1.164928532622212,-2.1428637953838057,-3.7902547534384157,3242.9666666666667,False,False,False,35
2015-01-29,57310.19404232036,58531.41098518647,1392,2015,1,January,Thursday,1,Weekday,Summer,-1221.2169428661073,-2.130889562098336,41.1711164097129,42.04842743188683,-0.8773110221739273,-2.1308895620983357,41.171163781700685,40.57065933067045,1.1145540044512008,-2.146505979687329,-3.563453255296454,3102.4666666666667,False,False,False,35
2015-01-30,134540.21446573758,137221.53747357725,3268,2015,1,January,Friday,1,Weekday,Summer,-2681.3230078396737,-1.9929528271433725,41.1689762747055,41.98945455127823,-0.8204782765727288,-1.9929528271433756,41.17120002502988,40.65719032338351,1.053198510496636,-2.120794016862044,-3.3289439876948306,2895.9333333333334,False,True,False,35
2015-01-31,200193.61199916032,203814.73638908495,4862,2015,1,January,Saturday,1,Weekend,Summer,-3621.124389924633,-1.8088111572410317,41.17515672545461,41.919937554316114,-0.7447808288615008,-1.8088111572410237,41.17150106454309,40.742702780878545,0.9830393932113176,-2.0767521132322466,-3.091779140132727,2961.1666666666665,False,True,False,35
2015-02-01,171469.93052966276,174652.45798996426,4165,2015,2,February,Sunday,1,Weekend,Summer,-3182.5274603014986,-1.8560265642324676,41.16925102753007,41.93336326289658,-0.764112235366504,-1.856026564232462,41.1719372628407,40.82827963927729,0.8983514740887939,-2.0304053357258107,-2.8595623592727524,2865.9,False,True,False,35
2015-02-02,151737.21883246515,154148.59881302153,3685,2015,2,February,Monday,1,Weekday,Summer,-2411.379980556376,-1.5891816122047215,41.17699289890506,41.831370098513304,-0.6543771996082413,-1.5891816122047167,41.17157160754143,40.91474086172693,0.793525117766715,-1.949770222693982,-2.6152710180853727,2776.366666666667,False,True,False,35
2015-02-03,102072.44340557892,103634.96422901604,2479,2015,2,February,Tuesday,1,Weekday,Summer,-1562.520823437124,-1.5307959438460175,41.174846069212954,41.80514894272531,-0.6303028735123561,-1.5307959438460246,41.17187920618297,41.001229300499226,0.6605617860791525,-1.867588780656757,-2.366725385303813,2704.866666666667,False,False,False,35
2015-02-04,82514.10512003038,83232.39136736213,2005,2015,2,February,Wednesday,1,Weekday,Summer,-718.2862473317509,-0.8705011661786614,41.15416714215979,41.51241464706341,-0.35824750490361623,-0.8705011661786608,41.17007236395442,41.08772421081036,0.4730656210739523,-1.6827369761349433,-2.1002108198854077,2581.133333333333,False,False,False,35
2015-02-05,46211.33245807025,46407.29911726897,1122,2015,2,February,Thursday,1,Weekday,Summer,-195.96665919872612,-0.42406623824694095,41.18657081824443,41.361229159776265,-0.17465834153183835,-0.4240662382469334,41.17228013660178,41.17450158967795,0.0069698965840904615,-1.4389050727276007,-1.8243228426591283,2461.7,False,False,False,35
2015-02-06,85730.41481046013,85765.70933606157,2082,2015,2,February,Friday,1,Weekday,Summer,-35.29452560143545,-0.041169199611908444,41.17695235853032,41.193904580240904,-0.016952221710582194,-0.041169199611904565,41.17341957714818,41.17451747038474,0.0069750910186077795,-1.1600788402231061,-1.7634840620269117,2463.766666666667,False,False,False,35
2015-02-07,105918.29329060845,105662.55624090016,2573,2015,2,February,Saturday,1,Weekend,Summer,255.7370497082884,0.24144747971591804,41.1652908241774,41.065898266964695,0.09939255721270257,0.24144747971591363,41.17201016268,41.17455287207743,0.006923575573532094,-0.8671847492292561,-1.6872336900835412,2487.266666666667,True,True,True,36
2015-02-08,73041.66087122049,73046.23389967678,1774,2015,2,February,Sunday,1,Weekend,Summer,-4.573028456288739,-0.006260849495675394,41.173427774081446,41.1760055804266,-0.0025778063451511457,-0.006260849495688253,41.17260684075877,41.17444519020352,0.006914817956148564,-0.6029325042668571,-1.6178808550074397,2446.133333333333,False,False,False,37
2015-02-09,97908.54709609867,97097.93659019307,2378,2015,2,February,Monday,1,Weekday,Summer,810.610505905599,0.8279261922965448,41.17264385874629,40.83176475617875,0.3408791025675413,0.8279261922965593,41.17198554930752,41.174365241592234,0.006921538085811731,-0.2576313893381048,-1.5189514216180708,2427.6,False,False,False,37
2015-02-10,138667.41591113637,148522.8490204199,3677,2015,2,February,Tuesday,1,Weekday,Summer,-9855.433109283535,-7.107245090367366,37.71210658448093,40.392398428180556,-2.680291843699628,-7.107245090367363,40.67730848006009,41.058706322034894,0.6321080870448798,-1.0542669816982975,-1.6862211260801248,2493.8333333333335,True,True,True,38
2015-02-11,162162.10351832397,173661.82783508644,4299,2015,2,February,Wednesday,1,Weekday,Summer,-11499.72431676247,-7.091499226552044,37.72088939714445,40.395865976991495,-2.6749765798470477,-7.0914992265520365,40.186840230772184,40.943566962917025,0.8772415130787207,-1.9429809903230664,-1.854581534381255,2568.5333333333333,True,True,True,38
2015-02-12,138520.12680392637,147756.34279381522,3674,2015,2,February,Thursday,1,Weekday,Summer,-9236.21598988885,-6.667779046262791,37.7028107795118,40.2167508965202,-2.513940117008403,-6.667779046262807,39.68916022523894,40.827631523122825,1.0563434448829394,-2.834939962896759,-2.0084537021890463,2638.6666666666665,True,True,True,38
2015-02-13,358597.4285091585,382447.08041708503,9505,2015,2,February,Friday,1,Weekday,Summer,-23849.65190792654,-6.650815095657449,37.727241295019304,40.23641035424356,-2.5091690592242557,-6.650815095657451,39.19634435902309,40.7123757573685,1.1954833763920676,-3.779175090903265,-2.1657812015246733,2907.3,True,True,True,38
2015-02-14,424009.8825170612,451548.0275596244,11237,2015,2,February,Saturday,1,Weekend,Summer,-27538.145042563207,-6.494694151723017,37.73337034057677,40.1840373373342,-2.450666996757434,-6.494694151723035,38.706070004223,40.59793965579844,1.3094043490802025,-4.741481038251685,-2.3292875584884047,3217.8333333333335,True,True,True,38
2015-02-15,203861.47237812544,217065.61516082732,5406,2015,2,February,Sunday,1,Weekend,Summer,-13204.142782701878,-6.477017274853498,37.710224265284026,40.15272200533247,-2.442497740048445,-6.477017274853507,38.21132664582337,40.482263593258374,1.4058957220286936,-5.665874813302802,-2.487486950594295,3277.0666666666666,True,True,True,38
2015-02-16,220506.20933281546,234723.22004532232,5846,2015,2,February,Monday,1,Weekday,Summer,-14217.01071250686,-6.4474423443780555,37.71915999534989,40.151081088833784,-2.4319210934838935,-6.4474423443780475,37.71797180819531,40.36711011099355,1.486473481913422,-6.705213175684888,-2.6452986343921183,3333.8,True,True,True,38
2015-02-17,139935.93697634517,148697.5436959896,3713,2015,2,February,Tuesday,1,Weekday,Summer,-8761.60671964442,-6.261155575158285,37.68810583795992,40.0478167778049,-2.3597109398449803,-6.26115557515828,37.71454313012088,40.250666198167785,1.5556978860425403,-6.584343244940733,-2.7978280588266573,3397.0666666666666,True,True,True,38
2015-02-18,161064.75234488395,170739.36662316835,4270,2015,2,February,Wednesday,1,Weekday,Summer,-9674.614278284396,-6.006661381484873,37.72008251636626,39.98580014594106,-2.2657176295748016,-6.006661381484878,37.714427861438274,40.13531823451369,1.611657423926234,-6.429366409931137,-2.962299667965843,3466.4333333333334,True,True,True,38
2015-02-19,144328.54518998516,152824.1148984046,3827,2015,2,February,Thursday,1,Weekday,Summer,-8495.56970841944,-5.886271282812696,37.71323365298802,39.93313689532391,-2.2199032423358886,-5.886271282812698,37.71591684336346,40.01999604537958,1.6579660668728782,-6.317722443723981,-3.1139572493685206,3514.8,True,True,True,38
2015-02-20,293071.7591964033,310240.3783953406,7770,2015,2,February,Friday,1,Weekday,Summer,-17168.61919893726,-5.8581622623801275,37.71837312695023,39.92797662745696,-2.2096035005067236,-5.858162262380122,37.71464996221073,39.90468544150371,1.6945654179402492,-6.204486324684363,-3.237669024920117,3722.9666666666667,True,True,True,38
2015-02-21,267782.1539619082,283430.3368337632,7102,2015,2,February,Saturday,1,Weekend,Summer,-15648.182871855039,-5.843624244683976,37.70517515656268,39.90852391351214,-2.2033487569494596,-5.843624244683985,37.71062207878015,39.788773173061564,1.7228370959166326,-6.1114763379645,-3.3622766906771275,3905.8333333333335,True,True,True,38
2015-02-22,136052.68842362516,144020.1227597401,3608,2015,2,February,Sunday,1,Weekend,Summer,-7967.434336114937,-5.856138844759068,37.708616525395,39.91688546555989,-2.208268940164892,-5.856138844759063,37.710392401653145,39.67343630486137,1.7429718542329065,-6.0227794193795825,-3.4850500999384177,3900.866666666667,True,False,False,39
2015-02-23,86703.31409037916,85730.96653928269,2150,2015,2,February,Monday,1,Weekday,Summer,972.3475510964781,1.1214652649642747,40.327122832734496,39.8748681578059,0.4522546749285965,1.1214652649642798,38.082958521279515,39.64523875099044,1.724620788788559,-4.941506903759248,-3.377097775017955,3844.0333333333333,False,False,False,39
2015-02-24,95474.35736909964,100867.5240607559,2530,2015,2,February,Tuesday,1,Weekday,Summer,-5393.1666916562535,-5.648811723137878,37.73690014588919,39.86858658527901,-2.1316864393898243,-5.6488117231378805,38.08992913669798,39.530928834538514,1.733957270581763,-4.854029210613477,-3.492709698896633,3865.133333333333,True,False,False,39
2015-02-25,198431.6275269815,209499.79410912097,5253,2015,2,February,Wednesday,1,Weekday,Summer,-11068.16658213947,-5.577823817745228,37.77491481572083,39.88193301144507,-2.107018195724244,-5.5778238177452195,38.097762322320065,39.41744091219588,1.733750834268699,-4.792766701507813,-3.60684957937389,3965.9,False,True,False,39
2015-02-26,157291.73399894516,166305.03762747045,4171,2015,2,February,Thursday,1,Weekday,Summer,-9013.30362852529,-5.73030978766229,37.71079693093866,39.87174241847769,-2.160945487539024,-5.730309787662278,38.097414219170155,39.3020443806031,1.7280954249289762,-4.770486487914899,-3.72765770435908,4042.6,False,True,False,39
2015-02-27,307540.675156237,324997.33647802816,8156,2015,2,February,Friday,1,Weekday,Summer,-17456.66132179118,-5.676212199548186,37.707292196694084,39.847638116482116,-2.1403459197880323,-5.67621219954819,38.095831229133566,39.186726952567575,1.714743589761158,-4.744493621796049,-3.844715984416308,4265.966666666666,False,True,False,39
2015-02-28,350898.7635102697,375030.63545205916,9296,2015,2,February,Saturday,1,Weekend,Summer,-24131.87194178946,-6.87716072304803,37.74728523131128,40.34322670525594,-2.595941473944656,-6.877160723048048,38.101846954097645,39.07259924662086,1.691902201599167,-4.892141690133771,-4.0029250231146305,4529.433333333333,False,True,False,39
2015-03-01,256701.5427333406,276569.2503923595,6803,2015,3,March,Sunday,1,Weekend,Autumn,-19867.707659018895,-7.739613656960878,37.733579705033165,40.65401299314413,-2.9204332881109636,-7.7396136569608736,38.105413122617385,38.95808602763178,1.6610988999048018,-5.161209520448316,-4.194480384108547,4647.266666666666,False,True,False,39
2015-03-02,234705.59277910303,252709.82306975976,6221,2015,3,March,Monday,1,Weekday,Autumn,-18004.230290656735,-7.670984776064415,37.727952544462795,40.62205804046934,-2.8941054960065458,-7.670984776064409,37.73410308143571,38.84317922159872,1.621195342180995,-6.417273812023843,-4.389886171402661,4692.566666666667,False,True,False,39
2015-03-03,249380.56544757923,268761.83235694445,6611,2015,3,March,Tuesday,1,Weekday,Autumn,-19381.266909365222,-7.771763158279967,37.72206405197084,40.65373352850468,-2.931669476533841,-7.771763158279968,37.73198363944738,38.728272989080075,1.5720636744238128,-6.720552588472713,-4.587077391204244,4774.1,False,True,False,39
2015-03-04,258211.4441676979,278825.6066785365,6843,2015,3,March,Wednesday,1,Weekday,Autumn,-20614.16251083862,-7.983442630625835,37.73366128418791,40.746106485245726,-3.0124452010578153,-7.98344263062584,37.72609027779982,38.61349526858951,1.5116552607124556,-7.064212418884227,-4.800219425151614,4879.366666666667,False,True,False,39
2015-03-05,145975.83394282515,157578.005866528,3858,2015,3,March,Thursday,1,Weekday,Autumn,-11602.171923702845,-7.948008660287638,37.8371783159215,40.844480525279415,-3.007302209357917,-7.948008660287638,37.744144761368794,38.50223967681312,1.4376556956288755,-7.3810265435449915,-5.014126515699668,4925.333333333333,False,False,False,39
2015-03-06,269239.8525836682,291365.01755439857,7128,2015,3,March,Friday,1,Weekday,Autumn,-22125.164970730373,-8.217641169542247,37.77214542419588,40.87612479719396,-3.103979372998083,-8.217641169542231,37.75340950815477,38.38950561954766,1.3526195833713344,-7.744087824972715,-5.259031182478454,5096.1,False,True,False,39
2015-03-07,306920.21160129213,332242.411551486,8127,2015,3,March,Saturday,1,Weekend,Autumn,-25322.19995019387,-8.250417858791566,37.76549915113721,40.88131063756442,-3.115811486427205,-8.250417858791574,37.756011496701326,38.27546989731075,1.248909846705559,-7.94026741579322,-5.519909569829941,5329.6,False,True,False,39
2015-03-08,122106.79562238637,121394.81220117224,2966,2015,3,March,Sunday,1,Weekend,Autumn,711.9834212141286,0.5830825529284446,41.16884545596304,40.92879710086724,0.24004835509579436,0.5830825529284425,38.24676374683417,38.27519966722517,1.24826110512761,-6.751310814380459,-5.499101178078598,5359.066666666667,False,False,False,39
2015-03-09,117661.28079254708,116861.15827355147,2858,2015,3,March,Monday,1,Weekday,Autumn,800.1225189956167,0.6800219355136394,41.16909754812704,40.88913865414677,0.27995889398027174,0.6800219355136393,38.73835589021478,38.2753265580235,1.2485651817215593,-5.558309855583595,-5.484482029552006,5368.566666666667,False,False,False,39
2015-03-10,62499.79917156037,62073.87265416521,1518,2015,3,March,Tuesday,1,Weekday,Autumn,425.9265173951644,0.6814846176161412,41.17246322237179,40.89187921881766,0.28058400355413227,0.6814846176161545,39.23127005741491,38.27529440629984,1.2484879895241683,-4.350703030455579,-5.4615571806482786,5360.033333333334,False,False,False,39
2015-03-11,57063.98412427037,56638.28137060811,1386,2015,3,March,Wednesday,1,Weekday,Autumn,425.7027536622627,0.7460095193058969,41.17170571736679,40.86456087345462,0.30714484391216956,0.7460095193059044,39.722419262154745,38.27526313492053,1.2484129254922127,-3.103638437608189,-5.464287736414634,5326.966666666666,False,False,False,39
2015-03-12,48008.48284166025,47681.67207887158,1166,2015,3,March,Thursday,1,Weekday,Autumn,326.81076278866385,0.680735452246093,41.17365595339644,40.89337228033583,0.28028367306060886,0.6807354522461057,40.19905892465117,38.390648113884374,1.3503720428896258,-1.8709607072462275,-5.204688384994185,5243.266666666666,False,False,False,39
2015-03-13,117446.8391133083,116681.14155165869,2853,2015,3,March,Friday,1,Weekday,Autumn,765.6975616496202,0.6519524641364796,41.1660845122006,40.8977012098348,0.2683833023657982,0.6519524641364813,40.6839073657947,38.50548795105291,1.4352755327058884,-0.6038759024349807,-4.9465733286379,5195.066666666667,False,False,False,39
2015-03-14,150591.54790083517,149573.8275926896,3657,2015,3,March,Saturday,1,Weekend,Autumn,1017.7203081455664,0.6758150256983461,41.17898493323357,40.90069116562472,0.27829376760885083,0.6758150256983468,41.17154819180847,38.62136042284364,1.5067773600405159,0.6713002239207212,-4.70178685957253,5194.5,False,False,False,39
2015-03-15,67152.47495364037,66802.98321783988,1631,2015,3,March,Sunday,1,Weekend,Autumn,349.49173580048955,0.5204450558847845,41.172578144476006,40.95829749714278,0.21428064733322572,0.520445055884787,41.17208143302461,38.736204984492204,1.566398758160224,0.6623520100573411,-4.462744854521122,4932.033333333334,False,False,False,39
2015-03-16,80635.28924859049,80121.2905225416,1959,2015,3,March,Monday,1,Weekday,Autumn,513.9987260488851,0.6374364510112672,41.16145444032184,40.899076325952834,0.2623781143690067,0.637436451011266,41.170989560481004,38.850474454483695,1.615004849615981,0.6562683694141451,-4.225007167763312,4622.766666666666,False,False,False,39
2015-03-17,50669.63709834037,50308.957054208026,1230,2015,3,March,Tuesday,1,Weekday,Autumn,360.680044132343,0.7118267759295965,41.19482690921981,40.90159110098214,0.29323580823767514,0.7118267759295913,41.174184372887865,38.96662787594823,1.6549825364505246,0.6606029634589243,-3.985379032737209,4483.566666666667,False,False,False,39
2015-03-18,48648.99266494025,48362.06879194777,1182,2015,3,March,Wednesday,1,Weekday,Autumn,286.9238729924764,0.5897837905269787,41.15820022414572,40.91545583075108,0.24274439339464493,0.5897837905269662,41.17225501671343,39.08126255024142,1.684438192134098,0.6382850022047932,-3.750804828240375,4328.1,False,False,False,39
2015-03-19,43213.177617650246,42981.21684775456,1050,2015,3,March,Thursday,1,Weekday,Autumn,231.96076989568974,0.5367824878514518,41.15540725490499,40.93449223595672,0.2209150189482756,0.536782487851451,41.16964805978608,39.19683926413959,1.7043866324921797,0.6177202930055588,-3.524206892806717,4239.333333333333,False,False,False,39
2015-03-20,96881.0180945894,96453.2872848832,2353,2015,3,March,Friday,1,Weekday,Autumn,427.7308097061905,0.44150115070898327,41.17340335511661,40.99162230551772,0.1817810495988894,0.44150115070897944,41.17069360877408,39.3119499587646,1.7177728258000593,0.5876558196587736,-3.3092681417335883,4175.433333333333,False,False,False,39
2015-03-21,121360.88514123637,120829.28797107039,2947,2015,3,March,Saturday,1,Weekend,Autumn,531.5971701659873,0.43803007002406874,41.181162246771756,41.0007763729455,0.18038587382625337,0.4380300700240534,41.17100465356525,39.427547578557395,1.7231560600455977,0.553686540276734,-3.098458096639029,4146.1,False,False,False,39
2015-03-22,66954.36637197038,66756.37644364212,1626,2015,3,March,Sunday,1,Weekend,Autumn,197.98992832825752,0.29570876263440166,41.1773470922327,41.05558206866059,0.1217650235721095,0.2957087626343905,41.17168593181621,39.54284671073347,1.720569690603693,0.5215813555266793,-2.893329062471879,3941.3,False,False,False,39
2015-03-23,81342.15076393037,81132.01289723592,1976,2015,3,March,Monday,1,Weekday,Autumn,210.13786669445108,0.2583382228290338,41.165056054620635,41.05871098038255,0.10634507423808515,0.2583382228290402,41.17220044814461,39.65817607400208,1.7090624804454684,0.46742446578636027,-2.689930313554778,3770.4333333333334,False,False,False,39
2015-03-24,125060.70791173638,136375.15271351667,3312,2015,3,March,Tuesday,1,Weekday,Autumn,-11314.444801780293,-9.047161966943005,37.75987557721509,41.176072679201894,-3.4161971019868034,-9.047161966943003,40.68149311500107,39.659884709062744,1.707070661522041,-0.9267167831954399,-2.7962977509609095,3760.5666666666666,True,False,False,39
2015-03-25,253218.83124198424,276194.8294840427,6704,2015,3,March,Wednesday,1,Weekday,Autumn,-22975.99824205847,-9.073574081898297,37.771305376190966,41.19851275119969,-3.42720737500872,-9.073574081898293,40.19765099386468,39.574690793844624,1.7361511350329888,-2.3071964792561936,-3.1361323958563285,3912.366666666667,True,True,True,40
2015-03-26,229184.47188046668,250361.15020932571,6077,2015,3,March,Thursday,1,Weekday,Autumn,-21176.678328859038,-9.240014454340491,37.71342305092425,41.19814879205623,-3.4847257411319816,-9.240014454340498,39.705938964724574,39.57390822401246,1.7370131609617037,-3.7038817567121853,-3.255839153563082,4030.6,True,True,True,40
2015-03-27,354191.35095056973,386464.6513269861,9386,2015,3,March,Friday,1,Weekday,Autumn,-32273.30037641636,-9.111826217608673,37.73613370451414,41.17458462891393,-3.4384509243997883,-9.111826217608689,39.214900443209935,39.57261552030557,1.7384120249697688,-5.068642809328993,-3.3736392335585306,4168.366666666667,True,True,True,40
2015-03-28,459484.66663548636,501362.5724903483,12181,2015,3,March,Saturday,1,Weekend,Autumn,-41877.90585486195,-9.114103014907373,37.72142407318663,41.15939352190693,-3.4379694487202954,-9.114103014907366,38.72065213269777,39.5729697583805,1.7380205966584512,-6.433233250033486,-3.4864323411333666,4435.366666666667,True,True,True,40
2015-03-29,224102.88847081424,244359.80746223294,5937,2015,3,March,Sunday,1,Weekend,Autumn,-20256.9189914187,-9.03911552842695,37.746823053867985,41.15880199801801,-3.411978944150029,-9.039115528426962,38.23057727007424,39.57428745361963,1.736571723455594,-7.766779577327965,-3.5985291187626585,4361.4,True,True,True,40
2015-03-30,215203.5587823579,234819.44742668918,5706,2015,3,March,Monday,1,Weekday,Autumn,-19615.88864433128,-9.11503915424068,37.7153099863929,41.15307525879586,-3.437765272402956,-9.115039154240675,37.73775640318457,39.573221612122346,1.7377411536269658,-9.105833488337923,-3.67312506646908,4241.733333333334,True,True,True,40
2015-03-31,355534.912042067,386988.9147484839,9421,2015,3,March,Tuesday,1,Weekday,Autumn,-31454.00270641694,-8.846951914161188,37.73855344889788,41.0772651256219,-3.3387116767240173,-8.846951914161195,37.734710384853535,39.57338740358452,1.7375598158047234,-9.077232052226234,-3.710036341709091,4329.0,True,True,True,40
2015-04-01,498894.3439301564,542483.8358055089,13207,2015,4,April,Wednesday,2,Weekday,Autumn,-43589.49187535251,-8.737219093719553,37.77499386160039,41.07547783792753,-3.3004839763271363,-8.737219093719546,37.7352373113406,39.574955447489096,1.7358573857003086,-9.029181339629272,-3.7455774856309287,4561.866666666667,True,True,True,40
2015-04-02,715032.189870243,777522.1927510158,18936,2015,4,April,Thursday,2,Weekday,Autumn,-62490.00288077281,-8.739467084987163,37.760466300709915,41.06052982419813,-3.3000635234882125,-8.739467084987162,37.7419577755957,39.57623552244707,1.7344574847291476,-8.957674572578796,-3.7778342831878353,4972.7,True,True,True,40
2015-04-03,510289.2156051291,554159.8194134269,13503,2015,4,April,Friday,2,Weekday,Autumn,-43870.603808297834,-8.597203794768356,37.79080319966889,41.03975556642427,-3.2489523667553755,-8.597203794768356,37.749767703474944,39.578140252963095,1.7323943978307978,-8.88415708360161,-3.798292988659253,5194.7,True,True,True,40
2015-04-04,400302.03949241096,434872.7289103458,10600,2015,4,April,Saturday,2,Weekend,Autumn,-34570.68941793486,-8.636151207665845,37.76434334834066,41.02572914248545,-3.2613857941447932,-8.636151207665833,37.75589902849695,39.5757124207104,1.734967495008414,-8.815878253995676,-3.8212310735718593,5419.433333333333,True,True,True,40
2015-04-05,135578.2034450376,147335.92505366588,3591,2015,4,April,Sunday,2,Weekend,Autumn,-11757.721608628286,-8.67228013785769,37.75499956698346,41.02921889547922,-3.274219328495761,-8.672280137857683,37.75706710179916,39.57514089213666,1.7355848228190993,-8.763473198200067,-3.836385705849041,5301.533333333334,True,False,False,41
2015-04-06,182466.25520866032,198405.2291123257,4836,2015,4,April,Monday,2,Weekday,Autumn,-15938.973903665377,-8.735299513566645,37.73082200344506,41.0267223143767,-3.2959003109316356,-8.73529951356665,37.75928310423518,39.57398498721359,1.7368427011512773,-8.709224678103777,-3.852548427674877,5191.833333333333,True,False,False,41
2015-04-07,176814.2025694703,178390.14906155376,4348,2015,4,April,Tuesday,2,Weekday,Autumn,-1575.946492083458,-0.891300850939431,40.665639965379555,41.02809316043095,-0.36245319505139406,-0.8913008509394329,38.17743832087542,39.55721147086081,1.7232862015265393,-7.572703097643525,-3.9016945411371395,5237.9,False,False,False,41
2015-04-08,100917.67156519879,100579.1289483651,2451,2015,4,April,Wednesday,2,Weekday,Autumn,338.5426168336853,0.33546415764752036,41.174080605956256,41.03595632328238,0.13812428267387844,0.3354641576475112,38.663022141497684,39.55737757278844,1.723447155988147,-6.276605490305371,-3.913179800399343,5224.333333333333,False,False,False,41
2015-04-09,74690.6727294505,74427.58597218397,1814,2015,4,April,Thursday,2,Weekday,Autumn,263.0867572665302,0.3522350886026967,41.174571515683844,41.0295402272238,0.14503128846004643,0.3522350886026887,39.15075145792253,39.557447849232176,1.7235153264057446,-4.9777908940782485,-3.9241547846997915,5234.2,False,False,False,41
2015-04-10,114067.07710172747,113653.97356322031,2770,2015,4,April,Friday,2,Weekday,Autumn,413.1035385071591,0.36215843256748353,41.17945021723013,41.03031536578351,0.1491348514466253,0.3621584325674774,39.63484388900271,39.55770599922763,1.7237660108833415,-3.6978820044588434,-3.936949820924405,5280.333333333333,False,False,False,41
2015-04-11,126507.80094116637,126043.76915933749,3072,2015,4,April,Saturday,2,Weekend,Autumn,464.03178182887495,0.3668009232447865,41.18092478553593,41.02987277322184,0.15105201231408927,0.36680092324479224,40.12292695145918,39.55794829363227,1.7240014777243047,-2.4117459857573245,-3.947414305224449,5343.866666666667,False,False,False,41
2015-04-12,79648.6293946405,79349.40245134271,1934,2015,4,April,Sunday,2,Weekend,Autumn,299.2269432977919,0.3756837318759017,41.183365767652795,41.02864656222477,0.1547192054280231,0.3756837318759077,40.6126935515548,39.55852433548068,1.7245601305572915,-1.1191797186525254,-3.9566232629664677,5313.233333333334,False,False,False,41
2015-04-13,83137.43242759025,82700.35417030295,2019,2015,4,April,Monday,2,Weekday,Autumn,437.0782572872995,0.5257298000728843,41.17752968181785,40.96104713734668,0.21648254447116955,0.5257298000728745,41.10508036275091,39.55847582710016,1.7245129983746685,0.2038244690102644,-3.96162610382065,5258.633333333333,False,False,False,41
2015-04-14,40776.02706167025,39940.199579223205,979,2015,4,April,Tuesday,2,Weekday,Autumn,835.8274824470427,2.0498011765170876,41.65069158495429,40.79693521881839,0.8537563661358973,2.0498011765170894,41.24580202269016,39.57441294178276,1.7420640562182041,0.6239819015040527,-3.9106475664662397,5236.9,False,False,False,41
2015-04-15,58278.45792605037,56969.92259423945,1398,2015,4,April,Wednesday,2,Weekday,Autumn,1308.5353318109192,2.245315642138853,41.6870228369459,40.751017592445955,0.9360052444999454,2.2453156421388605,41.31907948426011,39.59193188833691,1.7611128980382142,0.8968178278599573,-3.8570515934286536,5218.2,False,False,False,41
2015-04-16,50000.101443420244,48827.88538117275,1198,2015,4,April,Thursday,2,Weekday,Autumn,1172.2160622474912,2.344427367960368,41.73631172238752,40.75783420799061,0.9784775143969071,2.344427367960375,41.39932808521777,39.609981382109154,1.7807723958363446,1.1814167249110532,-3.8026315736942946,5217.133333333333,False,False,False,41
2015-04-17,103911.9190821282,101408.94958672023,2485,2015,4,April,Friday,2,Weekday,Autumn,2502.9694954079605,2.4087414778950476,41.81566160246607,40.80843041719124,1.0072311852748328,2.4087414778950467,41.49021542596576,39.6318967613865,1.8043720331230262,1.4737857313864196,-3.741999650782026,5260.566666666667,False,False,False,41
2015-04-18,132843.22261657636,129545.5321235172,3172,2015,4,April,Saturday,2,Weekend,Autumn,3297.6904930591554,2.4823927243749844,41.879956688706294,40.84033169089445,1.039624997811842,2.4823927243749897,41.59007712641868,39.65604840917988,1.8301326947727143,1.7760131315478762,-3.6771459762312415,5331.3,False,False,False,41
2015-04-19,62786.61127718,61213.25590506657,1497,2015,4,April,Sunday,2,Weekend,Autumn,1573.3553721134303,2.505877192778632,41.94162409965264,40.8906185070585,1.0510055925941444,2.505877192778638,41.6983997452758,39.68165576733108,1.857269063334675,2.0803264831054094,-3.6083334414955868,5302.766666666666,False,False,False,41
2015-04-20,57233.40664156013,55706.875425596525,1365,2015,4,April,Monday,2,Weekday,Autumn,1526.5312159636014,2.667203134567755,41.929235634842584,40.810897747689765,1.1183378871528191,2.667203134567749,41.805786309993614,39.70659154693344,1.8829401497695284,2.3862512451761053,-3.5340276726774635,5250.033333333334,False,False,False,41
2015-04-21,56874.34545501001,55172.17122554866,1353,2015,4,April,Tuesday,2,Weekday,Autumn,1702.1742294613505,2.9928682534163698,42.035732043614196,40.77765796418969,1.2580740794245031,2.9928682534163737,41.86079208980217,39.73520437864615,1.9123523821858024,2.5209751133045737,-3.444122356318064,5240.933333333333,False,False,False,41
2015-04-22,132737.73701689864,140263.93010239187,3439,2015,4,April,Wednesday,2,Weekday,Autumn,-7526.193085493229,-5.669972424296401,38.59777174088358,40.78625475498455,-2.1884830141009672,-5.669972424296399,41.41947050465041,39.64962823485492,1.9035831573773914,1.390219675242395,-3.6417327112222457,5289.7,False,False,False,41
2015-04-23,60310.33894812001,58446.054929901366,1434,2015,4,April,Thursday,2,Weekday,Autumn,1864.284018218641,3.0911516180042202,42.057419071213396,40.757360481102765,1.3000585901106305,3.091151618004225,41.46534298305411,39.792879684654864,1.9181159806630648,1.4968945681058021,-3.2371222583906714,5227.1,False,False,False,41
2015-04-24,343587.0084787192,362390.59604190825,8892,2015,4,April,Friday,2,Weekday,Autumn,-18803.587563189038,-5.472729497673565,38.64001444879883,40.75467791744357,-2.1146634686447427,-5.472729497673569,41.01167910395879,39.8218366537418,1.8929367707951135,0.37097014302457204,-3.1170941055831807,5300.033333333334,False,True,False,41
2015-04-25,496882.31502370274,535306.0098701882,13144,2015,4,April,Saturday,2,Weekend,Autumn,-38423.69484648545,-7.7329568158714865,37.80297588433527,40.72626368458523,-2.923287800249959,-7.732956815871487,40.42925327476293,39.824821748188825,1.8895648330497872,-1.0883655055820667,-3.0668588509675474,5535.6,True,True,True,42
2015-04-26,200369.82986166124,210964.7680869965,5179,2015,4,April,Sunday,2,Weekend,Autumn,-10594.938225335267,-5.28769138180643,38.68890323646674,40.73465303861682,-2.045749802150077,-5.28769138180642,39.96457886573637,39.856580732587254,1.8610400931351498,-2.201732444808504,-2.9393876897741387,5395.366666666667,False,False,False,43
2015-04-27,194028.06181921624,204053.49893464716,5014,2015,4,April,Monday,2,Weekday,Autumn,-10025.43711543092,-5.167003690822837,38.69726003574316,40.69674889003733,-1.9994888542941638,-5.167003690822847,39.50286806586502,39.8891085980058,1.8307151916624382,-3.3209048484357315,-2.8078177123046544,5156.466666666666,False,False,False,43
2015-04-28,190560.57918183244,200804.03684509994,4936,2015,4,April,Tuesday,2,Weekday,Autumn,-10243.457663267502,-5.375433737264841,38.606276171359895,40.68153096537681,-2.0752547940169137,-5.375433737264832,39.01294579840013,39.917757035255526,1.802542983083584,-4.51637656139019,-2.6856949859325843,5123.1,False,False,False,43
2015-04-29,198985.39962261243,209483.87580877283,5150,2015,4,April,Wednesday,2,Weekday,Autumn,-10498.476186160406,-5.27600326761229,38.63794167429368,40.67648073956754,-2.0385390652738593,-5.276003267612275,39.01868436031585,39.94851142485222,1.7712693125589454,-4.46009525329246,-2.557727123044971,5104.566666666667,False,True,False,43
2015-04-30,385482.8720257082,406252.00759341643,9986,2015,4,April,Thursday,2,Weekday,Autumn,-20769.135567708232,-5.387823188762359,38.60233046522213,40.68215577743005,-2.079825312207916,-5.387823188762362,38.52510027374567,39.97730399206303,1.7408665392167106,-5.671377368544829,-2.4424228321983437,5123.4,False,True,False,43
2015-05-01,499703.41471803014,526206.9371722165,12937,2015,5,May,Friday,2,Weekday,Autumn,-26503.522454186343,-5.303850578876192,38.62591131777307,40.67457193879697,-2.048660621023906,-5.303850578876178,38.523085540741995,40.005667907268794,1.7104126323319309,-5.647251808716632,-2.3279772150368983,5114.4,False,True,False,43
2015-05-02,461667.00388101256,496852.8019930757,12217,2015,5,May,Saturday,2,Weekend,Autumn,-35185.798112063145,-7.6214669483140565,37.788901029795575,40.66896963191255,-2.880068602116978,-7.621466948314051,38.52107484723632,40.006615731571635,1.709132952156002,-5.631324684779856,-2.2907105438144613,4890.433333333333,True,True,True,44
2015-05-03,259541.60872151394,273280.04637040466,6721,2015,5,May,Sunday,2,Weekend,Autumn,-13738.437648890715,-5.293346880511921,38.61651669714536,40.66062287909607,-2.04410618195071,-5.2933468805119235,38.51073391304755,40.03413951482086,1.6785949726694576,-5.632132613166355,-2.180581980005913,4664.366666666667,False,True,False,45
2015-05-04,320309.2744015867,336742.60236538574,8283,2015,5,May,Monday,2,Weekday,Autumn,-16433.327963799064,-5.130456492245003,38.67068385869693,40.654666469320986,-1.9839826106240537,-5.130456492244994,38.50693731632666,40.06435086516607,1.644136984644712,-5.626911584798093,-2.063725489491885,4587.133333333333,False,True,False,45
2015-05-05,239922.99815095018,251700.9664012018,6191,2015,5,May,Tuesday,2,Weekday,Autumn,-11777.968250251608,-4.9090617994200665,38.75351286560333,40.655946761622,-1.902433896018671,-4.90906179942006,38.52797112979001,40.097634641786726,1.6054257664204852,-5.560287022248839,-1.938284878210631,4673.8,False,True,False,45
2015-05-06,224994.19507015543,242259.8595396662,5959,2015,5,May,Wednesday,2,Weekday,Autumn,-17265.664469510783,-7.673826635450384,37.75703894447985,40.65444865575872,-2.8974097112788684,-7.673826635450381,38.40212788267375,40.09850853982122,1.6040995765744293,-5.902833217654282,-1.902902448940089,4711.233333333334,True,True,True,46
2015-05-07,117197.97172990369,115769.08632788144,2848,2015,5,May,Thursday,2,Weekday,Autumn,1428.8854020222498,1.219206596267111,41.150973219769554,40.64925783984601,0.5017153799235459,1.2192065962671186,38.766219704751954,40.11468631496756,1.6124421436489762,-4.958971819792929,-1.8325522006998711,4661.233333333334,False,False,False,47
2015-05-08,330589.1998128597,355565.0417344777,8748,2015,5,May,Friday,2,Weekday,Autumn,-24975.841921617975,-7.554947934099579,37.79026060960902,40.64529512282552,-2.855034513216502,-7.554947934099575,38.64684103215709,40.001892315089314,1.6536071786326836,-5.280557156253413,-2.095565937091441,4871.133333333333,True,True,True,48
2015-05-09,389972.11975571,419827.1365222265,10329,2015,5,May,Saturday,2,Weekend,Autumn,-29855.01676651649,-7.655679791985784,37.75507016707426,40.645477444305016,-2.890407277230757,-7.655679791985784,38.642008051768336,39.887908936802326,1.6874930526250262,-5.285444705349373,-2.362496433111057,5154.966666666666,True,True,True,48
2015-05-10,166536.00026357028,179243.05183339986,4410,2015,5,May,Sunday,2,Weekend,Autumn,-12707.051569829579,-7.630213016836363,37.763265365888955,40.64468295541947,-2.881417589530514,-7.630213016836356,38.520115004445984,39.77403610842428,1.712412817515653,-5.619282724824294,-2.628908814757852,5209.633333333333,True,False,False,49
2015-05-11,198442.9126538279,213676.42842593024,5257,2015,5,May,Monday,2,Weekday,Autumn,-15233.515772102342,-7.6765229699466895,37.74831893738404,40.64607731138106,-2.8977583739970214,-7.676522969946688,38.38834858711557,39.659615913485894,1.7297578756929917,-5.983006507353106,-2.897019611197568,5282.466666666666,True,False,False,49
2015-05-12,193182.15055271276,208039.17344555477,5118,2015,5,May,Tuesday,2,Weekday,Autumn,-14857.022892842011,-7.690680971474142,37.74563316778288,40.64852939537999,-2.902896227597111,-7.690680971474144,38.24436577314122,39.54502482682356,1.73917727047172,-6.380380674789403,-3.1658984346425694,5388.6,True,False,False,49
2015-05-13,166403.12699582273,179221.57229363997,4410,2015,5,May,Wednesday,2,Weekday,Autumn,-12818.445297817234,-7.703247847102668,37.73313537320244,40.639812311482984,-2.9066769382805475,-7.703247847102657,38.24095097724445,39.43021168320305,1.741380737525909,-6.3845837050254435,-3.440197689548421,5468.3,False,False,False,49
2015-05-14,149178.60148103395,160620.2071408729,3952,2015,5,May,Thursday,2,Weekday,Autumn,-11441.60565983894,-7.669736507949223,37.747621832245436,40.642764964795774,-2.895143132550338,-7.669736507949218,37.754757921883865,39.30010935811275,1.715372468655437,-7.654432719913491,-3.764182279030632,5567.4,False,False,False,49
2015-05-15,380592.57758342725,409812.4326636886,10084,2015,5,May,Friday,2,Weekday,Autumn,-29219.85508026136,-7.677463198518701,37.74222308443348,40.63986837204369,-2.89764528761021,-7.6774631985187,37.74789541828735,39.168616033029004,1.6768558152649333,-7.671934900544794,-4.0949415737192165,5856.933333333333,False,True,False,49
2015-05-16,413700.1789323412,445569.7191074052,10964,2015,5,May,Saturday,2,Weekend,Autumn,-31869.540175064,-7.703535506634654,37.73259567058931,40.63933957564805,-2.9067439050587396,-7.703535506634658,37.744684775932356,39.0351588313024,1.6239403539014576,-7.6787714312089195,-4.429873669539051,6182.466666666666,False,True,False,49
2015-05-17,177159.67306561908,190811.57794423788,4695,2015,5,May,Sunday,2,Weekend,Autumn,-13651.904878618807,-7.70598897727826,37.73368968383793,40.64144365159486,-2.907753967756932,-7.705988977278253,37.7404596784965,38.89909310068147,1.5523674434800847,-7.6895965684149035,-4.7670313513781615,6256.133333333333,False,False,False,49
2015-05-18,196420.7635368479,211510.78612034488,5205,2015,5,May,Monday,2,Weekday,Autumn,-15090.02258349699,-7.682498688926108,37.73693823954811,40.636078025042245,-2.8991397854941354,-7.6824986889261,37.73883386451994,38.760992485709515,1.45955116510127,-7.69045024255482,-5.105861065154864,6323.9,False,False,False,49
2015-05-19,137940.87216380518,147846.05216339655,3638,2015,5,May,Tuesday,2,Weekday,Autumn,-9905.179999591375,-7.180743346199048,37.91667734024332,40.6393766254526,-2.7226992852092806,-7.180743346199038,37.76326874630001,38.62682759372922,1.3369399253642156,-7.617602010372664,-5.428748416454121,6395.266666666666,False,False,False,49
2015-05-20,166176.28381159273,178568.18048077746,4394,2015,5,May,Wednesday,2,Weekday,Autumn,-12391.89666918473,-7.457078943487754,37.81890846872843,40.639094328806884,-2.8201858600784533,-7.457078943487749,37.775522045660864,38.48981668819207,1.1892987988060366,-7.5824350241419625,-5.766224485722637,6496.233333333334,False,False,False,49
2015-05-21,84604.37757263916,81763.26738933011,2012,2015,5,May,Thursday,2,Weekday,Autumn,2841.1101833090506,3.358112505313033,42.04988944962185,40.63780685354379,1.4120825960780579,3.358112505313035,38.390131705286066,38.49028860172566,1.190756251008914,-6.007028022247354,-5.754049677326082,6518.2,False,False,False,49
2015-05-22,321821.02028676093,346487.5203341674,8526,2015,5,May,Friday,2,Weekday,Autumn,-24666.500047406473,-7.664664050044714,37.74583864494029,40.63893036994692,-2.8930917250066273,-7.664664050044724,38.390648213929886,38.461890831860885,1.1982397023326836,-6.005199572465357,-5.820539398184358,6687.766666666666,False,True,False,49
2015-05-23,418715.41064993,450936.2792642945,11096,2015,5,May,Saturday,2,Weekend,Autumn,-32220.868614364474,-7.695171420691501,37.73570752072188,40.639534901252205,-2.9038273805303234,-7.6951714206915005,38.39109276394883,38.31783378017783,0.9933315417000775,-6.004004703044906,-6.180083499474216,7009.833333333333,False,True,False,49
2015-05-24,169541.26594736153,182419.1414416233,4489,2015,5,May,Sunday,2,Weekend,Autumn,-12877.875494261767,-7.595717433335691,37.76815904374283,40.636921684478345,-2.8687626407355182,-7.5957174333356745,38.39601695822096,38.28877193334264,0.9963298720588821,-5.988251625338825,-6.250849763996287,6863.066666666667,False,False,False,49
2015-05-25,256434.50993607426,276173.7924514967,6795,2015,5,May,Monday,2,Weekday,Autumn,-19739.28251542244,-7.697592075397022,37.738706392358246,40.64367806497376,-2.904971672615517,-7.6975920753970195,38.39626955147954,38.2866296169434,0.9974788878123557,-5.990407823406097,-6.249670939313805,6651.433333333333,False,True,False,49
2015-05-26,199385.9124148703,214719.75281922088,5283,2015,5,May,Tuesday,2,Weekday,Autumn,-15333.840404350572,-7.690533507926493,37.74103963938488,40.64352693909159,-2.9024872997067135,-7.6905335079264905,38.37117845135692,38.255034163707336,0.999307622306603,-6.063234989367162,-6.32976567685114,6654.9,False,False,False,49
2015-05-27,243554.22433855545,262251.0800794076,6453,2015,5,May,Wednesday,2,Weekday,Autumn,-18696.85574085216,-7.676670684579206,37.74279007261048,40.64017977365684,-2.8973897010463574,-7.676670684579199,38.36030439476864,38.22321849826959,0.9999365356749471,-6.094605238094512,-6.413421243309686,6702.866666666667,False,False,False,49
2015-05-28,217746.01291984666,234483.4170098073,5770,2015,5,May,Thursday,2,Weekday,Autumn,-16737.404089960648,-7.686663863793348,37.73761055803235,40.63837383185569,-2.900763273823337,-7.68666386379335,37.744264553113,38.19426297782533,1.0010382267621332,-7.672430433681138,-6.490462247527303,6730.666666666667,False,False,False,49
2015-05-29,472160.7521097488,508265.1469737418,12507,2015,5,May,Friday,2,Weekday,Autumn,-36104.394863993046,-7.6466319368283635,37.751719206024525,40.63845422353417,-2.8867350175096433,-7.646631936828377,37.745104633267886,38.16472222888303,1.000569888312812,-7.669854417507374,-6.569483203167838,6975.9,False,True,False,49
2015-05-30,546135.462415099,588250.1811507833,14475,2015,5,May,Saturday,2,Weekend,Autumn,-42114.71873568429,-7.711405252727266,37.72956562453189,40.63904532993322,-2.9094797054013313,-7.711405252727261,37.74422721952646,38.135630067526684,1.0000953855676655,-7.672173536369626,-6.6469359386333355,7125.533333333334,False,True,False,49
2015-05-31,264637.3652797106,284828.65965624875,7009,2015,5,May,Sunday,2,Weekend,Autumn,-20191.294376538135,-7.6297972341119635,37.75679344838217,40.6375602305962,-2.8807667822140317,-7.629797234111968,37.74260356304636,38.10665947188032,0.9979892758057824,-7.6770420793376655,-6.724467493807861,6927.933333333333,False,True,False,49
2015-06-01,440905.99870597,474967.3276312148,11688,2015,6,June,Monday,2,Weekday,Winter,-34061.3289252448,-7.725304038777551,37.72296361276266,40.637177244286,-2.9142136315233387,-7.725304038777548,37.74035459453271,38.10446155797923,0.9987855108546023,-7.6810009312491685,-6.727928730156644,6910.3,False,True,False,49
2015-06-02,334318.8978331521,360168.827077008,8863,2015,6,June,Tuesday,2,Weekday,Winter,-25849.929243855935,-7.732117272280795,37.72073765464877,40.6373493260756,-2.9166116714268284,-7.732117272280808,37.737454310998984,38.07460225656267,0.996336368836244,-7.6869414690140685,-6.80922107654894,6981.7,False,True,False,49
2015-06-03,269835.828626803,290492.1062803224,7148,2015,6,June,Wednesday,2,Weekday,Winter,-20656.277653519413,-7.655127845193649,37.749836125741886,40.63963434251853,-2.88979821677664,-7.655127845193653,37.73846089001775,38.043907332130836,0.9915121340634607,-7.683863920530419,-6.893376788313896,6943.866666666667,False,True,False,49
2015-06-04,201146.4892798303,216428.50043796102,5326,2015,6,June,Thursday,2,Weekday,Winter,-15282.011158130714,-7.597453583627173,37.76689622227381,40.6362186327377,-2.8693224104638944,-7.597453583627166,37.74264455633796,38.01102011068652,0.9834937916757424,-7.671119594792393,-6.982989847787465,6915.033333333334,False,False,False,49
2015-06-05,293461.08393818577,315937.8621965937,7775,2015,6,June,Friday,2,Weekday,Winter,-22476.778258407954,-7.65920235718288,37.74419086021682,40.63509481628215,-2.89090395606533,-7.659202357182875,37.74156907836543,38.01059184121108,0.9836109937430471,-7.672915369128752,-6.982502371845215,6975.566666666667,False,True,False,49
2015-06-06,349413.00982046727,376094.7218058327,9255,2015,6,June,Saturday,2,Weekend,Winter,-26681.71198536543,-7.636152986711863,37.753971887678794,40.63692293958214,-2.8829510519033477,-7.636152986711879,37.74505568738641,37.89735846347472,0.7851297210213489,-7.662165045412266,-7.277681024611181,7189.133333333333,False,True,False,49
2015-06-07,179602.9151631903,193348.5914462289,4758,2015,6,June,Sunday,2,Weekend,Winter,-13745.6762830386,-7.653370364589596,37.7475651877239,40.636526155155295,-2.8889609674313945,-7.653370364589581,37.74373736443523,37.89593528274522,0.7853692081008701,-7.6655326354805,-7.280961772294181,7056.133333333333,False,False,False,49
2015-06-08,109810.54567571807,106166.0816212578,2613,2015,6,June,Monday,2,Weekday,Winter,3644.464054460259,3.3188652620147607,42.024701751135886,40.62995852325213,1.3947432278837582,3.318865262014762,38.35827138420284,38.03825633554728,1.0876509028165045,-6.0877941639387405,-6.915143603827497,6798.933333333333,False,False,False,49
2015-06-09,76956.92035364964,74212.79057454942,1830,2015,6,June,Tuesday,2,Weekday,Winter,2744.1297791002144,3.5657998871183727,42.052961941885044,40.553437472431376,1.499524469453668,3.5657998871183696,38.97716056809374,38.181246221413815,1.309585456308804,-4.473805998310288,-6.541943173695672,6712.933333333333,False,False,False,49
2015-06-10,71199.58840203952,68669.39496391629,1694,2015,6,June,Wednesday,2,Weekday,Winter,2530.1934381232277,3.5536630125389186,42.03045360214848,40.536832918486596,1.4936206836618808,3.553663012538916,39.588677350437536,38.32398404357263,1.4826950857777494,-2.87255016149135,-6.167603640946152,6594.166666666667,False,False,False,49
2015-06-11,68988.34667032477,66539.16519576797,1642,2015,6,June,Thursday,2,Weekday,Winter,2449.181474556797,3.550137947588051,42.01482744843165,40.52324311557124,1.4915843328604126,3.550137947588051,40.19552466846009,38.46629051959425,1.6234643472230639,-1.2800370856034609,-5.792909676977413,6478.3,False,False,False,49
2015-06-12,155156.87922800638,149423.24358090668,3690,2015,6,June,Friday,2,Weekday,Winter,5733.635647099698,3.695379589759599,42.04793475013723,40.49410395146523,1.5538307986720028,3.695379589759594,40.810345224162994,38.61011716549208,1.7430011169583257,0.34204604967403596,-5.412955429082003,6454.3,False,False,False,49
2015-06-13,185109.52314601393,178347.369376849,4404,2015,6,June,Saturday,2,Weekend,Winter,6762.153769164928,3.6530555825758126,42.032135137605344,40.496677878485244,1.5354572591201006,3.65305558257581,41.42151140272393,38.752934275670746,1.8425800961453613,1.9547901310008469,-5.035529026064501,6469.366666666667,False,False,False,49
2015-06-14,83779.54401080892,80659.82181208202,1992,2015,6,June,Sunday,2,Weekend,Winter,3119.7221987269004,3.7237278330428794,42.058004021490426,40.49187841971989,1.566125601770537,3.72372783304289,42.0372883789763,38.8967936402393,1.9274695249617992,3.5800898735197717,-4.655489325012449,6199.633333333333,False,False,False,49
2015-06-15,149501.57453075759,143962.87189290192,3557,2015,6,June,Monday,2,Weekday,Winter,5538.702637855662,3.7047787993136896,42.03024305053629,40.473115516700005,1.5571275338362867,3.7047787993136962,42.03807999317636,39.0400485529042,1.9964322791722897,3.63522037884819,-4.275212181480837,5952.733333333334,False,False,False,49
2015-06-16,100477.29679260367,96810.1035815691,2395,2015,6,June,Tuesday,2,Weekday,Winter,3667.193211034566,3.6497729617508137,41.952942293362696,40.42175514888063,1.5311871444820682,3.649772961750801,42.02379147195887,39.18069030655503,2.0491502601930196,3.6472165323671106,-3.8966867835132017,5876.066666666667,False,False,False,49
2015-06-17,89072.70534707917,85639.30774599456,2120,2015,6,June,Wednesday,2,Weekday,Winter,3433.397601084609,3.854601235817517,42.01542705050905,40.395899880186114,1.6195271703229324,3.8546012358175252,42.02164482172467,39.32330660025374,2.093607816881473,3.690207707121196,-3.512116786021748,5773.233333333334,False,False,False,49
2015-06-18,78746.59585751953,75673.78198741567,1875,2015,6,June,Thursday,2,Weekday,Winter,3072.813870103855,3.902154546037347,41.99818445734375,40.35935039328836,1.6388340640553878,3.9021545460373432,42.019267251569254,39.45935683749041,2.1313237969828496,3.7404957926139524,-3.1426868562805343,5714.466666666666,False,False,False,49
2015-06-19,141913.38242954636,136017.75039375728,3376,2015,6,June,Friday,2,Weekday,Winter,5895.63203578908,4.1543876517184675,42.03595451112155,40.28961800762953,1.7463365034920244,4.154387651718464,42.01755578885273,39.599925038903514,2.1582935056844246,3.8060683728937903,-2.75563796977366,5680.533333333334,False,False,False,49
2015-06-20,169304.27828351516,162287.909224824,4027,2015,6,June,Saturday,2,Weekend,Winter,7016.369058691169,4.144236123166144,42.042284152847074,40.29995262598063,1.7423315268664439,4.144236123166144,42.01900564817298,39.599671529011026,2.1579962396771917,3.8762370215495525,-2.7294338491785566,5747.7,False,False,False,49
2015-06-21,89512.24283606843,85781.80703122966,2128,2015,6,June,Sunday,2,Weekend,Winter,3730.4358048387658,4.167514617716192,42.0640238891299,40.31099954475078,1.7530243443791207,4.167514617716195,42.019865629264324,39.74361103715067,2.17403378519589,3.9396351336457403,-2.3350278935865267,5534.433333333333,False,False,False,49
2015-06-22,85984.07533913916,82427.23153690711,2046,2015,6,June,Monday,2,Weekday,Winter,3556.843802232048,4.1366308682196244,42.02545226741895,40.28701443641599,1.7384378310029618,4.136630868219637,42.01918123167614,39.88660252870725,2.178484050143496,4.001328286346587,-1.9406344839561558,5232.766666666666,False,False,False,49
2015-06-23,64956.46207589964,62169.77712485719,1546,2015,6,June,Tuesday,2,Weekday,Winter,2786.684951042451,4.290081174350744,42.01582281752887,40.2133099125855,1.8025129049433701,4.290081174350743,42.028164163699884,40.02819132116677,2.1740820068280793,4.092800888146578,-1.5444411970332748,5134.666666666667,False,False,False,49
2015-06-24,106613.43283547854,113428.47427466739,2822,2015,6,June,Wednesday,2,Weekday,Winter,-6815.041439188848,-6.392291532067576,37.77938796437935,40.194356582093334,-2.4149686177139813,-6.392291532067585,41.42301572282421,40.02954737356749,2.1726169246096476,2.6289590641629927,-1.500931178922293,5002.233333333334,True,False,False,49
2015-06-25,183843.81729524274,195365.7307199428,4865,2015,6,June,Thursday,2,Weekday,Winter,-11521.913424700062,-6.267229213477722,37.789068303235915,40.15739583143737,-2.368327528201455,-6.267229213477732,40.821713415094514,40.031148329029186,2.1708894304292747,1.1761899556608404,-1.4534877024406674,4988.3,True,False,False,49
2015-06-26,319579.7940943557,339241.6918024566,8450,2015,6,June,Friday,2,Weekday,Winter,-19661.897708100907,-6.152422046525177,37.8200939756634,40.14694577543865,-2.3268517997752554,-6.152422046525177,40.21944762431478,40.03372512579761,2.168123654880407,-0.2962114298025374,-1.4026794145055328,5054.866666666667,True,True,True,50
2015-06-27,369245.7587066497,392017.9734509866,9770,2015,6,June,Saturday,2,Weekend,Winter,-22772.214744336903,-6.167224458880914,37.79383405390478,40.12466463162606,-2.3308305777212794,-6.167224458880914,39.61252618160874,40.0355992423267,2.1660938133516274,-1.7692772272378312,-1.3520314343417852,5188.2,True,True,True,50
2015-06-28,185648.49109673031,197095.10874296943,4914,2015,6,June,Sunday,2,Weekend,Winter,-11446.617646239116,-6.165747741130289,37.779505717690334,40.10889473808902,-2.3293890203986862,-6.165747741130305,39.00045215711737,40.036525459382226,2.1650892637034236,-3.2454575642159003,-1.302668627818516,4935.1,True,False,False,51
2015-06-29,165557.76178385274,175871.1109205226,4385,2015,6,June,Monday,2,Weekday,Winter,-10313.349136669858,-6.2294567319257785,37.755475891414534,40.10743692600287,-2.351961034588335,-6.229456731925773,38.390455531973885,40.03738913494498,2.1641422219514808,-4.726327221379528,-1.2532703437917998,4598.766666666666,True,False,False,51
2015-06-30,212465.0832049415,225678.9345253019,5627,2015,6,June,Tuesday,2,Weekday,Winter,-13213.851320360409,-6.219304895202226,37.75814522924143,40.106439403821206,-2.3482941745797774,-6.2193048952022245,37.78221587650425,40.03743419430695,2.1640931140602535,-6.2276680884585245,-1.2062539324948085,4552.7,True,True,True,52
2015-07-01,305231.90808635816,324248.8414913401,8086,2015,7,July,Wednesday,3,Weekday,Winter,-19016.933404981915,-6.230322879481369,37.74819541013581,40.10002986536484,-2.3518344552290316,-6.23032287948138,37.7777597973266,40.038275254219386,2.1631672986780552,-6.204529709517638,-1.1564212271849357,4432.633333333333,True,True,True,52
2015-07-02,250481.61765724423,266061.92835854064,6639,2015,7,July,Thursday,3,Weekday,Winter,-15580.310701296403,-6.220141360878744,37.72881724013319,40.07560300625706,-2.3467857661238725,-6.2201413608787375,37.76915250259764,40.038544573735535,2.162869292505601,-6.197802873432069,-1.1060220301382009,4358.5,True,True,True,52
2015-07-03,268410.4807020094,284592.9946612319,7104,2015,7,July,Friday,3,Weekday,Winter,-16182.513959222473,-6.029017166877466,37.78300685557565,40.06095082506079,-2.2779439694851433,-6.029017166877459,37.7638543425851,40.03965026472999,2.161667069639843,-6.180173604910968,-1.0518183408609947,4357.033333333334,True,True,True,52
2015-07-04,316365.4987383921,335025.0763601264,8364,2015,7,July,Saturday,3,Weekend,Winter,-18659.577621734294,-5.89810763061879,37.82466508110857,40.055604538513435,-2.2309394574048653,-5.89810763061879,37.76825877504279,40.04157589335782,2.1595974103090008,-6.141728343730664,-0.9951734757607154,4458.3,True,True,True,52
2015-07-05,156873.04365826395,165968.62450163957,4146,2015,7,July,Sunday,3,Weekend,Winter,-9095.580843375617,-5.798052126272026,37.83720300488759,40.03102375823434,-2.193820753346749,-5.798052126272029,37.7765012446424,40.044676298180185,2.1562496315194672,-6.089200398750912,-0.9331351347303535,4337.333333333333,True,False,False,53
2015-07-06,173987.75154080152,184188.97897635488,4601,2015,7,July,Monday,3,Weekday,Winter,-10201.22743555336,-5.863187118181184,37.815203551576076,40.03237969492608,-2.2171761433500023,-5.863187118181185,37.78503376752262,40.04671735364342,2.1540343766967167,-6.03687616821597,-0.8740362724459975,4182.2,True,True,True,54
2015-07-07,135753.76604209637,143799.5986875294,3593,2015,7,July,Tuesday,3,Weekday,Winter,-8045.832645433024,-5.926784118046539,37.78284610133492,40.022153823414804,-2.239307722079886,-5.926784118046545,37.78856246353597,40.04789338409713,2.1527450772195147,-5.995087485765159,-0.8164833975612288,4143.366666666667,True,False,False,55
2015-07-08,84426.50941202953,84588.96303542092,2114,2015,7,July,Wednesday,3,Weekday,Winter,-162.45362339139683,-0.19242015869514273,39.93685402650403,40.01370058439968,-0.07684655789564943,-0.19242015869514992,38.101227980160004,39.97829845994273,2.1201356859001512,-5.132529954224269,-0.9335262449182257,4126.733333333334,False,False,False,55
2015-07-09,70815.19028553025,71913.06858060515,1797,2015,7,July,Thursday,3,Weekday,Winter,-1097.878295074901,-1.5503429287532844,39.40745146662785,40.0184021038426,-0.6109506372147493,-1.5503429287532895,38.34103286965924,39.89011477743416,2.08560444676689,-4.46541589249206,-1.1040643387806142,4125.633333333333,False,False,False,55
2015-07-10,125983.15175354636,127884.58724444837,3195,2015,7,July,Friday,3,Weekday,Winter,-1901.435490902004,-1.5092776013586908,39.43134640173595,40.026474880891506,-0.5951284791555551,-1.5092776013586864,38.57650994768214,39.803477870753746,2.04725948756084,-3.8197388117036644,-1.2728290259105346,4175.666666666667,False,False,False,55
2015-07-11,142378.18404122637,143924.56511903758,3595,2015,7,July,Saturday,3,Weekend,Winter,-1546.3810778112093,-1.0861081620225232,39.604501819534455,40.03464954632478,-0.43014772679032376,-1.0861081620225266,38.830772338885836,39.723133683123834,2.0043292775503025,-3.132310316189912,-1.4273705628975537,4240.766666666666,False,False,False,55
2015-07-12,57427.68070701013,58723.04053175166,1467,2015,7,July,Sunday,3,Weekend,Winter,-1295.3598247415357,-2.2556366699716164,39.14633995024548,40.029339149114975,-0.8829991988694914,-2.255636669971631,39.01779190250839,39.62641385646077,1.9577440306385385,-2.626250965289853,-1.625737771555261,4166.666666666667,False,False,False,55
2015-07-13,63331.33100223037,64690.05906998081,1610,2015,7,July,Monday,3,Weekday,Winter,-1358.7280677504386,-2.1454279362967874,39.33623043616793,40.18016091303156,-0.8439304768636262,-2.1454279362967865,39.235081457450086,39.53655036641286,1.9046633979486898,-2.0951425107349393,-1.8190205555176808,4073.5333333333333,False,False,False,55
2015-07-14,51241.02855330037,52509.91621999616,1307,2015,7,July,Tuesday,3,Weekday,Winter,-1268.8876666957876,-2.47631185891576,39.20507157865369,40.1759114154523,-0.9708398367986106,-2.4763118589157527,39.43825652563849,39.4414526183183,1.8447070538979924,-1.6022179022876852,-2.0256885452496354,4050.7,False,False,False,55
2015-07-15,80326.44080925026,81730.270702131,2050,2015,7,July,Wednesday,3,Weekday,Winter,-1403.829892880749,-1.7476560379594042,39.183629663048904,39.86842473274683,-0.6847950696979268,-1.7476560379594053,39.3306530451449,39.34656550540206,1.7789953497130886,-1.824394456468294,-2.2074363731587385,4000.4666666666667,False,False,False,55
2015-07-16,71912.56572806025,73762.62917326878,1849,2015,7,July,Thursday,3,Weekday,Winter,-1850.063445208536,-2.572656706763339,38.8926802206924,39.89325536683006,-1.0005751461376633,-2.5726567067633437,39.25711429572554,39.24455676964637,1.7108230283985577,-1.9704392818983016,-2.414850695442544,3982.266666666667,False,False,False,55
2015-07-17,119204.30953474637,122669.69942792531,3070,2015,7,July,Friday,3,Weekday,Winter,-3465.3898931789445,-2.9071011834256146,38.82876532076429,39.95755681691378,-1.1287914961494891,-2.907101183425604,39.17103128415817,39.13833471198822,1.6298636948516405,-2.1701283650507195,-2.640240776083981,4013.9333333333334,False,False,False,55
2015-07-18,129441.27865673638,132493.43152089373,3322,2015,7,July,Saturday,3,Weekend,Winter,-3052.152864157353,-2.3579440004230157,38.964864135080184,39.88363381122629,-0.9187696761461055,-2.357944000423023,39.079654472093274,39.03722403457943,1.5378204981628958,-2.3518191991079327,-2.8489107276326604,4062.1666666666665,False,False,False,55
2015-07-19,77645.74993512024,79555.63473624234,1982,2015,7,July,Sunday,3,Weekend,Winter,-1909.884801122098,-2.4597415862657934,39.17545405404654,40.13906898902237,-0.9636149349758298,-2.4597415862657894,39.08381362977913,38.9418740193436,1.4304067296872804,-2.3809770442928153,-3.0693817022321355,4015.7,False,False,False,55
2015-07-20,69926.65036245,71362.51783813686,1787,2015,7,July,Monday,3,Weekday,Winter,-1435.8674756868568,-2.0533909006714057,39.130750062926694,39.934257324083305,-0.8035072611566108,-2.053390900671415,39.054459290744674,38.844822883012924,1.3061710616929976,-2.3678288963463316,-3.275969269693387,3941.0333333333333,False,False,False,55
2015-07-21,71973.04430034013,73851.78839873473,1846,2015,7,July,Tuesday,3,Weekday,Winter,-1878.7440983945999,-2.610344076255395,38.98864805002174,40.006385914807545,-1.0177378647858077,-2.610344076255397,39.02354164379725,38.74231035504265,1.156966432304129,-2.3869763559662798,-3.5018978928257734,3931.633333333333,False,False,False,55
2015-07-22,44304.898362210246,45468.83697600943,1142,2015,7,July,Wednesday,3,Weekday,Winter,-1163.9386137991823,-2.6271104478866403,38.79588297916834,39.81509367426395,-1.0192106950956088,-2.627110447886647,38.968149260385744,38.6346580454343,0.9772365515912371,-2.512612700241599,-3.727355936695982,3901.5,False,False,False,55
2015-07-23,66799.7237304905,69323.64787191155,1734,2015,7,July,Thursday,3,Weekday,Winter,-2523.9241414210555,-3.7783451793963323,38.52348542704181,39.97903568160989,-1.455550254568081,-3.7783451793963274,38.91540714700709,38.518246799084736,0.7397176498139063,-2.684853910617741,-3.996303481820885,3907.766666666667,False,False,False,55
2015-07-24,125689.59284090636,130428.22639511683,3259,2015,7,July,Friday,3,Weekday,Winter,-4738.633554210464,-3.7701081267790135,38.56692017210996,40.02093476376705,-1.4540145916570921,-3.7701081267790126,38.87800069719932,38.54449787267574,0.7264478289077535,-2.808140616811084,-3.908897368311266,3922.3333333333335,False,False,False,55
2015-07-25,138624.94500363516,143537.39521883638,3572,2015,7,July,Saturday,3,Weekend,Winter,-4912.450215201214,-3.543698585469155,38.808775196986325,40.18404121467984,-1.3752660176935123,-3.5436985854691643,38.85570227747163,38.578488102467425,0.7136254111019061,-2.9775341289605324,-3.818113014044314,3879.233333333333,False,False,False,55
2015-07-26,81715.04533178038,85089.22343005694,2109,2015,7,July,Sunday,3,Weekend,Winter,-3374.178098276563,-4.129200546333525,38.74587260871521,40.34576739215597,-1.5998947834407602,-4.129200546333525,38.79433349956715,38.60934739023582,0.6995777703397887,-3.216028266113065,-3.7506722973712585,3667.866666666667,False,False,False,55
2015-07-27,86842.86135788013,90242.79409715362,2242,2015,7,July,Monday,3,Weekday,Winter,-3399.932739273485,-3.9150399769329742,38.73455011502236,40.25102323691062,-1.5164731218882608,-3.9150399769329693,38.737733507009395,38.64070459227308,0.6826413745916238,-3.481978134150432,-3.6755994813063273,3416.9333333333334,False,False,False,55
2015-07-28,56976.785283900375,59094.076857821434,1474,2015,7,July,Tuesday,3,Weekday,Winter,-2117.2915739210584,-3.7160600819634695,38.654535470760095,40.09096123325742,-1.436425762497322,-3.7160600819634593,38.69000313854344,38.669872250708735,0.6629865387275519,-3.6399375635372997,-3.593943226000767,3302.266666666667,False,False,False,55
2015-07-29,53433.66802753037,55516.52556207961,1381,2015,7,July,Wednesday,3,Weekday,Winter,-2082.8575345492354,-3.898024619002564,38.692011605742486,40.200235743721656,-1.5082241379791697,-3.8980246190025594,38.67516437091118,38.701090107853,0.6401001046844544,-3.821496730839575,-3.5162288222366596,3202.133333333333,False,False,False,55
2015-07-30,55134.081818380364,57064.75069601244,1423,2015,7,July,Thursday,3,Weekday,Winter,-1930.6688776320734,-3.5017702552696455,38.74496262711199,40.10172220380354,-1.3567595766915517,-3.501770255269655,38.70680397092121,38.733984021115354,0.6148292626594684,-3.781986027392905,-3.4256443342389065,3062.0,False,False,False,55
2015-07-31,145033.61079266516,149876.87328204015,3740,2015,7,July,Friday,3,Weekday,Winter,-4843.262489374989,-3.339406957397443,38.77904031889443,40.074030289315544,-1.2949899704211134,-3.3394069573974257,38.737106849033275,38.76834551807397,0.5859641378541738,-3.720457288909824,-3.3292804701694427,2917.133333333333,False,True,False,55
2015-08-01,173306.90648994275,178699.97587509945,4453,2015,8,August,Saturday,3,Weekend,Winter,-5393.069385156705,-3.111860625975499,38.91913462608191,40.13024385248135,-1.2111092263994365,-3.1118606259754906,38.75287248176121,38.80802276427226,0.5524913777814642,-3.6587661518393015,-3.2256711123393345,2844.266666666667,False,True,False,55
2015-08-02,88154.33871239,90828.66169982335,2258,2015,8,August,Sunday,3,Weekend,Winter,-2674.3229874333483,-3.033682773298911,39.04089402674491,40.22527090337615,-1.1843768766312408,-3.0336827732989033,38.795018398622595,38.84995233664458,0.5187180382771034,-3.5022636128343563,-3.125826632553383,2682.733333333333,False,False,False,55
2015-08-03,81142.02784779038,83114.57680933841,2074,2015,8,August,Monday,3,Weekday,Winter,-1972.5489615480328,-2.430983072358289,39.123446406842035,40.07453076631553,-0.9510843594734979,-2.430983072358291,38.85057501173969,38.893245047502354,0.4831770211570983,-3.290255483609401,-3.0102558139446995,2473.0666666666666,False,False,False,55
2015-08-04,77672.8827777405,80417.7464421733,2007,2015,8,August,Tuesday,3,Weekday,Winter,-2744.863664432807,-3.5338763880918176,38.70098793111136,40.068633005567165,-1.3676450744558082,-3.5338763880918176,38.857211077504154,38.92203787837648,0.4420644425324236,-3.264229241627737,-2.934783289338692,2401.766666666667,False,False,False,55
2015-08-05,75483.42255430049,78024.28467503063,1948,2015,8,August,Wednesday,3,Weekday,Winter,-2540.8621207301476,-3.3661193872102557,38.749190222946865,40.05353422742846,-1.3043440044815924,-3.366119387210248,38.865379451390496,38.95317076742218,0.3914132021977933,-3.1882427799431214,-2.8515476983063284,2313.3333333333335,False,False,False,55
2015-08-06,74354.5701020405,76978.30523840741,1922,2015,8,August,Thursday,3,Weekday,Winter,-2623.735136366915,-3.528680392834269,38.686040635817115,40.05114736649709,-1.365106730679976,-3.528680392834268,38.85696202406266,38.983277251904916,0.3278683094396051,-3.1920870853094967,-2.771610907465919,2257.633333333333,False,False,False,55
2015-08-07,120326.87629269795,123707.76157316696,3088,2015,8,August,Friday,3,Weekday,Winter,-3380.8852804690105,-2.8097507262175805,38.965957348671616,40.06080361825355,-1.0948462695819359,-2.8097507262175867,38.88366445688797,38.950914029310496,0.27398723796111835,-3.116421909426659,-2.8588552597166674,2290.1,False,True,False,55
2015-08-08,131867.99350401637,135721.42603033097,3388,2015,8,August,Saturday,3,Weekend,Winter,-3853.432526314602,-2.9221893985952216,38.92207600472738,40.0594527834507,-1.137376778723322,-2.9221893985952314,38.88408465383733,38.93473484724715,0.26007647498803405,-3.089326019800905,-2.904583475378065,2343.133333333333,False,True,False,55
2015-08-09,75504.00274262049,77978.69447147881,1944,2015,8,August,Sunday,3,Weekend,Winter,-2474.691728858321,-3.2775636244002824,38.83950758365251,40.1124971561105,-1.2729895724579876,-3.2775636244002917,38.855315161966985,38.91500688664436,0.242993034895043,-3.124166141386815,-2.9635263428127847,2301.4333333333334,False,False,False,55
2015-08-10,69968.07769908049,72665.7255271172,1812,2015,8,August,Monday,3,Weekday,Winter,-2697.6478280367155,-3.8555408648480958,38.61372941450358,40.102497531521635,-1.4887681170180542,-3.855540864848094,38.782498448775776,38.88198113981001,0.21131498709332475,-3.327674397456788,-3.055840766240304,2242.0,True,False,False,55
2015-08-11,60187.14904728037,62538.49327792498,1563,2015,8,August,Tuesday,3,Weekday,Winter,-2351.3442306446086,-3.906721397947419,38.50745300529774,40.01183191166025,-1.5043789063625113,-3.906721397947414,38.754850602230974,38.860684908311754,0.21589800816374086,-3.3809379702933025,-3.1108769238394975,2245.2,True,False,False,55
2015-08-12,44698.700751095246,46849.567146474845,1171,2015,8,August,Wednesday,3,Weekday,Winter,-2150.8663953795985,-4.811921508315644,38.171392614086464,40.0081700653073,-1.8367774512208328,-4.811921508315637,38.672308086679486,38.82185698090903,0.2315985399398637,-3.587481130451214,-3.1997600429067927,2230.5666666666666,True,False,False,55
2015-08-13,39463.40905993025,41414.418370139814,1035,2015,8,August,Thursday,3,Weekday,Winter,-1951.0093102095634,-4.943843820605324,38.128897642444684,40.01393079240562,-1.8850331499609325,-4.94384382060533,38.592716230483425,38.785984516368735,0.25258885994225017,-3.7896473344185084,-3.2820111082964445,2221.5,True,False,False,55
2015-08-14,85794.09690262025,89898.89422749996,2247,2015,8,August,Friday,3,Weekday,Winter,-4104.797324879706,-4.784475241389645,38.181618559243546,40.00840864597239,-1.8267900867288418,-4.784475241389647,38.4806678319937,38.75258414624189,0.26417743766436624,-4.071750836585946,-3.3832384150774524,2228.0666666666666,True,True,True,56
2015-08-15,117288.01005380173,122504.35720229718,3068,2015,8,August,Saturday,3,Weekend,Winter,-5216.34714849545,-4.447468369616498,38.229468726793264,39.929712256289825,-1.7002435294965608,-4.447468369616496,38.38172393514598,38.73047709644525,0.2793627613857908,-4.2896478324461285,-3.4457321371725578,2268.7,True,True,True,56
2015-08-16,71056.06100378049,74589.17286625026,1866,2015,8,August,Sunday,3,Weekend,Winter,-3533.11186246977,-4.972287814099059,38.07934673300133,39.97276145029489,-1.8934147172935596,-4.972287814099076,38.273129527910086,38.70549647685314,0.3027945847194123,-4.531751288117382,-3.5145716915283396,2228.5666666666666,True,False,False,57
2015-08-17,64394.07445333037,67505.25413928372,1690,2015,8,August,Monday,3,Weekday,Winter,-3111.1796859533424,-4.831468908227218,38.103002635106726,39.94393736052291,-1.840934725416183,-4.831468908227228,38.200168559424824,38.67676776018737,0.31784941825668195,-4.671169580028686,-3.59702252178848,2174.1666666666665,True,False,False,57
2015-08-18,35165.972082725246,36841.967322813805,922,2015,8,August,Tuesday,3,Weekday,Winter,-1675.9952400885595,-4.765957375345432,38.14096755176274,39.958749807824084,-1.8177822560613421,-4.765957375345426,38.147813494634114,38.64228487677791,0.31799702308927147,-4.79391757679983,-3.6738963814244676,2138.8333333333335,True,False,False,57
2015-08-19,23234.183195130125,24104.085977912528,604,2015,8,August,Wednesday,3,Weekday,Winter,-869.9027827824029,-3.7440644049184146,38.467190720414116,39.907427115749215,-1.4402363953350985,-3.744064404918399,38.19007036696663,38.620166232027486,0.30568880876164317,-4.641366562028797,-3.730252164899368,2099.4,False,False,False,57
2015-08-20,24754.957181800124,25407.174070346187,643,2015,8,August,Thursday,3,Weekday,Winter,-652.2168885460633,-2.634692048773059,38.4991558037327,39.5134900005384,-1.0143341968056987,-2.634692048773063,38.24296439000778,38.60384982381785,0.29831721744613104,-4.311487737481331,-3.73106376398329,2059.3,False,False,False,57
2015-08-21,76691.2830290555,78691.9563155523,2006,2015,8,August,Friday,3,Weekday,Winter,-2000.6732864968071,-2.608736231129196,38.23094866852218,39.22829327794233,-0.9973446094201464,-2.6087362311292046,38.25001154847615,38.58501868012965,0.3035617237813632,-4.0006678788726955,-3.7304512900913753,2088.1,True,False,False,57
2015-08-22,102231.21179235782,104713.00749977645,2677,2015,8,August,Saturday,3,Weekend,Winter,-2481.795707418627,-2.4276301375155476,38.18872312004401,39.11580407163857,-0.9270809515945615,-2.427630137515562,38.24419074751197,38.57385993656305,0.3119388858788523,-3.712119560001131,-3.6854274553620154,2119.5333333333333,True,True,True,58
2015-08-23,56974.86802579037,57548.98515340962,1467,2015,8,August,Sunday,3,Weekend,Winter,-574.1171276192545,-1.0076673233527689,38.837674182542855,39.22902873443056,-0.3913545518877015,-1.0076673233527755,38.35252324030362,38.58288507024415,0.31562616429770296,-3.1457452041802325,-3.593346095247808,2059.8,False,False,False,59
2015-08-24,59442.73111516537,59785.42861456379,1528,2015,8,August,Monday,3,Weekday,Winter,-342.6974993984186,-0.5765170828616043,38.90231093924435,39.12658940743704,-0.22427846819268638,-0.5765170828616147,38.466710140894705,38.586002928319424,0.31838446165877643,-2.537894943413716,-3.494440045160889,1991.6666666666667,False,False,False,59
2015-08-25,217683.36226402503,246975.73076564312,6360,2015,8,August,Tuesday,3,Weekday,Winter,-29292.368501618097,-13.456411274137617,34.226943752205194,38.832662070069674,-4.605718317864479,-13.456411274137615,37.90756388381506,38.43537196643576,0.8557077990473636,-3.779388357526886,-3.8053470694210256,2133.366666666667,True,True,True,60
2015-08-26,275458.8068961961,307092.27437902824,8035,2015,8,August,Wednesday,3,Weekday,Winter,-31633.467482832144,-11.483919443081339,34.28236551290555,38.21932475159032,-3.9369592386847714,-11.483919443081337,37.30973171131383,38.286965813031856,1.140660164729075,-4.885081934407303,-4.057643051625971,2326.4666666666667,True,True,True,60
2015-08-27,228731.86548652744,252845.44555357666,6675,2015,8,August,Thursday,3,Weekday,Winter,-24113.580067049217,-10.542291523639733,34.26694614030374,37.87946749866317,-3.6125213583594302,-10.542291523639722,36.705130330823984,38.14071283534998,1.3533587265865192,-6.0147390022454,-4.285184099681846,2499.8333333333335,True,True,True,60
2015-08-28,387639.119999522,426783.3022181441,11330,2015,8,August,Friday,3,Weekday,Winter,-39144.182218622125,-10.098099030528807,34.21351456306461,37.668429145467265,-3.454914582402658,-10.098099030528804,36.13121117290147,37.99142960059405,1.5263909072715782,-7.0846479735882,-4.491853246732721,2831.4666666666667,True,True,True,60
2015-08-29,461188.0048517348,504578.1887572265,13484,2015,8,August,Saturday,3,Weekend,Winter,-43390.18390549172,-9.408350488092385,34.202610861149125,37.42051236704439,-3.217901505895263,-9.408350488092385,35.56176656448792,37.840017875061946,1.6678064982412675,-8.081893737956321,-4.688739254493479,3233.5,True,True,True,60
2015-08-30,202249.677169425,220152.18675395823,5913,2015,8,August,Sunday,3,Weekend,Winter,-17902.509584533225,-8.851687594802069,34.20424102307204,37.23189358260751,-3.0276525595354684,-8.851687594802069,34.89984754170637,37.68752456520121,1.784079602682992,-9.202468062449077,-4.872481942406966,3305.9333333333334,True,True,True,60
2015-08-31,332559.76497908594,361970.285938652,9721,2015,8,August,Monday,3,Weekday,Winter,-29410.520959566056,-8.843679860495339,34.21044799702561,37.2359104967238,-3.025462499698186,-8.843679860495342,34.2295814071037,37.53056834423266,1.8767121037679857,-10.383491316396755,-5.063542583557629,3481.5333333333333,True,True,True,60
2015-09-01,384806.7715819784,418101.5975483603,11257,2015,9,September,Tuesday,3,Weekday,Spring,-33294.825966381875,-8.652349289359845,34.1837764574912,37.1414761968873,-2.957699739396098,-8.652349289359845,34.22341465071598,37.368664425257535,1.9500039539214327,-9.697196747142787,-5.250831467426326,3781.5,True,True,True,60
2015-09-02,345776.25028037594,373816.1684006343,10102,2015,9,September,Wednesday,3,Weekday,Spring,-28039.91812025837,-8.10926664209064,34.22849438530746,37.00417426258506,-2.7756798772776037,-8.109266642090637,34.215718775344826,37.20549935787305,2.002202839369833,-9.215103489858402,-5.440107586417404,4049.1,True,True,True,60
2015-09-03,271551.0951007561,293343.8739735622,7938,2015,9,September,Thursday,3,Weekday,Spring,-21792.778872806113,-8.025295889423735,34.20900668943765,36.95438069709778,-2.745374007660132,-8.02529588942374,34.207441710935385,37.055766649817265,2.0538068590394616,-8.8555326849704,-5.589821569795135,4246.8,True,True,True,60
2015-09-04,340440.20546208567,366359.65859248454,9936,2015,9,September,Friday,3,Weekday,Spring,-25919.453130398877,-7.613511187733521,34.263305702705885,36.87194631566874,-2.6086406129628514,-7.6135111877335255,34.21455473088414,36.90623716580923,2.089257734537102,-8.500591564571074,-5.731401296479244,4513.066666666667,True,True,True,60
2015-09-05,364416.7315821381,392128.30126516864,10643,2015,9,September,Saturday,3,Weekend,Spring,-27711.56968303054,-7.604362610552765,34.24003867162812,36.84377537021222,-2.6037366985841004,-7.604362610552777,34.219901560952565,36.75803710033627,2.116168909843897,-8.242879010636845,-5.867257370403193,4803.766666666666,True,True,True,60
2015-09-06,164719.60449161517,176647.84265184918,4800,2015,9,September,Sunday,3,Weekend,Spring,-11928.238160234003,-7.241541282866056,34.3165842690865,36.80163388580191,-2.485049616715415,-7.241541282866049,34.23595059609749,36.60305799768343,2.11914246832863,-8.012858108931699,-6.0149837222914755,4860.833333333333,True,False,False,61
2015-09-07,178921.09934873637,192507.5287324894,5228,2015,9,September,Monday,3,Weekday,Spring,-13586.429383753013,-7.593531133671165,34.223622675733814,36.8224041186858,-2.5987814429519887,-7.5935311336711555,34.2378326930558,36.44644288671698,2.1154619482148393,-7.834265433671102,-6.170695113460675,4922.166666666667,True,True,True,62
2015-09-08,70286.9978107705,66639.6980528115,1810,2015,9,September,Tuesday,3,Weekday,Spring,3647.299757959001,5.189152861213975,38.83259547556381,36.817512736359944,2.015082739203862,5.189152861213961,34.901949695637605,36.44621248311402,2.115192681505753,-5.856907983589129,-5.888471230606865,4917.7,False,False,False,63
2015-09-09,76013.67790171049,72211.10317465069,1961,2015,9,September,Wednesday,3,Weekday,Spring,3802.574727059793,5.002487489128883,38.762711831570876,36.82361202174946,1.939099809821414,5.002487489128883,35.54969504510381,36.45117856368292,2.1206250058026037,-3.983800250557768,-5.5932036188076335,4922.666666666667,False,False,False,63
2015-09-10,48406.787146740244,45316.54273361083,1232,2015,9,September,Thursday,3,Weekday,Spring,3090.2444131294105,6.3839072892023365,39.291223333393056,36.78290806299581,2.5083152703972473,6.383907289202334,36.2757259942403,36.477304241286106,2.15143556905164,-1.9253426536111866,-5.2501826625693075,4911.633333333333,False,False,False,63
2015-09-11,85940.02694079,81559.84562327196,2194,2015,9,September,Friday,3,Weekday,Spring,4380.181317518043,5.096788392370241,39.17047718358706,37.174040849257956,1.996436334329104,5.096788392370254,36.97675049150904,36.51060706026946,2.1860178563121635,-0.10958557073922025,-4.9198923325464445,4945.733333333334,False,False,False,63
2015-09-12,57381.75145418537,54340.891509322864,1469,2015,9,September,Saturday,3,Weekend,Spring,3040.8599448625027,5.29935017283392,39.06177770877152,36.99175732424974,2.070020384521783,5.299350172833914,37.665570353958095,36.54170306248035,2.2162576907633973,1.7338019697445919,-4.578452532765137,4960.2,False,False,False,63
2015-09-13,32479.796394255125,30763.688117313315,829,2015,9,September,Sunday,3,Weekend,Spring,1716.10827694181,5.283617717644766,39.1794890159893,37.1093945926578,2.070094423331497,5.28361771764477,38.36027103208706,36.57496541103854,2.248965638022908,3.5231103983889946,-4.242849434130656,4912.933333333333,False,False,False,63
2015-09-14,52160.18393341537,49656.007748568794,1329,2015,9,September,Monday,3,Weekday,Spring,2504.176184846576,4.8009343449464446,39.24769295215604,37.36343698161685,1.8842559705391864,4.80093434494645,39.07799535729024,36.608906218550636,2.2822333188166795,5.293748323905796,-3.934569343645225,4854.966666666666,False,False,False,63
2015-09-15,51002.83956949524,48601.967504707296,1300,2015,9,September,Tuesday,3,Weekday,Spring,2400.8720647879454,4.707330189952611,39.23295351499634,37.38612884977484,1.8468246652214972,4.7073301899526125,39.13518936292346,36.64735977795047,2.3173122610749672,5.224916513725602,-3.611915410176836,4836.1,False,False,False,63
2015-09-16,30194.71595621512,28605.460797613814,773,2015,9,September,Wednesday,3,Weekday,Spring,1589.255158601307,5.263355220515605,39.06172827453444,37.00577076017311,2.0559575143613316,5.263355220515613,39.177905997632536,36.67931729926473,2.34452986213745,5.262183332495133,-3.275421272552075,4805.533333333334,False,False,False,63
2015-09-17,29751.222605555122,28084.23512836408,760,2015,9,September,Thursday,3,Weekday,Spring,1666.9874771910436,5.603088986601127,39.14634553362516,36.95294095837379,2.193404575251371,5.60308898660112,39.15720916909426,36.71282989866015,2.373153743207765,5.150637860694961,-2.9297863938205233,4800.133333333333,False,False,False,63
2015-09-18,68504.63943753537,64881.97564825693,1755,2015,9,September,Friday,3,Weekday,Spring,3622.663789278442,5.288202111598146,39.03398258549024,36.96978669416349,2.0641958913267544,5.288202111598164,39.13770994079472,36.731722960829345,2.3897998866364425,5.177982677727519,-2.628710843269971,4838.5,False,False,False,63
2015-09-19,68996.56175729049,65211.57177094122,1766,2015,9,September,Saturday,3,Weekend,Spring,3784.9899863492683,5.485766087393955,39.06940076856766,36.92614483065754,2.1432559379101193,5.485766087393959,39.13879894933702,36.75073112632385,2.4065516953890227,5.204613522664666,-2.3580289053977372,4875.933333333333,False,False,False,63
2015-09-20,41855.928759400245,39629.45187227755,1078,2015,9,September,Sunday,3,Weekend,Spring,2226.476887122699,5.319382350636919,38.827392170130096,36.76201472381962,2.065377446310478,5.319382350636911,39.08849939992857,36.77061257637744,2.421618579350121,5.20972275594926,-2.0937582860055333,4845.0,False,False,False,63
2015-09-21,44303.466485900244,41485.458718801405,1124,2015,9,September,Monday,3,Weekday,Spring,2818.0077670988394,6.360693622011906,39.41589545008919,36.908771102136484,2.507124347952704,6.360693622011906,39.11252832820473,36.81151832071228,2.4565124236725047,5.432545509815753,-1.8008141606879517,4793.233333333334,False,False,False,63
2015-09-22,46599.298130810246,43806.73201043591,1182,2015,9,September,Tuesday,3,Weekday,Spring,2792.5661203743366,5.992721419398299,39.42411009374809,37.061533003752885,2.362577089995206,5.992721419398292,39.139836410883554,36.83106618441912,2.4754519613033836,5.616172828307995,-1.5674678692629163,4783.733333333334,False,False,False,63
2015-09-23,125182.75716534758,138583.8378162164,3725,2015,9,September,Wednesday,3,Weekday,Spring,-13401.080650868826,-10.705212885803446,33.606109306133575,37.20371484999098,-3.597605543857405,-10.705212885803453,38.36046227254057,36.654526129982095,2.511238946023254,3.334948813119559,-1.905091062694311,4856.966666666666,True,False,False,63
2015-09-24,150036.8050416176,167704.85540677374,4492,2015,9,September,Thursday,3,Weekday,Spring,-17668.050365156145,-11.775810848714977,33.400891594304895,37.33411741023458,-3.9332258159296885,-11.77581084871499,37.53968313835196,36.626991058052084,2.5431011909977332,0.8522488366458302,-1.8490710485135566,4794.7,True,False,False,63
2015-09-25,368037.6919446588,413540.807164328,11030,2015,9,September,Friday,3,Weekday,Spring,-45503.115219669184,-12.363710624104069,33.366971164520294,37.492366923329826,-4.125395758809532,-12.363710624104055,36.7301100782134,36.596477913105915,2.5774625022243325,-1.6694529827402005,-1.878397421214314,4894.533333333334,True,True,True,64
2015-09-26,351319.63806908,397626.5850584556,10528,2015,9,September,Saturday,3,Weekend,Spring,-46306.946989375574,-13.180859243703944,33.37002641233663,37.76848262333355,-4.398456210996919,-13.18085924370394,35.91591374160897,36.56658058884034,2.610407096453161,-4.336113744325615,-1.9663496785497876,5022.966666666666,True,True,True,64
2015-09-27,163289.93666880394,185404.04401051014,4895,2015,9,September,Sunday,3,Weekend,Spring,-22114.1073417062,-13.54284764440786,33.358516173402236,37.876209195201255,-4.517693021799019,-13.542847644407857,35.134645742076415,36.53808064251826,2.641465901996578,-7.030718029332013,-2.081174632345756,4808.466666666666,True,True,True,64
2015-09-28,190892.45898757636,216571.05952146213,5720,2015,9,September,Monday,3,Weekday,Spring,-25678.600533885765,-13.451867438910709,33.372807515310555,37.86207334291296,-4.489265827602402,-13.451867438910694,34.27134746567947,36.51042053099032,2.6709452262548288,-9.8610838951781,-2.215958530706367,4549.666666666667,True,True,True,64
2015-09-29,143082.1332657676,162929.0184723528,4288,2015,9,September,Tuesday,3,Weekday,Spring,-19846.885206585197,-13.870973792178958,33.36803481011371,37.99650617358974,-4.628471363476024,-13.870973792178953,33.4061938537317,36.48254699055837,2.7000467410787623,-12.698754639689138,-2.38326807061893,4495.5,True,False,False,65
2015-09-30,323548.78534206876,368434.8859088649,9693,2015,9,September,Wednesday,3,Weekday,Spring,-44886.10056679614,-13.873054883930644,33.37963327577311,38.01040812017589,-4.630774844402779,-13.873054883930644,33.37384013510878,36.454853166516614,2.728268055925867,-13.15130349656445,-2.55091390473344,4494.566666666667,True,True,True,66
2015-10-01,402312.33315894654,459285.80452600674,12065,2015,10,October,Thursday,4,Weekday,Spring,-56973.47136706021,-14.161502561879203,33.34540680969304,38.067617449316764,-4.722210639623725,-14.161502561879214,33.36591373730708,36.42690751159001,2.7564806985531605,-13.492116598445053,-2.734552347150752,4521.5,True,True,True,66
2015-10-02,393635.174854894,448390.96576197416,11758,2015,10,October,Friday,4,Weekday,Spring,-54755.79090708017,-13.910289121713992,33.47807236391342,38.134969022110404,-4.656896658196985,-13.910289121713987,33.381785337220386,36.40189344421021,2.780419385078834,-13.7130563838179,-2.9279197631381972,4576.7,True,True,True,66
2015-10-03,451100.060076857,515549.389916234,13508,2015,10,October,Saturday,4,Weekend,Spring,-64449.329839377024,-14.287147252517846,33.39502961777147,38.166226674284424,-4.771197056512953,-14.287147252517835,33.385357223711075,36.37476087515468,2.8064065820726816,-13.871097527934172,-3.1366481419080006,4762.366666666667,True,True,True,66
2015-10-04,202902.62490132518,232360.32715548942,6085,2015,10,October,Sunday,4,Weekend,Spring,-29457.702254164236,-14.518147445598592,33.344720608270364,38.18575631150196,-4.841035703231597,-14.51814744559861,33.38338642869224,36.34414137200682,2.8351025868905704,-14.010426070961419,-3.3668026838368363,4634.0,True,True,True,66
2015-10-05,294557.6463662238,336897.9224004055,8828,2015,10,October,Monday,4,Weekday,Spring,-42340.276034181705,-14.374190097085442,33.36629433237696,38.16242890806587,-4.79613457568891,-14.374190097085442,33.38245597398744,36.31501656069845,2.8618252606135814,-14.142186450700667,-3.5924636000545926,4573.5,True,True,True,66
2015-10-06,221618.32824753015,253291.06228608298,6636,2015,10,October,Tuesday,4,Weekday,Spring,-31672.734038552822,-14.291567980414003,33.3963725508635,38.16923783696247,-4.772865286098977,-14.291567980413996,33.386504222665984,36.28434283675768,2.8887880513202595,-14.202271334734245,-3.8274644899728574,4634.7,False,True,False,67
2015-10-07,63968.38248018537,61942.84267774664,1622,2015,10,October,Wednesday,4,Weekday,Spring,2025.5398024387323,3.1664702528099045,39.43796700381342,38.18917551032468,1.2487914934887385,3.1664702528099076,34.25198046952888,36.45815431436033,2.917251071853395,-11.768053458057024,-3.468797777090155,4514.5,False,False,False,67
2015-10-08,59609.54470528037,57736.476659462984,1512,2015,10,October,Thursday,4,Weekday,Spring,1873.0680458173883,3.142228404994791,39.42430205375686,38.185500436152765,1.2388016176040964,3.1422284049947997,35.12039407582371,36.47787786696677,2.9357995544816835,-9.29609189136074,-3.537028592297461,4504.566666666667,False,False,False,67
2015-10-09,126588.25297451638,122622.36311479038,3211,2015,10,October,Friday,4,Weekday,Spring,3965.8898597259977,3.132905120765333,39.42331142152488,38.18821647922466,1.235094942300222,3.1329051207653444,35.96971394119678,36.49989785329857,2.9559362708549326,-6.861349856720835,-3.5993480045762465,4546.233333333334,False,False,False,67
2015-10-10,119755.01159048088,116003.68691362541,3037,2015,10,October,Saturday,4,Weekend,Spring,3751.3246768554673,3.1324991138438953,39.43200908478132,38.19680174962971,1.235207335151614,3.132499113843882,36.832139579341046,36.504590711678176,2.960628635096727,-4.372828947240587,-3.7077282770881945,4606.4,False,False,False,67
2015-10-11,57413.410482090374,55617.58464392972,1456,2015,10,October,Sunday,4,Weekend,Spring,1795.8258381606574,3.1278856683158542,39.43228741901812,38.19889055214953,1.2333968668685884,3.127885668315867,37.70179198087643,36.51331771952587,2.9691314650327003,-1.8519670738242373,-3.773358367890007,4581.8,False,False,False,67
2015-10-12,57749.13693860537,55933.00857584616,1465,2015,10,October,Monday,4,Weekday,Spring,1816.128362759213,3.144858016995106,39.41920610143711,38.179528038120246,1.239678063316866,3.144858016995099,38.56649366217074,36.525231999281395,2.9804060618522734,0.6507540853301271,-3.845174773084634,4581.666666666667,False,False,False,67
2015-10-13,40140.82003455524,38881.08844178642,1018,2015,10,October,Tuesday,4,Weekday,Spring,1259.7315927688178,3.1382806621398798,39.43106093767705,38.19360357739334,1.2374573602837131,3.1382806621398855,39.428592003144104,36.53361773000433,2.9884746449763506,3.140732462837825,-3.91668600826813,4587.966666666666,False,False,False,67
2015-10-14,42195.81736485025,40869.24947226706,1070,2015,10,October,Wednesday,4,Weekday,Spring,1326.567892583189,3.14383741192377,39.43534333163575,38.195560254455195,1.2397830771805545,3.1438374119237804,39.42821719283302,36.53987274265365,2.994541435198484,3.137499199854091,-3.9719225727022196,4579.333333333333,False,False,False,67
2015-10-15,53490.797465390366,51799.16590340081,1357,2015,10,October,Thursday,4,Weekday,Spring,1691.631561989554,3.162472130059519,39.41842112409017,38.17182454193133,1.246596582158844,3.162472130059514,39.42737706002349,36.54605499629011,3.000478605136678,3.1403911605776242,-4.023417841365323,4581.233333333334,False,False,False,67
2015-10-16,110809.31580557745,107331.98051512288,2810,2015,10,October,Friday,4,Weekday,Spring,3477.3352904545754,3.1381254050478926,39.43392021550799,38.196434347018815,1.2374858684891734,3.138125405047894,39.42889260202107,36.55846139432256,3.0119865128649863,3.1411369154751325,-4.094258835214246,4649.133333333333,False,False,False,67
2015-10-17,111527.01346960258,108023.60734392128,2829,2015,10,October,Saturday,4,Weekend,Spring,3503.4061256813,3.1413072193815865,39.42276898890158,38.18437870057309,1.238390288328489,3.1413072193815825,39.42757258832397,36.56767550949844,3.0205867581229953,3.142395216266231,-4.176318227454898,4718.1,False,False,False,67
2015-10-18,59808.13866875037,57937.4586559695,1517,2015,10,October,Sunday,4,Weekend,Spring,1870.6800127808674,3.1278017581214144,39.42527268869504,38.19212831639387,1.2331443723011688,3.1278017581214232,39.4265704839921,36.580718512938596,3.0324251930074078,3.142383229095597,-4.248331572570788,4710.166666666667,False,False,False,67
2015-10-19,55166.226228085376,53436.89709278487,1399,2015,10,October,Monday,4,Weekday,Spring,1729.3291353005043,3.134760619931792,39.43261345824544,38.19649542014644,1.2361180380990007,3.134760619931788,39.428485820679,36.59282560259453,3.0434091702278376,3.140940743800838,-4.326698421486195,4697.933333333333,False,False,False,67
2015-10-20,42054.680471955246,40736.15047559227,1067,2015,10,October,Tuesday,4,Weekday,Spring,1318.5299963629732,3.135275269163568,39.413946084306694,38.178210380123964,1.23573570418273,3.135275269163567,39.4260408416261,36.612377399733745,3.060098075900829,3.1405114019470792,-4.3995019908686395,4697.566666666667,False,False,False,67
2015-10-21,53678.179109280245,51999.86086819557,1361,2015,10,October,Wednesday,4,Weekday,Spring,1678.3182410846784,3.1266303532165076,39.44024916185176,38.207098360173084,1.2331508016786756,3.126630353216506,39.4267416745141,36.61318919012583,3.060870578570705,3.138053250703184,-4.5073040998284855,4705.466666666666,False,False,False,67
2015-10-22,55930.16864310537,54177.690061877336,1419,2015,10,October,Thursday,4,Weekday,Spring,1752.4785812280315,3.1333332685097552,39.415199889432955,38.180190318447735,1.2350095709852198,3.1333332685097472,39.42628149813449,36.61289218331533,3.060588839277855,3.133890556196075,-4.602617038191437,4713.366666666667,False,False,False,67
2015-10-23,185771.00146306364,192527.0110099228,5042,2015,10,October,Friday,4,Weekday,Spring,-6756.009546859161,-3.6367406611641915,36.84470477252353,38.1846511324718,-1.3399463599482715,-3.636740661164205,39.05639357770814,36.72084536552833,3.0075324653262845,2.166052546737206,-4.367001297370129,4757.266666666666,False,True,False,67
2015-10-24,253116.91319854016,262409.5694229162,6872,2015,10,October,Saturday,4,Weekend,Spring,-9292.656224376056,-3.671290119237141,36.83307817208093,38.185327331623434,-1.3522491595425024,-3.6712901192371494,38.68643774673376,36.835251584787535,2.941440733308375,1.192824355505959,-4.096850606387535,4836.6,False,True,False,67
2015-10-25,118618.45370215292,122915.26701698842,3218,2015,10,October,Sunday,4,Weekend,Spring,-4296.813314835497,-3.622381830760208,36.860924083950565,38.196167500617904,-1.335243416667339,-3.622381830760208,38.320102231770264,36.95171668210187,2.867624876132688,0.2285124142371559,-3.8054729799427394,4576.2,False,False,False,67
2015-10-26,123320.78404237365,128133.77860887129,3347,2015,10,October,Monday,4,Weekday,Spring,-4812.99456649764,-3.9028251432815013,36.84517001564794,38.283172575103464,-1.4380025594555264,-3.9028251432815066,37.95046745425634,37.06755480221225,2.7870092323672875,-0.7768569805076003,-3.4962051765953244,4336.833333333333,False,False,False,67
2015-10-27,117051.27721540268,122175.00027270183,3177,2015,10,October,Tuesday,4,Weekday,Spring,-5123.723057299154,-4.37733203702704,36.84333560447047,38.45609073739434,-1.6127551329238727,-4.377332037027032,37.5832373857083,37.18371544991452,2.6982989609298995,-1.8500865956776873,-3.19068798968263,4279.566666666667,False,False,False,67
2015-10-28,159299.98906190018,174699.07672381026,4532,2015,10,October,Wednesday,4,Weekday,Spring,-15399.087661910075,-9.666722359865547,35.150041717100656,38.54789865926969,-3.397856942169035,-9.666722359865542,36.97035060788672,37.24295658997419,2.6304006865307894,-3.6777084118322665,-3.0645164870477912,4239.966666666666,False,True,False,67
2015-10-29,119047.40986790293,124349.26548929588,3231,2015,10,October,Thursday,4,Weekday,Spring,-5301.855621392955,-4.4535665473746855,36.845376003683974,38.48630934363847,-1.6409333399544934,-4.453566547374697,36.603232909922575,37.358867963093196,2.5283987948580826,-4.761551242672901,-2.7506029122209825,4204.733333333334,False,False,False,67
2015-10-30,285081.9743284353,297627.6907154063,7731,2015,10,October,Friday,4,Weekday,Spring,-12545.716386971006,-4.400739968398501,36.875174534786616,38.49795507895568,-1.6227805441690606,-4.400739968398501,36.607585733103015,37.47538600506032,2.4167773535480093,-4.870694000849231,-2.434859081703244,4139.333333333333,False,True,False,67
2015-10-31,391656.2125835714,429832.83476080553,11148,2015,10,October,Saturday,4,Weekend,Spring,-38176.62217723415,-9.747482856304252,35.132419499782145,38.5569460675283,-3.424526567746156,-9.74748285630425,36.364634494203194,37.53495309472996,2.3320102861575207,-5.738721534715961,-2.2877250915174128,4108.766666666666,True,True,True,68
2015-11-01,274814.77805485035,287978.17491181655,7459,2015,11,November,Sunday,4,Weekend,Spring,-13163.396856966196,-4.789915939068935,36.84338088950936,38.60814786322785,-1.764766973718487,-4.789915939068935,36.36212832356873,37.647130045583154,2.207763481128,-5.905512121617208,-1.9837126520959107,3965.4666666666667,False,True,False,69
2015-11-02,269555.02312096773,281915.19210462895,7316,2015,11,November,Monday,4,Weekday,Spring,-12360.16898366122,-4.585397385866695,36.84459036645267,38.53406124994928,-1.689470883496611,-4.58539738586669,36.36204551654084,37.76211540387252,2.063804914089872,-6.003022441986522,-1.6603209898742055,3759.0666666666666,False,True,False,69
2015-11-03,192001.03461514864,201125.77547468373,5211,2015,11,November,Tuesday,4,Weekday,Spring,-9124.740859535086,-4.752443588559265,36.845333835184924,38.59638754071843,-1.7510537055335078,-4.752443588559277,36.36233097807148,37.87880251143634,1.8977124724215613,-6.0566098064911245,-1.3347975279728947,3729.9333333333334,False,True,False,69
2015-11-04,201367.78697700135,220579.99556067705,5731,2015,11,November,Wednesday,4,Weekday,Spring,-19212.208583675703,-9.540855005706533,35.13658820048881,38.488919134649635,-3.3523309341608254,-9.540855005706526,36.36040904712693,37.937812307040076,1.776189361539312,-6.03862875589698,-1.1736863582602644,3626.7,True,True,True,70
2015-11-05,111874.55897295268,116637.03434528297,3036,2015,11,November,Thursday,4,Weekday,Spring,-4762.475372330286,-4.256978008272358,36.84932772495148,38.41799550239887,-1.5686677774473878,-4.256978008272343,36.36097357873657,38.05291081284301,1.571879003400812,-6.010544678882361,-0.839200025855543,3506.7,False,False,False,71
2015-11-06,214540.3330908476,223738.43271863073,5822,2015,11,November,Friday,4,Weekday,Spring,-9198.099627783144,-4.287352170693325,36.84993697884706,38.42982355180878,-1.579886572961719,-4.2873521706933175,36.35736821360235,37.966643145344136,1.5642427551936744,-5.994346422067337,-1.0876607733056505,3646.7,False,True,False,71
2015-11-07,280264.24446527625,306935.1603958135,7987,2015,11,November,Saturday,4,Weekend,Spring,-26670.915930537274,-9.51634625437984,35.090051892484816,38.42934273141524,-3.339290838930424,-9.516346254379847,36.351315698274156,37.8221681399684,1.6239864047917518,-5.961326907506707,-1.5096132619514715,3862.5333333333333,True,True,True,72
2015-11-08,134136.72870994985,140236.3033001348,3640,2015,11,November,Sunday,4,Weekend,Spring,-6099.574590184959,-4.5472814559048595,36.85074964559062,38.526456950586486,-1.6757073049958677,-4.5472814559048595,36.35236837771434,37.73641608077059,1.604326210045733,-5.926664838483267,-1.7656194811738113,3876.8333333333335,False,False,False,73
2015-11-09,94243.46552793356,89949.30417187726,2338,2015,11,November,Monday,4,Weekday,Spring,4294.161356056298,4.556455274645559,40.30943777927013,38.472756275396605,1.8366815038735211,4.556455274645554,36.8473465795454,37.765663703920204,1.6438155507407186,-4.620685886981517,-1.7181542758137558,3853.5333333333333,False,False,False,73
2015-11-10,131436.19785473638,143823.38644063805,3744,2015,11,November,Tuesday,4,Weekday,Spring,-12387.188585901662,-9.42448791739397,35.105822076585575,38.4143660364952,-3.3085439599096276,-9.424487917393956,36.598844899745494,37.621448192505795,1.6819009856835407,-5.28812079110076,-2.13656672867075,3929.8,True,False,False,73
2015-11-11,147893.94147097637,161665.60055441552,4216,2015,11,November,Wednesday,4,Weekday,Spring,-13771.659083439154,-9.311848035466545,35.07920812878946,38.345730681787366,-3.2665225529979054,-9.311848035466555,36.59064774664559,37.47678159341754,1.7083782906942093,-5.255405509637904,-2.551790263752805,4021.5,True,True,True,74
2015-11-12,140238.3905104714,153481.4533973026,4000,2015,11,November,Thursday,4,Weekday,Spring,-13243.062886831205,-9.443250766517009,35.05959762761785,38.37036334932565,-3.310765721707803,-9.443250766517012,36.33497201845507,37.33106614974891,1.7223151619235209,-5.9963016179585695,-2.971174644708035,4120.9,True,False,False,75
2015-11-13,358183.774004685,391310.3206849369,10204,2015,11,November,Friday,4,Weekday,Spring,-33126.54668025189,-9.248477760418762,35.1022906707845,38.34871821686955,-3.2464275460850516,-9.248477760418755,36.085308260160424,37.18663106105386,1.7214501587704385,-6.705033845062204,-3.3842518171194524,4425.366666666667,True,True,True,76
2015-11-14,377937.13869747263,413010.2290451295,10769,2015,11,November,Saturday,4,Weekend,Spring,-35073.090347656864,-9.280138614726567,35.09491491294202,38.351771663583385,-3.2568567506413615,-9.280138614726557,36.086002977368594,37.04251418734892,1.709099664019581,-6.671289896540308,-3.7990055086123222,4739.1,True,True,True,76
2015-11-15,168729.96240320895,184673.48850580244,4803,2015,11,November,Sunday,4,Weekend,Spring,-15943.526102593489,-9.449137471206045,35.13011917618341,38.4496124309395,-3.3194932547560896,-9.44913747120605,35.840198624596134,36.89905415270476,1.6818569030320198,-7.371555041583333,-4.218580937820787,4805.533333333334,True,False,False,77
2015-11-16,177192.56981712018,193615.30370472991,5042,2015,11,November,Monday,4,Weekday,Spring,-16422.733887609735,-9.268297143926283,35.14331015809603,38.40049656976,-3.257186411663973,-9.268297143926294,35.102180392999834,36.756405525011246,1.6414215674089072,-9.346519672807883,-4.632234416597715,4879.3,False,True,False,77
2015-11-17,152368.74909244638,166625.3650177976,4342,2015,11,November,Tuesday,4,Weekday,Spring,-14256.615925351216,-9.356653520008443,35.091835350632515,38.37525679820304,-3.2834214475705252,-9.356653520008445,35.100182289292256,36.6119576137425,1.5882723649499169,-9.336829044609948,-5.048382925868711,4973.466666666666,False,False,False,77
2015-11-18,147471.80491951638,161402.91869953024,4202,2015,11,November,Wednesday,4,Weekday,Spring,-13931.113780013868,-9.44662865394294,35.09562230354983,38.41097541635656,-3.3153531128067257,-9.446628653942934,35.10252717140088,36.467391241919316,1.5185275803541531,-9.356083418678006,-5.467762568331201,5066.9,False,False,False,77
2015-11-19,145697.1519823564,159317.609394273,4151,2015,11,November,Thursday,4,Weekday,Spring,-13620.457411916606,-9.348471968461,35.09928980543396,38.38053707402385,-3.281247268589887,-9.34847196846101,35.10819748251747,36.32356936595689,1.4316716597396486,-9.342543590384292,-5.8838874762520215,5169.7,False,False,False,77
2015-11-20,301033.98651272245,328965.14326487976,8567,2015,11,November,Friday,4,Weekday,Spring,-27931.156752157316,-9.2784064270354,35.13878679966411,38.39910625246641,-3.2603194528022996,-9.278406427035394,35.113411215214555,36.1801872872173,1.3197974330188562,-9.346819114186667,-6.2973887022604185,5409.9,False,True,False,77
2015-11-21,309518.07207128487,338720.0236259857,8811,2015,11,November,Saturday,4,Weekend,Spring,-29201.95155470085,-9.434651540468167,35.12859744311484,38.44285820292654,-3.3142607598116953,-9.434651540468167,35.118223005239244,36.037300539006694,1.1823723761587086,-9.36889238929261,-6.716321529226349,5656.3,False,True,False,77
2015-11-22,152504.63172735393,167600.65093574603,4345,2015,11,November,Sunday,4,Weekend,Spring,-15096.0192083921,-9.89872834510403,35.09887956901126,38.57322230972291,-3.4743427407116485,-9.898728345104042,35.11376020421465,35.979106365556284,1.184224817121574,-9.433119656992321,-6.925054452024343,5633.066666666667,False,False,False,77
2015-11-23,79711.58341410049,74375.78870786497,1937,2015,11,November,Monday,4,Weekday,Spring,5335.794706235523,6.693876194274237,41.15208229948399,38.39741285899069,2.754669440493302,6.69387619427424,35.97215622441293,36.12307316980306,1.5094859030308398,-7.152809180106533,-6.57954890824063,5468.566666666667,False,False,False,77
2015-11-24,111021.37911399867,121456.52401919739,3160,2015,11,November,Tuesday,4,Weekday,Spring,-10435.144905198715,-9.39922111261447,35.13334782088565,38.43560886683461,-3.30226104594896,-9.39922111261447,35.978086577306236,36.06548729436756,1.513314828736137,-7.158890264764537,-6.772110217635772,5466.633333333333,False,False,False,77
2015-11-25,243161.25923328882,266054.36985679285,6924,2015,11,November,Wednesday,4,Weekday,Spring,-22893.110623504035,-9.414785355071876,35.11861051896141,38.42495231900532,-3.30634180004391,-9.414785355071874,35.98137060807932,36.00793531114468,1.5154700524244114,-7.1543412220686715,-6.955842224695451,5585.866666666667,False,True,False,77
2015-11-26,311443.18123189744,355343.87184090714,9273,2015,11,November,Thursday,4,Weekday,Spring,-43900.6906090097,-14.095890760992996,33.58602191652081,38.320270876836744,-4.734248960315938,-14.095890760992994,35.765189481091724,35.899358188213014,1.5692842208264286,-7.832543906716099,-7.279794182160984,5789.066666666667,True,True,True,78
2015-11-27,375876.0134219526,431325.6866936764,11257,2015,11,November,Friday,4,Weekday,Spring,-55449.67327172379,-14.752118063324474,33.3904249286624,38.3162198359844,-4.925794907322,-14.752118063324465,35.515423499520054,35.84070429526507,1.6299671940698126,-8.614502711900252,-7.449307372276281,6013.233333333334,True,True,True,78
2015-11-28,434639.6589952693,498895.6186453555,13019,2015,11,November,Saturday,4,Weekend,Spring,-64255.95965008624,-14.783731378453343,33.385026422556976,38.320579049493475,-4.935552626936499,-14.783731378453355,35.26634192515464,35.725359309227514,1.6781440195199082,-9.378656974469564,-7.793646199978903,6339.5,True,True,True,78
2015-11-29,238637.8163554564,274093.57795911963,7139,2015,11,November,Sunday,4,Weekend,Spring,-35455.76160366324,-14.857562034866714,33.42734505609419,38.393833584412334,-4.966488528318145,-14.857562034866712,35.0275512804522,35.61043165993775,1.7143551786142368,-10.087061787292805,-8.142206935527843,6319.766666666666,True,True,True,78
2015-11-30,260653.6669634964,283981.1506886445,7423,2015,11,November,Monday,4,Weekday,Spring,-23327.483725148108,-8.949608880206176,35.11432937673399,38.256924516859016,-3.1425951401250245,-8.949608880206156,34.16501514863077,35.609828655836154,1.714532283829627,-12.321845369361435,-8.115611136324574,6195.6,False,True,False,79
2015-12-01,262394.7800182788,285838.55681476905,7474,2015,12,December,Tuesday,4,Weekday,Summer,-23443.776796490245,-8.934543894073318,35.10767728368729,38.24438812078794,-3.136710837100651,-8.934543894073327,34.16134792903101,35.55197186897542,1.7007005683287988,-12.255462909569841,-8.253765401491387,6196.1,False,True,False,79
2015-12-02,248437.71130109383,269807.6204390979,7056,2015,12,December,Wednesday,4,Weekday,Summer,-21369.90913800409,-8.601717116973779,35.20942620480355,38.238041445450385,-3.028615240646836,-8.601717116973774,34.174321598437025,35.49746639692045,1.6839653513083872,-12.139310304127255,-8.387642725861623,6187.433333333333,False,True,False,79
2015-12-03,201048.83046167396,219110.39319645413,5732,2015,12,December,Thursday,4,Weekday,Summer,-18061.562734780164,-8.98366963553327,35.07481340922435,38.225818771188784,-3.1510053619644367,-8.983669635533262,34.38700609739468,35.43844904938843,1.6660280798787752,-11.408993000490153,-8.528683594094089,6204.8,False,False,False,79
2015-12-04,317690.76093605126,345449.5299468609,9038,2015,12,December,Friday,4,Weekday,Summer,-27758.769010809658,-8.737669590711606,35.150559961944154,38.2218997507038,-3.0713397887596443,-8.737669590711608,34.63845395929207,35.438914774770275,1.6659427379007106,-10.54978607583117,-8.501910746927592,6315.033333333334,False,True,False,79
2015-12-05,378527.8726171638,410385.0370093724,10737,2015,12,December,Saturday,4,Weekend,Summer,-31857.164392208564,-8.41606832594553,35.254528510493046,38.221573717926084,-2.9670452074330385,-8.41606832594552,34.90552568614008,35.38575480095499,1.644694134575389,-9.640119925472913,-8.640547090850031,6571.733333333334,False,True,False,79
2015-12-06,195425.39107959517,210461.38622248988,5505,2015,12,December,Sunday,4,Weekend,Summer,-15035.99514289471,-7.693982373442287,35.499616908191676,38.23095117574748,-2.731334267555802,-7.693982373442278,35.20156452215401,35.34074413193314,1.6215563130197104,-8.61675140241228,-8.754101430941663,6561.166666666667,False,False,False,79
2015-12-07,90441.60336852976,83999.59125393689,2198,2015,12,December,Monday,4,Weekday,Summer,6442.0121145928715,7.122841562575003,41.14722628231563,38.21637454683207,2.9308517354835573,7.12284156257499,36.0634069372371,35.542649944927504,1.935897823043651,-6.32068705344354,-8.199461837043168,6368.2,False,False,False,79
2015-12-08,117649.00063301293,121640.37979023655,3190,2015,12,December,Tuesday,4,Weekday,Summer,-3991.3791572236223,-3.392616287216995,36.88056446175954,38.13178049850676,-1.2512160367472163,-3.3926162872169927,36.31667653410456,35.54364377213313,1.9366000410725936,-5.528983109606922,-8.160972998086907,6353.2,False,False,False,79
2015-12-09,141285.39545671365,145443.04659183422,3814,2015,12,December,Wednesday,4,Weekday,Summer,-4157.65113512057,-2.942732418790144,37.04388973694642,38.13399228941642,-1.0901025524700003,-2.9427324187901522,36.578742752982116,35.43479217072235,1.7414288342303255,-4.720556724152118,-8.41094592120143,6402.4,False,False,False,79
2015-12-10,133183.69368019365,137725.8761104481,3610,2015,12,December,Thursday,4,Weekday,Summer,-4542.182430254441,-3.4104643779900883,36.892989939111814,38.151212218960694,-1.25822227984888,-3.4104643779901003,36.838482257251755,35.49436443280656,1.7602538113674855,-3.9243845445030914,-8.210478469887967,6397.933333333333,False,False,False,79
2015-12-11,229672.25632039242,237672.0164167957,6227,2015,12,December,Friday,4,Weekday,Summer,-7999.760096403275,-3.4831199138147633,36.88329152407137,38.16798079601665,-1.2846892719452825,-3.4831199138147633,37.08601533755564,35.55450054598261,1.776324994315072,-3.1737345906606858,-8.016187532499575,6464.966666666666,False,False,False,79
2015-12-12,333488.79787882004,359621.07489373686,9422,2015,12,December,Saturday,4,Weekend,Summer,-26132.27701491682,-7.836028430679856,35.394693045937174,38.16823125596868,-2.7735382100315036,-7.836028430679858,37.10603884261909,35.56567039325992,1.7741578930166346,-3.090871748479875,-7.962613454638336,6645.7,False,True,False,79
2015-12-13,185422.88563610363,191390.4013103133,5014,2015,12,December,Sunday,4,Weekend,Summer,-5967.515674209659,-3.2183274754557725,36.98103024254161,38.17120089954393,-1.1901706570023265,-3.218327475455776,37.31766931895479,35.62829504565183,1.7903218548474096,-2.4514924773389444,-7.7616084451395695,6472.7,False,False,False,79
2015-12-14,173833.13316842366,179871.05329942374,4715,2015,12,December,Monday,4,Weekday,Summer,-6037.920131000079,-3.473400048050708,36.86810883741753,38.14868574749178,-1.2805769100742523,-3.4734000480507206,36.70636682682649,35.68740150980102,1.8013419769863477,-3.965241278856903,-7.568050492917041,6270.9,False,False,False,79
2015-12-15,220271.72138524518,237123.34334010517,6212,2015,12,December,Tuesday,4,Weekday,Summer,-16851.62195485999,-7.6503791993286665,35.45906654624037,38.17181959757006,-2.7127530513296847,-7.65037919932867,36.503295696038045,35.69836642213625,1.7988321978121564,-4.573493123444285,-7.508091883854462,6317.866666666667,False,False,False,79
2015-12-16,234468.07119528638,251493.90890012978,6585,2015,12,December,Wednesday,4,Weekday,Summer,-17025.837704843405,-7.2614738621117985,35.60638894385518,38.19193757025509,-2.5855486263999126,-7.261473862111808,36.297938439882145,35.71380238166156,1.7958894188324104,-5.1904561867759496,-7.441197774460646,6369.3,False,True,False,79
2015-12-17,213778.13805030516,230994.3551988599,6051,2015,12,December,Thursday,4,Weekday,Summer,-17216.217148554744,-8.053310458014895,35.3293898612304,38.17457530967772,-2.8451854484473174,-8.05331045801488,36.07456700018481,35.72172086534815,1.7935746839685378,-5.853719912493779,-7.397753005727527,6426.266666666666,False,False,False,79
2015-12-18,273563.0147962938,295854.55231599195,7750,2015,12,December,Friday,4,Weekday,Summer,-22291.537519698148,-8.148593309039724,35.29845352210243,38.17478094399896,-2.8763274218965336,-8.14859330903972,35.8481615713321,35.72848190596657,1.7915142771032375,-6.52021611181163,-7.354485160897421,6544.533333333334,False,True,False,79
2015-12-19,337506.78841922,362223.1608767092,9490,2015,12,December,Saturday,4,Weekend,Summer,-24716.372457489197,-7.323222318950451,35.5644666405922,38.16893159923174,-2.6044649586395394,-7.323222318950462,35.8724149419971,35.74398780047184,1.7878901462034276,-6.446958095850287,-7.286976839247069,6722.5,False,True,False,79
2015-12-20,155312.78386216637,167421.9736951709,4382,2015,12,December,Sunday,4,Weekend,Summer,-12109.189833004522,-7.796647212087142,35.44335551395855,38.20674890350774,-2.7633933895491865,-7.796647212087151,35.652747123628096,35.754140090948326,1.7851977918243926,-7.101003772511911,-7.237584865415459,6583.0,False,False,False,79
2015-12-21,289243.3830561976,312784.97431839356,8196,2015,12,December,Monday,4,Weekday,Summer,-23541.591262195958,-8.139025001523379,35.29079832310854,38.16312522186354,-2.8723268987549986,-8.139025001523382,35.42741705015538,35.759546786948114,1.7834827275134266,-7.767521623008007,-7.1943973141173,6562.5,False,True,False,79
2015-12-22,313125.3325325176,338299.6178454863,8863,2015,12,December,Tuesday,4,Weekday,Summer,-25174.285312968714,-8.039683378333626,35.32949707012497,38.169876773720674,-2.8403797035957012,-8.039683378333622,35.40890712499604,35.76723403698524,1.7810322202018072,-7.823136505723001,-7.132429148558287,6713.1,False,True,False,79
2015-12-23,268330.3927050155,249584.21516385436,6534,2015,12,December,Wednesday,4,Weekday,Summer,18746.17754116113,6.986229682065656,41.0667879866874,38.19776785489047,2.8690201317969297,6.986229682065659,36.18896413111493,35.764390893225354,1.772185831932703,-5.787750285126222,-7.122684032298573,6866.333333333333,False,False,False,79
2015-12-24,392228.13795848226,364396.19424887956,9540,2015,12,December,Thursday,4,Weekday,Summer,27831.943709602696,7.0958559613968175,41.11406058265013,38.196666063823855,2.9173945188262778,7.095855961396816,37.01534566274631,35.96374798528417,2.018082813194013,-3.6235836537816914,-6.572848129831529,7079.0,False,True,False,79
2015-12-25,133728.98372885137,124363.55727660947,3256,2015,12,December,Friday,4,Weekday,Summer,9365.426452241896,7.0032884353860165,41.07155519927868,38.195195723774404,2.876359475504273,7.003288435386029,37.840074473771494,36.162179474628076,2.2151615065724948,-1.4590291188637288,-6.0255790034829335,6956.733333333334,False,False,False,79
2015-12-26,82778.44404831037,76876.4926983143,2013,2015,12,December,Saturday,4,Weekend,Summer,5901.951349996074,7.1298167268662755,41.12192948251881,38.19001127586403,2.931918206654778,7.12981672686627,38.63399773690387,36.41337639349468,2.3368916145092737,0.6056907448243753,-5.31805542055429,6714.733333333334,False,False,False,79
2015-12-27,69522.83697394037,64616.07664627437,1692,2015,12,December,Sunday,4,Weekend,Summer,4906.760327666001,7.057767693664786,41.0891471477189,38.18917059472481,2.89997655299409,7.057767693664786,39.44053939886963,36.670000467463225,2.4148943665629483,2.727750017074651,-4.5910592286546485,6395.9,False,False,False,79
2015-12-28,133021.27279536257,123500.78778967516,3234,2015,12,December,Monday,4,Weekday,Summer,9520.485005687413,7.1571146521305264,41.13211898434217,38.18824606978205,2.9438729145601172,7.157114652130531,40.27501377904587,36.9282368861894,2.4651963270234964,4.912912824739494,-3.859697694301853,6069.733333333334,False,False,False,79
2015-12-29,161267.5205918376,175378.1459152207,4592,2015,12,December,Tuesday,4,Weekday,Summer,-14110.625323383108,-8.74982468360545,35.11923357836184,38.1921049466944,-3.0728713683325566,-8.749824683605446,40.24497613736542,36.98463317026499,2.400857807393238,4.81146406684352,-3.6561064492598114,5984.833333333333,False,False,False,79
2015-12-30,208583.21799035516,227060.26267849398,5945,2015,12,December,Wednesday,4,Weekday,Summer,-18477.04468813882,-8.858356327110263,35.08548662579565,38.19348405020925,-3.107997424413597,-8.85835632711027,39.390504514380886,36.98367174523371,2.4016382462914163,2.5479517798183884,-3.653064697489947,5935.566666666667,False,True,False,79
2015-12-31,325457.52500147885,353929.7383549917,9266,2015,12,December,Thursday,4,Weekday,Summer,-28472.213353512867,-8.748365352247884,35.123842542788566,38.19660461417998,-3.0727620713914163,-8.748365352247882,38.534759080114945,36.984210587203755,2.4012046003350527,0.2844915921548597,-3.6468587460957664,5995.3,False,True,False,79
2016-01-01,111650.23977407867,121448.2838171389,3179,2016,1,January,Friday,1,Weekday,Summer,-9798.044043060232,-8.775658756207168,35.12118269080801,38.20329783489742,-3.082115144089407,-8.77565875620716,37.68470586461914,36.98126913673723,2.4035066065363178,-1.969643720929881,-3.6526568007368794,5866.066666666667,False,False,False,79
2016-01-02,262421.2818645576,285675.8457131606,7479,2016,1,January,Saturday,1,Weekend,Summer,-23254.563848602993,-8.861538852098617,35.087749948463376,38.19706454247367,-3.109314594010293,-8.861538852098612,36.82268021689693,36.98170035471187,2.403153905550919,-4.2541230893534365,-3.648585774622391,5924.3,False,True,False,79
2016-01-03,164527.53891335515,179308.94953055488,4694,2016,1,January,Sunday,1,Weekend,Summer,-14781.410617199726,-8.98415591385223,35.05060479619837,38.199605779837,-3.1490009836386292,-8.984155913852229,35.96003130953685,36.97836851585368,2.405848004505818,-6.545826461855868,-3.6568019853937455,5779.5,False,False,False,79
2016-01-04,274990.1464991988,299576.2413696627,7843,2016,1,January,Monday,1,Weekday,Summer,-24586.094870463887,-8.94071848881157,35.06185726114992,38.19663921581827,-3.1347819546683553,-8.940718488811578,35.09285106336653,36.97194614087557,2.4108603960002206,-8.845516910561882,-3.6742903241559466,5683.033333333334,False,True,False,79
2016-01-05,215737.84279871394,234642.08574813223,6150,2016,1,January,Tuesday,1,Weekday,Summer,-18904.242949418287,-8.762599414260471,35.07932403231121,38.15318467449305,-3.0738606421818346,-8.762599414260471,35.08714969964502,36.95793637834622,2.4209115160951065,-8.847341872084028,-3.7099108921832196,5704.533333333334,False,True,False,79
2016-01-06,98646.9826975288,91610.5600019723,2401,2016,1,January,Wednesday,1,Weekday,Summer,7036.4226955564955,7.132932506543624,41.08579037797951,38.15516868053824,2.9306216974412678,7.132932506543612,35.944335949956994,36.95588851486835,2.417268816635969,-6.562872038704901,-3.709574527384265,5711.3,False,False,False,79
2016-01-07,74401.21529302049,68988.86125910636,1808,2016,1,January,Thursday,1,Weekday,Summer,5412.354033914133,7.27455057366766,41.151114653219295,38.1575560061429,2.993558647076398,7.274550573667653,36.80537482287567,37.09824018791701,2.535532291927939,-4.273884049288395,-3.35400229868811,5665.233333333334,False,False,False,79
2016-01-08,106592.34299626794,99021.68292069217,2594,2016,1,January,Friday,1,Weekday,Summer,7570.660075575768,7.102442692193037,41.091882419532745,38.173355019542086,2.9185273999906585,7.102442692193037,37.6583319269792,37.233173277336554,2.638173429260875,-2.0055838423740795,-3.019163128322004,5624.566666666667,False,False,False,79
2016-01-09,134629.65819693016,124963.46551384707,3274,2016,1,January,Saturday,1,Weekend,Summer,9666.192683083093,7.179838983876661,41.12084856350952,38.16843784784577,2.9524107156637456,7.179838983876668,38.52020315770009,37.37410189814981,2.730676816349227,0.28604156276524567,-2.666153016259779,5613.366666666667,False,False,False,79
2016-01-10,90773.65305790915,84299.28823998044,2207,2016,1,January,Sunday,1,Weekend,Summer,6474.364817928712,7.1324273066309045,41.12988357857234,38.19632453102874,2.9335590475435964,7.132427306630911,39.38867155518208,37.515654966633186,2.813178123348117,2.5884105942628364,-2.3123014422449235,5479.366666666667,False,False,False,79
2016-01-11,121373.06822441636,112550.43230873269,2949,2016,1,January,Monday,1,Weekday,Summer,8822.63591568367,7.269022728642563,41.15736460644841,38.16562641869539,2.991738187753022,7.269022728642556,40.25945831879614,37.707744018650224,2.8597189816808255,4.904087911041998,-1.8087997369341762,5263.6,False,False,False,79
2016-01-12,99445.55710397917,92226.51809575803,2417,2016,1,January,Tuesday,1,Weekday,Summer,7219.039008221138,7.259287612691426,41.144210634662464,38.15743404872074,2.986776585941726,7.259287612691439,41.12587069056061,37.84651669838759,2.923538486401882,7.19292891489227,-1.459545900662603,5177.033333333334,False,False,False,79
2016-01-13,67587.54693007037,62760.35683146228,1644,2016,1,January,Wednesday,1,Weekday,Summer,4827.190098608087,7.142129457076689,41.111646551137696,38.175399532519634,2.9362470186180616,7.142129457076697,41.129564429583205,37.98796795551159,2.9767419034411384,7.194242764968421,-1.1056949171583563,5074.666666666667,False,False,False,79
2016-01-14,61685.93523841037,57191.43931779157,1499,2016,1,January,Thursday,1,Weekday,Summer,4494.4959206188,7.286095125652214,41.15139108633113,38.15306158625188,2.998329500079251,7.28609512565221,41.12960392002776,38.17771210684795,2.991370327834237,7.1958919866805005,-0.6078124396589936,4917.566666666667,False,False,False,79
2016-01-15,150006.92979182393,139244.8957677091,3648,2016,1,January,Friday,1,Weekday,Summer,10762.034024114837,7.174357904031589,41.120320666618404,38.17020169070973,2.950118975908673,7.174357904031589,41.13366652675428,38.36150983094005,2.9973228913494316,7.206165588371722,-0.1266180474542141,4819.666666666667,False,False,False,79
2016-01-16,191287.35348550288,177577.28721349483,4652,2016,1,January,Saturday,1,Weekend,Summer,13710.066272008058,7.1672622482317445,41.11937951107113,38.17224574666699,2.9471337644041427,7.167262248231751,41.133456662120224,38.554509485934744,2.981720277545429,7.20436891185102,0.38073437608734056,4773.033333333334,False,False,False,79
2016-01-17,92595.46083693915,86018.18960551938,2252,2016,1,January,Sunday,1,Weekend,Summer,6577.271231419771,7.103232892811412,41.116989714449,38.196354176518376,2.9206355379306217,7.103232892811401,41.131614681531175,38.74846069234629,2.9517085114481225,7.2001982813053775,0.8891285828157118,4589.766666666666,False,False,False,79
2016-01-18,96947.05428847916,89961.35950377268,2357,2016,1,January,Monday,1,Weekday,Summer,6985.694784706488,7.205680292172263,41.13154615548543,38.16773844029388,2.9638077151915496,7.205680292172258,41.12792633139361,38.93403000950941,2.919453834248557,7.191149361809621,1.3734253365198021,4352.0,False,False,False,79
2016-01-19,70512.8945004905,65453.27639155451,1715,2016,1,January,Tuesday,1,Weekday,Summer,5059.618108935989,7.175450879981665,41.11539037929475,38.16517573851575,2.950214640779002,7.175450879981665,41.12380915205536,39.12309783835395,2.8688231116417664,7.1791726857082265,1.8724952729220958,4263.1,False,False,False,79
2016-01-20,159590.49006920136,182351.1388452415,4776,2016,1,January,Wednesday,1,Weekday,Summer,-22760.64877604015,-14.261907940862088,33.41509423559493,38.18072421382779,-4.765629978232859,-14.261907940862075,40.024301678406395,39.060574368770155,2.9737457243401306,4.121453057431259,1.668399174944139,4149.1,True,True,True,80
2016-01-21,67046.27341580037,61894.26256053051,1628,2016,1,January,Thursday,1,Weekday,Summer,5152.010855269866,7.684261321011354,41.18321462887001,38.01858879639466,3.164625832475352,7.6842613210113635,40.028847898769094,39.25569828739499,2.9118912500691483,4.178333942482564,2.1925306649223044,3907.9333333333334,False,False,False,81
2016-01-22,266949.23879314214,294322.9271827347,7806,2016,1,January,Friday,1,Weekday,Summer,-27373.68838959257,-10.254267258204969,34.197955264302095,37.70470499394501,-3.5067497296429124,-10.254267258204969,39.03993855558105,39.02673719664882,3.0321395204407597,1.6885303478773417,1.6178474335799506,3950.3333333333335,True,True,True,82
2016-01-23,315272.2247721219,346093.067004291,9210,2016,1,January,Saturday,1,Weekend,Summer,-30820.842232169118,-9.775945931947021,34.23151191879716,37.577966015666775,-3.346454096869614,-9.775945931947032,38.05595747097048,38.79731890785372,3.12763277279145,-0.7319279635767678,1.055454037135156,3939.3333333333335,True,True,True,82
2016-01-24,149138.92151888515,163505.71301989807,4351,2016,1,January,Sunday,1,Weekend,Summer,-14366.791501012922,-9.633160381405657,34.27692979059645,37.57888141114642,-3.3019516205499713,-9.633160381405661,37.07880605327726,38.57083139423097,3.202388038523701,-3.122841288464921,0.5009057432421001,3975.8333333333335,True,True,True,82
2016-01-25,215171.03820177002,234621.5988597088,6278,2016,1,January,Monday,1,Weekday,Summer,-19450.560657938797,-9.039581172490154,34.27381940136509,37.37202912706416,-3.0982097256990713,-9.03958117249014,36.09913080268864,38.342561058192516,3.257862508214324,-5.443592926273837,-0.03807418673644746,4118.0,True,True,True,82
2016-01-26,205197.8983571688,221931.5800527438,5992,2016,1,January,Tuesday,1,Weekday,Summer,-16733.68169557501,-8.15489916297693,34.24531013971442,37.037980649656845,-2.7926705099424254,-8.15489916297693,35.11769076846288,38.11443315792571,3.298269323217313,-7.63364293241078,-0.545163081957838,4261.333333333333,True,True,True,82
2016-01-27,214452.24842869502,231730.23274989825,6265,2016,1,January,Wednesday,1,Weekday,Summer,-17277.98432120323,-8.056797934178865,34.230207251188354,36.988065881867236,-2.757858630678882,-8.05679793417885,35.23413548497622,37.884369433487244,3.321153408673464,-6.747198645741748,-1.0522935015014845,4362.366666666667,True,True,True,82
2016-01-28,195767.97355403757,210639.84818927525,5723,2016,1,January,Thursday,1,Weekday,Summer,-14871.874635237677,-7.596684158929914,34.207229347202095,36.80584452022982,-2.5986151730277243,-7.596684158929909,34.237566159023665,37.85396929244858,3.3513733510924584,-8.930190857161929,-1.0138554840123,4400.066666666667,True,True,True,82
2016-01-29,397984.32926288777,437198.92957971455,11900,2016,1,January,Friday,1,Weekday,Summer,-39214.60031682678,-9.853302613561866,33.44406128259561,36.73940584703484,-3.295344564439226,-9.853302613561867,34.129867018779876,37.79925511434192,3.4109983367963665,-8.872910193641486,-1.0470203602273533,4598.566666666667,True,True,True,82
2016-01-30,512603.10345302336,561872.2060329898,15345,2016,1,January,Saturday,1,Weekend,Summer,-49269.10257996642,-9.611549802971805,33.40522016637493,36.61597953945844,-3.210759373083512,-9.611549802971819,34.01182533986242,37.74196770179479,3.471378714584499,-8.849425032359312,-1.075793175251484,4801.2,True,True,True,82
2016-01-31,218104.06693917137,238662.19210478582,6525,2016,1,January,Sunday,1,Weekend,Summer,-20558.125165614445,-9.425833022796429,33.4259106420186,36.57658116548442,-3.15067052346582,-9.425833022796445,33.89025117577987,37.68545863350182,3.5288352647545835,-8.81980683827228,-1.0974656508044593,4912.733333333334,True,True,True,82
2016-02-01,339004.33688676247,371177.1868830317,10153,2016,2,February,Monday,1,Weekday,Summer,-32172.849996269215,-9.490394810794383,33.3895732184342,36.55837554250287,-3.168802324068672,-9.490394810794387,33.763930292504035,37.62885274250084,3.585113309072035,-8.884208786601453,-1.1184275160943182,5001.866666666667,True,True,True,82
2016-02-02,278116.3693275634,295645.6291087982,8116,2016,2,February,Tuesday,1,Weekday,Summer,-17529.25978123484,-6.302850789983171,34.267665023110325,36.42750481872822,-2.1598397956178914,-6.302850789983158,33.767123847274874,37.60275475006458,3.6073099777122613,-8.619630447602345,-1.0290506786320164,5115.933333333333,False,True,False,83
2016-02-03,264159.3006103735,280392.2735999451,7712,2016,2,February,Wednesday,1,Weekday,Summer,-16232.97298957163,-6.1451453543612855,34.253021344706106,36.357919294598695,-2.104897949892589,-6.145145354361292,33.770383003491695,37.57579355284978,3.6299074731102845,-8.34653722191412,-0.9358649074836733,5111.566666666667,False,True,False,83
2016-02-04,197778.1337405588,209372.29223082794,5759,2016,2,February,Thursday,1,Weekday,Summer,-11594.158490269125,-5.862204416125241,34.34244378200361,36.35566803799756,-2.013224255993947,-5.86220441612525,33.789699351320486,37.55123087783953,3.6498214909606017,-8.098754401513451,-0.8391850742124992,5098.533333333334,False,True,False,83
2016-02-05,325749.00890694687,345287.8114965794,9501,2016,2,February,Friday,1,Weekday,Summer,-19538.802589632513,-5.9981157441415105,34.2857603312227,36.34225991964839,-2.0564995884256945,-5.998115744141515,33.90994207255292,37.324563209614304,3.6338615854150165,-7.548013420167687,-1.2768866825686702,5335.2,False,True,False,83
2016-02-06,371561.97638721426,393884.43303565035,10840,2016,2,February,Saturday,1,Weekend,Summer,-22322.456648436084,-6.007734393460455,34.27693509107143,36.33620230956184,-2.0592672184904117,-6.007734393460448,34.034472776080996,37.09542389087604,3.6008329831961174,-7.033182647380352,-1.7196295148062741,5636.266666666666,False,True,False,83
2016-02-07,174581.6768458314,185040.81733893292,5089,2016,2,February,Sunday,1,Weekend,Summer,-10459.140493101528,-5.9909726393209795,34.305694015687045,36.36093875789604,-2.0552447422089912,-5.990972639320996,34.16015611517649,36.869217610747846,3.5539670917280257,-6.542488306883859,-2.156076692523408,5719.433333333333,False,False,False,83
2016-02-08,208489.36941933125,221372.8369468323,6087,2016,2,February,Monday,1,Weekday,Summer,-12883.467527501052,-6.179436181030767,34.251580321887836,36.36813486887339,-2.1165545469855545,-6.179436181030776,34.28329998709844,36.64024200269379,3.4913318520277756,-6.0694942169176285,-2.601385864686989,5813.2,False,True,False,83
2016-02-09,84495.16666764012,74682.26681809923,2053,2016,2,February,Tuesday,1,Weekday,Summer,9812.899849540889,11.613563516762698,41.15692482593284,36.37713921972686,4.779785606205984,11.613563516762692,35.267479958930224,36.64114337760581,3.4925342187256136,-3.510006458811076,-2.452014657682596,5808.066666666667,False,False,False,83
2016-02-10,76661.25003017939,66379.56360437386,1825,2016,2,February,Wednesday,1,Weekday,Summer,10281.686425805528,13.411842908585388,42.0061644000983,36.372363618834996,5.633800781263304,13.411842908585388,36.375071823986254,36.66943670406081,3.533579038480095,-0.7161509926758372,-2.2472539850178346,5770.6,False,False,False,83
2016-02-11,64034.940459509766,55491.33852937348,1525,2016,2,February,Thursday,1,Weekday,Summer,8543.601930136283,13.342093970616759,41.99012489148181,36.38776297008097,5.602361921400842,13.342093970616759,37.46759769676885,36.69763384595478,3.573665714389226,2.027320205430163,-2.0444937730869905,5740.866666666667,False,False,False,83
2016-02-12,148839.97486826516,129583.49206739766,3542,2016,2,February,Friday,1,Weekday,Summer,19256.482800867496,12.93770898437128,42.021449708714044,36.58483683438669,5.436612874327352,12.937708984371271,38.572696179267616,36.727960617874,3.6160248144080582,4.7324380237891335,-1.8513077888438374,5804.133333333333,False,False,False,83
2016-02-13,172541.50792952394,150538.9836831414,4105,2016,2,February,Saturday,1,Weekend,Summer,22002.524246382527,12.7520180566462,42.032036036424834,36.6721032114839,5.359932824940934,12.752018056646202,39.68056774288953,36.75731544954378,3.656520185047618,7.412402659518655,-1.6691103578107047,5891.0,False,False,False,83
2016-02-14,87991.66300211854,76378.50463806391,2094,2016,2,February,Sunday,1,Weekend,Summer,11613.15836405463,13.198021230460236,42.02085148143197,36.47493058169241,5.545920899739556,13.198021230460238,40.7827330951388,36.78733314337091,3.697044584915058,10.15368749805883,-1.4683215802630831,5839.2,False,False,False,83
2016-02-15,123445.38155042758,108669.22538125701,2940,2016,2,February,Monday,1,Weekday,Summer,14776.156169170572,11.969792618879382,41.98822501715224,36.962321558250686,5.025903458901553,11.969792618879376,41.88796805160514,36.816294660240274,3.735355352572281,12.746434469474565,-1.3082372345748285,5782.133333333333,False,False,False,83
2016-02-16,77344.6918736694,68269.24883841071,1841,2016,2,February,Tuesday,1,Weekday,Summer,9075.443035258693,11.733763255637538,42.01232584121097,37.08269898881625,4.929626852394726,11.733763255637534,42.010168196644884,36.84613919779901,3.774275677856808,12.763605860742398,-1.1538862224806243,5768.433333333333,False,False,False,83
2016-02-17,158963.02488179517,167521.52586053708,4529,2016,2,February,Wednesday,1,Weekday,Summer,-8558.500978741911,-5.383957046052696,35.09892357734493,36.98863454637604,-1.889710969031114,-5.383957046052698,41.02341950768011,36.64505177852766,3.6980167798013586,10.078491581508388,-1.5735408004214562,5840.833333333333,False,False,False,83
2016-02-18,69598.07115293965,61492.9683081792,1658,2016,2,February,Thursday,1,Weekday,Summer,8105.102844760448,11.645585445823246,41.97712373518676,37.08864192290664,4.888481812280119,11.645585445823233,41.02156219963797,36.673776223724055,3.737078087545672,9.8361332208236,-1.4245363148934038,5838.933333333333,False,False,False,83
2016-02-19,161275.60219880517,143446.35832758574,3841,2016,2,February,Friday,1,Weekday,Summer,17829.243871219427,11.055140162639875,41.98792038500525,37.346096935065276,4.641823449939977,11.05514016263989,41.016772296251,36.95953709537107,3.8064290801955476,9.567194817719113,-0.5806347114433382,5807.766666666666,False,False,False,83
2016-02-20,325215.07679238246,345446.00184870965,9260,2016,2,February,Saturday,1,Weekend,Summer,-20230.925056327193,-6.220783260070882,35.120418660084496,37.30518378495785,-2.1847651248733513,-6.220783260070895,40.02939838534523,36.75744389641155,3.7347197781334325,6.856794629616672,-1.0441361974794128,6062.166666666667,False,True,False,83
2016-02-21,96957.29584445807,86455.49437804356,2308,2016,2,February,Sunday,1,Weekend,Summer,10501.801466414516,10.831367949103937,42.00922696900263,37.459053023415755,4.550173945586877,10.831367949103935,40.027737740712475,37.017819619901566,3.8214106470869496,6.51870130370863,-0.3412816905691159,5878.9,False,False,False,83
2016-02-22,85224.4770912288,75960.71802194037,2028,2016,2,February,Monday,1,Weekday,Summer,9263.759069288426,10.869833861663954,42.02390389113846,37.455975355986375,4.567928535152085,10.869833861663954,40.0328347227105,37.27756601897961,3.8897102278690516,6.3615643383921405,0.34691096921791664,5639.5,False,False,False,83
2016-02-23,54612.87884153988,49071.80253789717,1301,2016,2,February,Tuesday,1,Weekday,Summer,5541.076303642709,10.146098175341073,41.977616327086764,37.718526162872536,4.2590901642142285,10.146098175341077,40.027876220692754,37.53425557019595,3.9386479975057456,6.1347550412069305,1.006219587776141,5537.833333333333,False,False,False,83
2016-02-24,81530.61238232465,81738.0564373136,2213,2016,2,February,Wednesday,1,Weekday,Summer,-207.44405498895503,-0.2544370131996306,36.84166849630576,36.93540733724067,-0.09373884093491114,-0.2544370131996347,40.27683978054431,37.619850540027315,3.892986316164645,6.867543617328797,1.2990577264191585,5402.333333333333,False,False,False,83
2016-02-25,160947.5326401876,162597.49684526818,4404,2016,2,February,Thursday,1,Weekday,Summer,-1649.964205080585,-1.025156569979377,36.5457612716139,36.920412544338824,-0.3746512727249254,-1.025156569979368,39.50093085717675,37.696532244423956,3.84660474385063,5.05743761507128,1.5367158128524103,5349.4,False,False,False,83
2016-02-26,188736.24741743514,183103.23368799078,4935,2016,2,February,Friday,1,Weekday,Summer,5633.013729444356,2.984595596512844,38.24442703494126,37.10298554974484,1.1414414851964239,2.9845955965128423,38.9661460928819,37.83033957054906,3.7912891144634084,3.904502677053133,1.9047622638754673,5305.066666666667,False,False,False,83
2016-02-27,215951.50786707396,210032.7880785589,5609,2016,2,February,Saturday,1,Weekend,Summer,5918.719788515067,2.7407633532979334,38.50089282707683,37.4456744657798,1.0552183612970296,2.7407633532979205,39.4490709738808,37.97346168654488,3.730353210191139,5.184723621820106,2.2493438476163954,5301.266666666666,False,True,False,83
2016-02-28,134995.8544959426,129938.7057703585,3452,2016,2,February,Sunday,1,Weekend,Summer,5057.148725584091,3.7461511277267316,39.106562716089975,37.64157177588601,1.4649909402039683,3.746151127726737,39.03440465203614,38.162211734328025,3.6353160922113394,4.172549790194791,2.7026589723260153,5019.666666666667,False,False,False,83
2016-02-29,163079.3780439676,160332.58940603075,4270,2016,2,February,Monday,1,Weekday,Summer,2746.788637936843,1.6843261673442764,38.191891813575545,37.548615785955676,0.6432760276198692,1.6843261673442758,38.486974355241436,38.32176745590139,3.5226280398126386,2.86033440529198,3.0791881713365514,4650.5,False,False,False,83
2016-03-01,180828.67409182637,182962.33699647625,4719,2016,3,March,Tuesday,1,Weekday,Autumn,-2133.6629046498856,-1.1799361552396237,38.319278256373465,38.771421274947286,-0.4521430185738211,-1.1799361552396104,37.96435463085381,38.48487970971321,3.3992431456444656,1.2423295009233093,3.3540514002551114,4590.3,False,True,False,83
2016-03-02,171196.17519446637,174428.68089167497,4451,2016,3,March,Wednesday,1,Weekday,Autumn,-3232.505697208602,-1.8881880354725866,38.4624073678873,39.188649941962474,-0.7262425740751723,-1.8881880354725804,38.195888755365466,38.65397418136165,3.260375129088195,1.0089364977414585,3.607458292765838,4400.233333333334,False,True,False,83
2016-03-03,129719.0505263338,131961.9325082891,3364,2016,3,March,Thursday,1,Weekday,Autumn,-2242.881981955288,-1.7290305262448469,38.56095437762598,39.22768505002648,-0.6667306724004973,-1.729030526244835,38.48377348479577,38.79708382651217,3.1536834896016868,0.9083830754178199,3.759918968223782,4241.833333333333,False,False,False,83
2016-03-04,142127.6420906126,144039.41368270025,3665,2016,3,March,Friday,1,Weekday,Autumn,-1911.7715920876653,-1.3451089203807571,38.779711348052544,39.30134070469311,-0.5216293566405668,-1.3451089203807653,38.56024267238309,38.947973493290384,3.0348245091752744,0.289853858718734,3.9199201826898,4106.933333333333,False,False,False,83
2016-03-05,152124.4078943276,153377.51203867735,3889,2016,3,March,Saturday,1,Weekend,Autumn,-1253.1041443497525,-0.8237364152767743,39.11658727033366,39.438804844092914,-0.32221757375925364,-0.8237364152767644,38.64819902141978,39.10711160956805,2.907495739172773,-0.2193603939347957,4.087869116051415,4044.6,False,False,False,83
2016-03-06,74132.78702307428,74332.27948422423,1882,2016,3,March,Sunday,1,Weekend,Autumn,-199.49246114994457,-0.26910152600609943,39.39042881141035,39.4964290564422,-0.10600024503185068,-0.2691015260060973,38.68875132075127,39.277267225574306,2.761300700530949,-0.7929679158966286,4.2788362566559295,3790.633333333333,False,False,False,83
2016-03-07,91143.02860770928,95167.52873204894,2405,2016,3,March,Monday,1,Weekday,Autumn,-4024.500124339669,-4.415587440770274,37.89730919239471,39.57069801748397,-1.673388825089262,-4.415587440770281,38.646668089154005,39.39794636228508,2.6102102194420014,-1.6643841456272788,4.3319078217456015,3509.4666666666667,False,False,False,83
2016-03-08,60528.093358145,62342.881166359926,1577,2016,3,March,Tuesday,1,Weekday,Autumn,-1814.7878082149255,-2.9982570200531806,38.381796676058975,39.53258158932145,-1.150784913262477,-2.9982570200531815,38.65559929196622,39.533816450964146,2.4362947424752046,-1.9241442691720727,4.431665009054528,3392.4,False,False,False,83
2016-03-09,38340.599611080244,35918.3351533292,913,2016,3,March,Wednesday,1,Weekday,Autumn,2422.2644577510437,6.317753197190534,41.99408500665963,39.341002358520484,2.653082648139147,6.3177531971905285,39.16012466893369,39.79189994045654,2.261241040930937,-0.7518669502201983,4.848237988328572,3219.9333333333334,False,False,False,83
2016-03-10,37453.006182510246,35108.20010653677,892,2016,3,March,Thursday,1,Weekday,Autumn,2344.8060759734726,6.260661866625934,41.987675092500275,39.35896872930132,2.6287063631989582,6.26066186662593,39.64965619963002,39.819591616008786,2.283510991675927,0.3895176773327705,4.669807933324013,3181.233333333333,False,False,False,83
2016-03-11,77997.04501286939,73051.67554254536,1855,2016,3,March,Friday,1,Weekday,Autumn,4945.369470324033,6.340457474392849,42.04692453523956,39.380957165792644,2.6659673694469177,6.340457474392849,40.11640094065674,39.82095028718016,2.2848685696554885,1.487455733729,4.434095085517595,3182.233333333333,False,False,False,83
2016-03-12,79752.28267802928,74962.81639703603,1897,2016,3,March,Saturday,1,Weekend,Autumn,4789.466280993249,6.005428459432277,42.04126656722682,39.516508380092795,2.524758187134026,6.0054284594322755,40.53421226878434,39.822655009704995,2.2865612320877466,2.463050715830293,4.1895395684781125,3194.633333333333,False,False,False,83
2016-03-13,37155.58848456025,34962.83050418418,883,2016,3,March,Sunday,1,Weekend,Autumn,2192.7579803760673,5.90155631981782,42.07880915578737,39.59550453474992,2.4833046210374476,5.901556319817817,40.91826660369533,39.824566991274104,2.2884863956320873,3.3445732652337097,3.9550011463263304,3106.0,False,False,False,83
2016-03-14,45046.51321443024,42368.045353504094,1071,2016,3,March,Monday,1,Weekday,Autumn,2678.4678609261464,5.946004850977286,42.06023642803944,39.5593327296957,2.500903698343741,5.946004850977287,41.51297049450172,39.825507004327925,2.2894299941346103,4.824800735483362,3.7281340394707,3004.866666666667,False,False,False,83
2016-03-15,55489.33275780024,52263.05698822664,1320,2016,3,March,Tuesday,1,Weekday,Autumn,3226.2757695736,5.814227004054354,42.03737330136382,39.59322499108079,2.4441483102830333,5.81422700405436,42.03519572668813,39.82605773165899,2.2899782206993775,6.083727024641581,3.4820075652571703,2979.0666666666666,False,False,False,83
2016-03-16,41893.30315800024,39495.45590150327,997,2016,3,March,Wednesday,1,Weekday,Autumn,2397.8472564969707,5.723700629318986,42.01936124172542,39.614298797896964,2.405062443828456,5.723700629318985,42.038806617411815,39.82709560581143,2.290998787521894,5.998862372088502,3.2738044989384907,2914.3,False,False,False,83
2016-03-17,34348.504189710126,32292.83760206842,817,2016,3,March,Thursday,1,Weekday,Autumn,2055.6665876417064,5.984733938596162,42.04223279034287,39.52611701599562,2.5161157743472558,5.9847339385961655,42.046600574246476,39.82809250411583,2.2919887437195725,5.959444096655678,3.082170188370445,2880.1666666666665,False,False,False,83
2016-03-18,78276.83121693452,73746.75871153858,1866,2016,3,March,Friday,1,Weekday,Autumn,4530.072505395932,5.787245644680479,41.9489985085394,39.52130691936687,2.4276915891725253,5.787245644680479,42.032611141860734,40.05642833515564,2.140836491592933,5.880413835268196,3.4545436113948838,2791.4,False,False,False,83
2016-03-19,92851.40266007879,87451.56617578123,2211,2016,3,March,Saturday,1,Weekend,Autumn,5399.836484297557,5.815568025467431,41.99520699234681,39.552947162271025,2.442259830075784,5.815568025467432,42.02603120259216,40.057031110394306,2.1413984037997054,5.853290916130361,3.2602096973830235,2809.8333333333335,False,False,False,83
2016-03-20,54845.78929827025,51625.51171778529,1304,2016,3,March,Sunday,1,Weekend,Autumn,3220.277580484959,5.871512875805256,42.059654369839144,39.59011634799485,2.4695380218442935,5.871512875805256,42.02329480459956,40.05942224322211,2.1436676723353796,5.848998995557138,3.0874221211552024,2725.266666666667,False,False,False,83
2016-03-21,48037.79990238025,45187.64157572069,1143,2016,3,March,Monday,1,Weekday,Autumn,2850.1583266595553,5.933157497744461,42.0278214369031,39.534244598180834,2.4935768387222694,5.9331574977444586,42.018664091580085,40.28966900244939,1.9577824672269235,5.84716365938102,3.4925534797490476,2454.7,False,False,False,83
2016-03-22,65905.72326216001,62023.88129770006,1573,2016,3,March,Tuesday,1,Weekday,Autumn,3881.841964459949,5.889992207533699,41.89810760467896,39.43031233165929,2.467795273019675,5.889992207533699,41.99876899205368,40.2859650236386,1.954519405020841,5.857987259878068,3.32784095503004,2430.2,False,False,False,83
2016-03-23,84870.05130086976,81472.82717598933,2065,2016,3,March,Wednesday,1,Weekday,Autumn,3397.224124880435,4.002853860470825,41.09929845078439,39.45415359612074,1.6451448546636485,4.0028538604708235,41.86733145049067,40.25514484229347,1.9333446120798699,5.6121520071854745,3.098941621656935,2431.4333333333334,False,False,False,83
2016-03-24,262459.5056813039,259298.45661843685,6588,2016,3,March,Thursday,1,Weekday,Autumn,3161.049062867067,1.2043949616766505,39.839026363282315,39.359207136981915,0.47981922630039975,1.2043949616766378,41.55258767519631,40.18385851016665,1.906889637702121,4.929246439054116,2.800884847868121,2607.6666666666665,False,True,False,83
2016-03-25,228124.39802927393,222208.35038080392,5652,2016,3,March,Friday,1,Weekday,Autumn,5916.047648470005,2.5933427987438815,40.36171231940445,39.31499475951945,1.0467175598849963,2.593342798743879,41.32583250531989,40.301193304269944,1.7994155075198612,4.472974603920316,2.895810841599572,2722.3,False,True,False,83
2016-03-26,162929.49214412636,161434.81509850454,4103,2016,3,March,Saturday,1,Weekend,Autumn,1494.677045621822,0.9173766062559383,39.70984453914851,39.34555571496576,0.36428882418275066,0.9173766062559408,40.99935215486298,40.40666274652109,1.65895374595196,3.773232972604389,2.960561947474082,2712.266666666667,False,True,False,83
2016-03-27,58359.83218482013,57681.56988493392,1466,2016,3,March,Sunday,1,Weekend,Autumn,678.2622998862134,1.1622074198880836,39.80888962129613,39.34622775234237,0.4626618689537594,1.1622074198880799,40.67781433364256,40.458811499399594,1.6125818136854133,3.1004750503305067,2.8998156749199233,2596.633333333333,False,False,False,83
2016-03-28,85605.33192059916,85022.38092018059,2162,2016,3,March,Monday,1,Weekday,Autumn,582.9510004185722,0.6809751067366601,39.59543567095243,39.325800610629315,0.2696350603231181,0.6809751067366707,40.330330652792455,40.49529626086211,1.5787841374602405,2.3501632801865355,2.831156066701214,2481.733333333333,False,False,False,83
2016-03-29,84836.41434212928,84595.21793480593,2155,2016,3,March,Tuesday,1,Weekday,Autumn,241.19640732335392,0.2843076398192105,39.36724563439874,39.25532154747375,0.11192408692499356,0.2843076398192189,39.96877894275242,40.50398569147241,1.5715780933293109,1.5493511990844657,2.7157612837709637,2438.5,False,False,False,83
2016-03-30,64308.91421652049,68427.59466606575,1746,2016,3,March,Wednesday,1,Weekday,Autumn,-4118.68044954526,-6.404524939852275,36.83213872652949,39.19106223715106,-2.3589235106215654,-6.404524939852265,39.3591846964303,40.458660588570865,1.6578020813269487,0.0625827990383087,2.4461329135310788,2354.366666666667,True,False,False,83
2016-03-31,131168.4855229476,138589.10006426295,3554,2016,3,March,Thursday,1,Weekday,Autumn,-7420.614541315357,-5.657315102580139,36.90728348985582,38.9952448126795,-2.0879613228236806,-5.657315102580142,38.940364285940795,40.41159409635362,1.7387053187494148,-0.9176614958555184,2.2968869486197283,2315.5333333333333,True,True,True,84
2016-04-01,232410.19797781546,245358.62998053385,6282,2016,4,April,Friday,2,Weekday,Autumn,-12948.432002718386,-5.571369980913818,36.99621107574267,39.05740687369211,-2.0611957979494377,-5.571369980913811,38.45957839398911,40.362720886615456,1.8143455544167524,-2.0840490358066184,2.1741142171050205,2376.5666666666666,True,True,True,84
2016-04-02,195831.0974571179,205442.82809681172,5259,2016,4,April,Saturday,2,Weekend,Autumn,-9611.730639693822,-4.908173811260262,37.237326004395875,39.06499868735724,-1.8276726829613636,-4.908173811260257,38.10636146045302,40.31859994084113,1.8747595231106788,-2.9162705240232185,2.0681427742711733,2439.733333333333,True,True,True,84
2016-04-03,90716.54788913988,95543.13364619676,2446,2016,4,April,Sunday,2,Weekend,Autumn,-4826.585757056877,-5.320513036888489,37.087713773156125,39.06097041954079,-1.9732566463846624,-5.320513036888498,37.71762205357588,40.26220002167791,1.946721325153431,-3.8423734464198716,1.9356293037209156,2399.1,True,True,True,84
2016-04-04,131638.01960717636,130700.18894200736,3345,2016,4,April,Monday,2,Weekday,Autumn,937.8306651690073,0.7124314601264942,39.353668043998915,39.07330013213972,0.2803679118591944,0.7124314601264926,37.68308382115395,40.270102714133415,1.9423867456301251,-3.8378796816498952,1.986834899567691,2380.9666666666667,False,True,False,85
2016-04-05,81910.87261898941,79969.51054529301,2048,2016,4,April,Tuesday,2,Weekday,Autumn,1941.362073696393,2.3700908214306176,39.99554327099092,39.047612570943855,0.9479307000470669,2.3700908214306176,37.77284062638141,40.290273196119436,1.9360684752136585,-3.539910655705409,2.0748079778155817,2386.5,False,False,False,85
2016-04-06,54821.90851370989,50800.008514759305,1303,2016,4,April,Wednesday,2,Weekday,Autumn,4021.899998950583,7.3363005922071896,42.073605919961544,38.986959719692486,3.0866462002690582,7.3363005922071896,38.52162165401455,40.42948308703833,1.9080147667114622,-1.5769355796969136,2.4665375789148305,2349.766666666667,False,False,False,85
2016-04-07,155615.4194144664,171592.12587915736,4413,2016,4,April,Thursday,2,Weekday,Autumn,-15976.706464690971,-10.266788808465426,35.262954773275865,38.88332786747278,-3.620373094196914,-10.266788808465433,38.28671755164599,40.3255216902789,2.0988572109635455,-2.235431823394812,2.2242531859677555,2444.3,True,True,True,86
2016-04-08,264086.89378035,291378.5798027745,7494,2016,4,April,Friday,2,Weekday,Autumn,-27291.68602242449,-10.334358374150861,35.2397776595076,38.88158257309507,-3.641804913587471,-10.334358374150868,38.03579849218384,40.100378112040495,2.2690636535310422,-2.91585873671439,1.6691828002563758,2663.6666666666665,True,True,True,86
2016-04-09,272761.2975426888,298164.41609707446,7738,2016,4,April,Saturday,2,Weekend,Autumn,-25403.11855438567,-9.313314895933845,35.24958613888457,38.532491095512334,-3.2829049566277675,-9.313314895933843,37.75183565425365,39.87577514691997,2.405208028608848,-3.545164605953473,1.1500502415043832,2891.866666666667,True,True,True,86
2016-04-10,104689.42791845855,113609.3042530743,2958,2016,4,April,Sunday,2,Weekend,Autumn,-8919.87633461575,-8.520321977080002,35.3919634612774,38.40747270218874,-3.015509240911342,-8.520321977080002,37.50958560969955,39.65394311112123,2.5029647122228917,-4.0022801688379745,0.654690926455288,2928.633333333333,True,True,True,86
2016-04-11,131170.59693377637,142022.81259344588,3713,2016,4,April,Monday,2,Weekday,Autumn,-10852.215659669513,-8.273359970411992,35.327389424663714,38.2501515199154,-2.9227620952516844,-8.273359970411985,36.93440294979452,39.43014720636913,2.5810807244425193,-5.285964658914901,0.17873131212714585,2989.1666666666665,True,True,True,86
2016-04-12,123179.48940038879,132714.9602041004,3504,2016,4,April,Tuesday,2,Weekday,Autumn,-9535.470803711622,-7.741118955865329,35.15396386997397,37.875274030850576,-2.7213101608766053,-7.741118955865332,36.24274874964924,39.19931903017535,2.644899045547437,-6.730423198528608,-0.2760245303956258,3076.5333333333333,True,True,True,86
2016-04-13,124431.0463716888,132889.05689693728,3534,2016,4,April,Wednesday,2,Weekday,Autumn,-8458.01052524848,-6.797347424037165,35.209690540941935,37.60301553393811,-2.3933249929961775,-6.797347424037175,35.26218940978929,38.97096750060543,2.684805215858896,-8.749515772277801,-0.7008029395627741,3158.633333333333,True,True,True,86
2016-04-14,162166.83599087514,172225.65270563864,4601,2016,4,April,Thursday,2,Weekday,Autumn,-10058.816714763496,-6.202758198556386,35.24599782457621,37.432221844303115,-2.1862240197269074,-6.202758198556389,35.25976698854649,38.74458831804584,2.7035884256854876,-8.168939970862224,-1.1013691129831322,3268.0,True,True,True,86
2016-04-15,354042.0232398288,373200.30598406313,10045,2016,4,April,Friday,2,Weekday,Autumn,-19158.28274423431,-5.411301903914511,35.245597136866984,37.1528428057803,-1.907245668913319,-5.411301903914504,35.26059834245497,38.518796181217226,2.703520436726972,-7.465646189399888,-1.4725358640909154,3569.6,True,True,True,86
2016-04-16,327352.26139595883,345338.62806920626,9301,2016,4,April,Saturday,2,Weekend,Autumn,-17986.366673247423,-5.494498983005793,35.19538344220609,37.12919342750309,-1.9338099852970032,-5.494498983005794,35.252855100072324,38.290567869612666,2.6847556983250294,-6.920101058981595,-1.8551769614776472,3852.4,True,True,True,86
2016-04-17,164809.30304825393,175167.42875982972,4678,2016,4,April,Sunday,2,Weekend,Autumn,-10358.12571157579,-6.284915669198038,35.230718907279595,37.444939880254324,-2.2142209729747293,-6.284915669198032,35.229820163786925,38.06662521623734,2.6490306177752094,-6.600757300712743,-2.257582338606931,3946.133333333333,True,True,True,86
2016-04-18,151157.79430871515,159828.76503430534,4294,2016,4,April,Monday,2,Weekday,Autumn,-8670.970725590189,-5.736370238296243,35.20209462243017,37.22141710160814,-2.0193224791779727,-5.736370238296261,35.21192090632499,37.840188137240126,2.5913456857748987,-6.23833019612478,-2.642646947399053,4015.5666666666666,True,True,True,86
2016-04-19,126895.93649753758,133726.28056152482,3606,2016,4,April,Tuesday,2,Weekday,Autumn,-6830.344063987242,-5.382634190275892,35.19022088118069,37.084381741964734,-1.8941608607840408,-5.382634190275899,35.21710047935452,37.611207020951504,2.5077986091252393,-5.901403801040574,-3.017785182935092,4092.3,False,False,False,87
2016-04-20,166395.44582884014,179020.54245850776,4838,2016,4,April,Wednesday,2,Weekday,Autumn,-12625.09662966762,-7.587405152094254,34.39343650864823,37.003005882287674,-2.609569373639445,-7.587405152094264,35.100492760455424,37.35672752334301,2.4303209081671087,-6.014269190763016,-3.4684706045963827,4215.466666666666,True,True,True,88
2016-04-21,167796.35478000136,182485.09893705396,4914,2016,4,April,Thursday,2,Weekday,Autumn,-14688.744157052599,-8.753911356603119,34.14659234432262,37.13575476944525,-2.989162425122629,-8.753911356603119,34.94343483470491,37.09834368133114,2.3412736020762908,-6.378719641912548,-3.956600723400943,4326.833333333333,True,True,True,88
2016-04-22,351146.0169992443,380098.15640387445,10269,2016,4,April,Friday,2,Weekday,Autumn,-28952.139404630172,-8.245042803573217,34.19476258635157,37.0141353981765,-2.819372811824927,-8.245042803573217,34.793315613202715,36.86819248585004,2.2727725528910545,-6.78353977043522,-4.3648639455357445,4600.3,True,True,True,88
2016-04-23,420738.8217596446,455415.3493280298,12317,2016,4,April,Saturday,2,Weekend,Autumn,-34676.52756838518,-8.24181791054091,34.15919637571199,36.974535140702265,-2.8153387649902726,-8.241817910540911,34.64528888941784,36.67886481959769,2.253249104486918,-7.1760139029402366,-4.679737707942996,4791.266666666666,True,True,True,88
2016-04-24,186166.15078643878,202391.17869529044,5453,2016,4,April,Sunday,2,Weekend,Autumn,-16225.027908851655,-8.715348005161399,34.14013401548483,37.11556550436281,-2.9754314888779803,-8.715348005161383,34.489491047732876,36.4714788761337,2.1879634270235733,-7.523218522363574,-5.056694068073172,4784.633333333333,True,True,True,88
2016-04-25,251449.52963919108,273255.0985307931,7372,2016,4,April,Monday,2,Weekday,Autumn,-21805.568891602015,-8.671946582239057,34.10872621258696,37.06661672962468,-2.9578905170377183,-8.671946582239075,34.33329556061242,36.28477493191499,2.1405620586408567,-7.942586571498262,-5.376338174356339,4893.6,True,True,True,88
2016-04-26,280321.8107467659,302469.8319752347,8211,2016,4,April,Tuesday,2,Weekday,Autumn,-22148.021228468744,-7.900926855982885,34.13978939797417,36.83714918709471,-2.69735978912054,-7.900926855982888,34.18323392015434,36.095804924470926,2.067719554830243,-8.30234266659926,-5.678442650218704,5118.433333333333,False,True,False,89
2016-04-27,313434.9333136646,337931.1169661971,9182,2016,4,April,Wednesday,2,Weekday,Autumn,-24496.18365253252,-7.815396769452749,34.13580192917279,36.803650290372154,-2.6678483611993613,-7.815396769452754,34.14642898022928,35.91381713307827,1.987799600136444,-8.334912897650474,-5.961655046091685,5352.433333333333,False,True,False,89
2016-04-28,257324.60308093973,276852.1799425774,7520,2016,4,April,Thursday,2,Weekday,Autumn,-19527.576861637644,-7.5886940571692545,34.218697218210075,36.815449460449116,-2.5967522422390417,-7.588694057169233,34.15672967649891,35.74219885253864,1.899661933121408,-8.168453283445638,-6.224088435991301,5531.266666666666,False,True,False,89
2016-04-29,455554.3360482295,489215.06753789564,13321,2016,4,April,Friday,2,Weekday,Autumn,-33660.731489666156,-7.38896083871376,34.19820854652274,36.72510078356697,-2.5268922370442297,-7.388960838713767,34.157221956523365,35.65440117987176,1.9083973465816044,-8.046155859894286,-6.2569029659533495,5917.1,False,True,False,89
2016-04-30,556865.2032750524,598925.6678887007,16276,2016,4,April,Saturday,2,Weekend,Autumn,-42060.464613648364,-7.553078261360397,34.21388567676655,36.798087238185104,-2.5842015614185527,-7.553078261360397,34.16503471381687,35.56462125276878,1.9107769706321711,-7.947764481439927,-6.320095071246026,6341.166666666667,False,True,False,89
2016-05-01,354856.0449220869,380511.1591581091,10388,2016,5,May,Sunday,2,Weekend,Autumn,-25655.11423602223,-7.2297244483055465,34.16018915306959,36.62987669985648,-2.4696875467868935,-7.229724448305552,34.16789973347184,35.47008718867968,1.9076603266709706,-7.735532544746235,-6.375373553492417,6478.033333333334,False,True,False,89
2016-05-02,283284.5812539708,304997.8518168963,8298,2016,5,May,Monday,2,Weekday,Autumn,-21713.270562925492,-7.664826114718568,34.13889868088344,36.75558590225311,-2.6166872213696664,-7.664826114718566,34.17221008608563,35.366806277895925,1.892496901580151,-7.591658192243307,-6.467261963607693,6579.333333333333,False,True,False,89
2016-05-03,297500.67396872584,319786.3594685611,8717,2016,5,May,Tuesday,2,Weekday,Autumn,-22285.685499835236,-7.490969752282972,34.12879132370378,36.68536875858221,-2.5565774348784274,-7.490969752282978,34.170638932618424,35.26817552958085,1.8767553515391069,-7.533092891714747,-6.539610520787509,6788.366666666667,False,True,False,89
2016-05-04,285968.4877825197,305506.9982349475,8364,2016,5,May,Wednesday,2,Weekday,Autumn,-19538.510452427785,-6.832399822768902,34.190397869741716,36.52642255319793,-2.336024683456216,-6.832399822768904,34.1784383526997,35.09606652377228,1.7193204264823214,-7.392664756474198,-6.791104896884023,6955.666666666667,False,True,False,89
2016-05-05,237946.63267226366,254527.4155055261,6968,2016,5,May,Thursday,2,Weekday,Autumn,-16580.782833262434,-6.968277990342488,34.14848344894714,36.52804470515587,-2.3795612562087314,-6.968277990342489,34.16840781423357,34.90116452970415,1.4560131773639933,-7.304033889784661,-7.102383857276459,7119.666666666667,False,False,False,89
2016-05-06,340851.5058648595,364361.03286413854,9973,2016,5,May,Friday,2,Weekday,Autumn,-23509.52699927904,-6.897292983825067,34.177429646531586,36.53474710359356,-2.357317457061974,-6.897292983825075,34.165439399949115,34.63795865392316,0.5407789241757256,-7.233795624800562,-7.5768369764775345,7408.666666666667,False,True,False,89
2016-05-07,388187.60143352806,414644.62349081144,11363,2016,5,May,Saturday,2,Weekend,Autumn,-26457.02205728338,-6.815524751326657,34.16242202178369,36.490770350331026,-2.328348328547335,-6.815524751326654,34.15808744923728,34.601274228873415,0.5342076319898884,-7.128430837652885,-7.461794841239575,7640.333333333333,False,True,False,89
2016-05-08,139178.98405924515,148731.09052730413,4074,2016,5,May,Sunday,2,Weekend,Autumn,-9552.106468058977,-6.863181630922723,34.16273540973126,36.50738599099267,-2.344650581261405,-6.863181630922713,34.15845120018894,34.56537282054753,0.5259447446912169,-7.076067578026766,-7.346088949798638,7526.333333333333,False,False,False,89
2016-05-09,66400.30304726951,57741.73890751255,1579,2016,5,May,Monday,2,Weekday,Autumn,8658.564139756963,13.039946720714578,42.05212352581983,36.56854902312384,5.483574502695987,13.039946720714578,35.288911892322716,34.79212406677871,1.462905974156521,-4.118242887250603,-6.6009802292436905,7321.033333333334,False,False,False,89
2016-05-10,42723.52445781024,37112.98505699026,1016,2016,5,May,Tuesday,2,Weekday,Autumn,5610.53940081998,13.132201689868598,42.05071304902583,36.52852859939986,5.522184449625968,13.132201689868605,36.42061499594015,35.014082386370326,1.9732003116973127,-1.1720755383718071,-5.879229440345403,7256.3,False,False,False,89
2016-05-11,35014.39948113025,30393.74011981647,832,2016,5,May,Wednesday,2,Weekday,Autumn,4620.6593613137775,13.196454686603767,42.08461476097386,36.53093764401018,5.5536771169636765,13.19645468660377,37.54836026611617,35.239323230913996,2.358289329233613,1.689189391538574,-5.1635689517782115,7160.266666666666,False,False,False,89
2016-05-12,27210.406631640122,23570.159155417456,647,2016,5,May,Thursday,2,Weekday,Autumn,3640.2474762226666,13.378144345662976,42.05626990979926,36.429921414864694,5.626348494934568,13.378144345662973,38.6780440462379,35.469400098908174,2.6662626762077615,4.595821153825069,-4.459593508393935,7065.033333333334,False,False,False,89
2016-05-13,79840.0882456494,69078.71414454262,1898,2016,5,May,Friday,2,Weekday,Autumn,10761.374101106776,13.478660078626827,42.065378422365335,36.395529054026674,5.66984936833866,13.478660078626827,39.80489387135701,35.697923028288955,2.924524967079392,7.506671591318197,-3.7837265916384686,7010.5,False,False,False,89
2016-05-14,82484.44829204916,71426.0116447103,1961,2016,5,May,Saturday,2,Weekend,Autumn,11058.43664733885,13.406692869163308,42.06244176035143,36.42325938027042,5.63918238008101,13.40669286916332,40.933468119723834,35.925137826148124,3.1447087885519833,10.395559822816763,-3.1300782227144786,6922.5,False,False,False,89
2016-05-15,51497.23733643001,44611.939679509764,1224,2016,5,May,Sunday,2,Weekend,Autumn,6885.297656920244,13.370227245276844,42.07290632061275,36.44766313685438,5.625243183758371,13.370227245276848,42.06349253556404,36.15271479893965,3.335111801547798,13.286046805130988,-2.5040272510747665,6628.466666666666,False,False,False,89
2016-05-16,42871.83286680037,37139.30825688985,1019,2016,5,May,Monday,2,Weekday,Autumn,5732.524609910513,13.371307514938879,42.07245619901901,36.44681870156021,5.625637497458797,13.371307514938879,42.06639720316392,36.38195055750008,3.499342475493622,13.333384061448744,-1.8751670344766107,6352.4,False,False,False,89
2016-05-17,39104.63910246025,33890.36043249631,930,2016,5,May,Tuesday,2,Weekday,Autumn,5214.27866996394,13.334169013302278,42.04799903490349,36.44124777687775,5.606751258025739,13.334169013302269,42.06600948686073,36.60919322842088,3.6405102387469426,13.362236536224986,-1.2211975450599335,6227.466666666666,False,False,False,89
2016-05-18,34406.750005710244,29884.330589367586,818,2016,5,May,Wednesday,2,Weekday,Autumn,4522.419416342658,13.143988942844368,42.062041571772916,36.533411478444485,5.528630093328431,13.143988942844361,42.06278474554631,36.83785812673231,3.7624786797482264,13.354741429973641,-0.5918522390219131,6111.6,False,False,False,89
2016-05-19,39403.658560350246,34229.631915798505,937,2016,5,May,Thursday,2,Weekday,Autumn,5174.026644551741,13.130828033714822,42.0529973963183,36.53109062518517,5.521906771133125,13.130828033714817,42.062317243620456,37.06661734390356,3.8660510654362454,13.319410528266761,0.025263168444444043,6022.633333333333,False,False,False,89
2016-05-20,96830.90242373844,83926.00349883473,2302,2016,5,May,Friday,2,Weekday,Autumn,12904.898924903711,13.327252562855419,42.06381512760141,36.45786424797338,5.6059508796280255,13.32725256285542,42.06209391579705,37.32229663120199,3.9361678692347004,13.29778088315656,0.722418425609433,5938.1,False,False,False,89
2016-05-21,99380.3945973283,86179.5133871843,2363,2016,5,May,Saturday,2,Weekend,Autumn,13200.881210143998,13.283184539195709,42.05687456509873,36.470382305198605,5.586492259900126,13.283184539195705,42.06129860218952,37.58597270522787,3.980792182828116,13.280136836018333,1.4569882888027272,5853.066666666667,False,False,False,89
2016-05-22,61656.18133406976,53463.73455783506,1466,2016,5,May,Sunday,2,Weekend,Autumn,8192.446776234705,13.287308099484504,42.057422465259044,36.46912316359827,5.588299301660776,13.287308099484493,42.05908662285327,37.84806136785812,4.008556918758314,13.268291243762283,2.1747333189046514,5559.633333333333,False,False,False,89
2016-05-23,69163.55736557952,59948.43870753554,1644,2016,5,May,Monday,2,Weekday,Autumn,9215.118658043975,13.323662068646058,42.07029036835737,36.464987048379285,5.605303319978084,13.323662068646053,42.05877721847304,38.11176450094629,4.017722124783139,13.261484751434738,2.8935826515442167,5203.866666666667,False,False,False,89
2016-05-24,113112.86502110964,117414.69892968478,3224,2016,5,May,Tuesday,2,Weekday,Autumn,-4301.833908575136,-3.8031340712414172,35.08463555245336,36.41895128091959,-1.3343157284662297,-3.803134071241407,41.06401100669445,38.14324788551191,3.9891255888280184,10.813298596499923,3.057323116008216,5129.566666666667,False,False,False,89
2016-05-25,253686.30245358607,268974.57069396524,7392,2016,5,May,Wednesday,2,Weekday,Autumn,-15288.26824037917,-6.026446084205228,34.31903442283362,36.38725252894552,-2.0682181061118996,-6.026446084205225,39.95786712827454,38.1502581591868,3.981969427395023,8.074665021207126,3.145506465942677,5130.233333333334,False,True,False,89
2016-05-26,210305.29194403623,223289.08457385484,6138,2016,5,May,Thursday,2,Weekday,Autumn,-12983.792629818607,-6.173783127280358,34.26283674552562,36.378149979448494,-2.115313233922876,-6.173783127280362,38.84498703530416,38.15435973743852,3.9777571915588883,5.316863426779243,3.2030779235660947,5061.133333333333,False,True,False,89
2016-05-27,364087.4242999305,386499.8964291865,10624,2016,5,May,Friday,2,Weekday,Autumn,-22412.472129256,-6.155794084992316,34.27027713666514,36.379884829554456,-2.1096076928893126,-6.1557940849923325,37.73162446517041,38.15884224435493,3.973145648493597,2.5335710485152805,3.2583980130481094,5109.2,False,True,False,89
2016-05-28,397480.3694745255,421674.1018697652,11590,2016,5,May,Saturday,2,Weekend,Autumn,-24193.7323952397,-6.086774153708306,34.29511384594698,36.38257997150692,-2.087466125559942,-6.086774153708314,36.62280150529159,38.16138946527949,3.9705561307677404,-0.23356590761386453,3.308462009830141,5244.866666666667,False,True,False,89
2016-05-29,204028.17675735243,216777.31572566376,5959,2016,5,May,Sunday,2,Weekend,Autumn,-12749.138968311338,-6.248714844652899,34.23866030497607,36.378136554063396,-2.1394762490873234,-6.248714844652911,35.505835482394026,38.16273785722794,3.9691704603894307,-3.024426328204922,3.346470209632169,4999.466666666666,False,True,False,89
2016-05-30,172797.9351344664,183715.80719950752,5048,2016,5,May,Monday,2,Weekday,Autumn,-10917.872065041127,-6.318288500696003,34.230969717604275,36.3937811409484,-2.162811423344124,-6.318288500696008,34.38593253228644,38.163307325255865,3.9685855536260117,-5.83041926668236,3.3876298683209827,4625.2,False,True,False,89
2016-05-31,258970.65411018487,274386.0154347705,7542,2016,5,May,Tuesday,2,Weekday,Autumn,-15415.361324585625,-5.952551410719615,34.33713260543422,36.38106807673966,-2.0439354713054385,-5.952551410719612,34.279146396997994,38.169205440334686,3.962557872307913,-6.137478886607816,3.4302023029071806,4530.333333333333,False,True,False,89
2016-06-01,368789.5726219706,391923.65961429186,10761,2016,6,June,Wednesday,2,Weekday,Winter,-23134.086992321245,-6.272977521529587,34.27093881813685,36.42074710661573,-2.14980828847888,-6.272977521529581,34.27227559632702,38.173606778243126,3.957997624973128,-6.172697663368439,3.4765972560134792,4612.433333333333,False,True,False,89
2016-06-02,278071.38656924595,295548.24164090335,8120,2016,6,June,Thursday,2,Weekday,Winter,-17476.855071657395,-6.2850246072712235,34.24524465138497,36.397566704544744,-2.1523220531597715,-6.285024607271204,34.26976244002122,38.177488555832504,3.9539489456178827,-6.1885893033671335,3.5167954275138715,4592.533333333334,False,True,False,89
2016-06-03,373959.36203922686,396324.1786662704,10896,2016,6,June,Friday,2,Weekday,Winter,-22364.816627043532,-5.980547326074846,34.320793138695564,36.373364415039504,-2.05257127634394,-5.980547326074856,34.27697901173985,38.18183506479763,3.9494840182819773,-6.16355405209321,3.5451905107370068,4676.933333333333,False,True,False,89
2016-06-04,402057.2528885355,426466.1321765913,11726,2016,6,June,Saturday,2,Weekend,Winter,-24408.879288055818,-6.070995887449597,34.28767293949646,36.36927615355546,-2.081603214059001,-6.070995887449604,34.27591602510406,38.18647471448261,3.944661271764698,-6.161300014056252,3.5750999141667696,4835.533333333334,False,True,False,89
2016-06-05,205719.45323581624,218408.1820732757,6007,2016,6,June,Sunday,2,Weekend,Winter,-12688.728837459465,-6.167977134818831,34.24662114796342,36.35894490981783,-2.1123237618544124,-6.167977134818827,34.27705328838796,38.18878109786367,3.9422559098622476,-6.149766055508527,3.5994104424669775,4703.333333333333,False,True,False,89
2016-06-06,177626.95012448638,188629.75422590197,5185,2016,6,June,Monday,2,Weekday,Winter,-11002.80410141559,-6.194332613212404,34.25784959006487,36.37989473980752,-2.1220451497426467,-6.194332613212423,34.28089327016805,38.19196201680638,3.9389322011331465,-6.132058071582299,3.6201168470707854,4497.4,False,True,False,89
2016-06-07,70441.9074122394,60910.748400180244,1675,2016,6,June,Tuesday,2,Weekday,Winter,9531.15901205915,13.530523749564304,42.05487009685934,36.36462591055537,5.690244186303971,13.530523749564308,35.38342719751449,38.45503317304398,3.924070803497713,-3.348761620113168,4.299907026420353,4417.433333333333,False,False,False,89
2016-06-08,162923.84958070016,173292.68113445412,4765,2016,6,June,Wednesday,2,Weekday,Winter,-10368.83155375396,-6.364219591201118,34.1917837525079,36.367823952666136,-2.1760402001582335,-6.364219591201133,35.37211933099608,38.19302184726691,3.9380038573107674,-3.3617962014948146,3.6531014826898303,4523.633333333333,True,True,True,90
2016-06-09,138752.5276097676,143791.47808201626,3953,2016,6,June,Thursday,2,Weekday,Winter,-5038.95047224866,-3.6316098589716352,35.1005635238471,36.375279049333734,-1.2747155254866342,-3.6316098589716392,35.49430774134781,37.961350196427624,3.907551140202002,-2.982736951737731,3.0943077643951558,4621.533333333334,False,False,False,91
2016-06-10,252458.26223048882,261502.381778564,7190,2016,6,June,Friday,2,Weekday,Winter,-9044.119548075192,-3.582421691478693,35.11241477475505,36.37028953804785,-1.2578747632927971,-3.582421691478701,35.60739654649916,37.728943530220334,3.8609202855877114,-2.6401475753668513,2.5350118851257406,4833.466666666666,False,True,False,91
2016-06-11,293917.852481117,311853.52053473576,8577,2016,6,June,Saturday,2,Weekend,Winter,-17935.66805361875,-6.102272421431441,34.26814183060709,36.35927719887324,-2.091135368266144,-6.10227242143143,35.604606388086395,37.46933926091392,3.8215542135574574,-2.644615651649972,1.8856646595559268,5097.8,False,True,False,91
2016-06-12,138350.12182847515,143346.67460602426,3943,2016,6,June,Sunday,2,Weekend,Winter,-4996.552777549106,-3.611527558858078,35.087527727231844,36.35472346082279,-1.2671957335909454,-3.611527558858072,35.724735899410454,37.236744237742805,3.74373250256402,-2.2794085693698647,1.31599173830643,5165.966666666666,False,False,False,91
2016-06-13,130067.27556419636,134950.56648943006,3707,2016,6,June,Monday,2,Weekday,Winter,-4883.290925233698,-3.7544346985445136,35.08693702837776,36.40425316682764,-1.3173161384498755,-3.7544346985445065,35.84317696202658,37.004227413343685,3.649104050267793,-1.930851724417309,0.743954152716169,5224.166666666667,False,False,False,91
2016-06-14,107168.66107649941,111173.15847846522,3054,2016,6,June,Tuesday,2,Weekday,Winter,-4004.497401965811,-3.736630990572244,35.09124462229843,36.40247494383275,-1.3112303215343175,-3.7366309905722392,34.848373322803596,36.77150535673321,3.5355634645579666,-4.397588115865387,0.1737255448545328,5285.166666666667,False,False,False,91
2016-06-15,224030.55444808622,237934.73415063298,6541,2016,6,June,Wednesday,2,Weekday,Winter,-13904.179702546768,-6.206376508240412,34.250199426400584,36.3758957576262,-2.125696331225619,-6.206376508240414,34.85671841907398,36.510763464312596,3.417618524916433,-4.375039104013858,-0.4788639225847769,5469.233333333334,False,True,False,91
2016-06-16,201918.22207274396,209095.56974137688,5749,2016,6,June,Thursday,2,Weekday,Winter,-7177.347668632923,-3.55458145132002,35.12232076408836,36.37077226324176,-1.2484514991534041,-3.5545814513200185,34.8598265962513,36.27990752195208,3.2610096620187212,-4.364035045777913,-1.0418222714055203,5629.866666666667,False,True,False,91
2016-06-17,329344.26830316125,341253.32963499136,9385,2016,6,June,Friday,2,Weekday,Winter,-11909.061331830104,-3.6159916773981378,35.09262315430594,36.36156948694634,-1.2689463326403967,-3.6159916773981435,34.85699922190143,36.04759357470319,3.078002113746308,-4.368830758052119,-1.6004882920802705,5915.433333333333,False,True,False,91
2016-06-18,308642.9772240819,327672.04148404143,9012,2016,6,June,Saturday,2,Weekend,Winter,-19029.06425995956,-6.165396806078637,34.24800013582799,36.35952524234814,-2.1115251065201477,-6.165396806078641,34.85412183693298,35.787426999353514,2.8761317138756453,-4.3778485272874335,-2.2436957867400524,6184.6,False,True,False,91
2016-06-19,134472.40662827637,139385.87617680742,3831,2016,6,June,Sunday,2,Weekend,Winter,-4913.469548531051,-3.653886824613329,35.10112415251275,36.38367950321258,-1.2825553506998304,-3.653886824613329,34.85606418340169,35.555337300183886,2.6218831757992147,-4.383899850966754,-2.8097337663223443,6235.566666666667,False,False,False,91
2016-06-20,143809.72058396638,148953.9108532149,4097,2016,6,June,Monday,2,Weekday,Winter,-5144.190269248531,-3.577081054298402,35.101225429330334,36.35682471398948,-1.255599284659148,-3.577081054298401,34.85810538353777,35.323482328991616,2.3169346514441016,-4.358563616074453,-3.371742619438814,6293.366666666667,False,False,False,91
2016-06-21,123252.15105584757,127533.0092765032,3509,2016,6,June,Tuesday,2,Weekday,Winter,-4280.858220655631,-3.4732523400065483,35.1245799532196,36.344545248362266,-1.2199652951426643,-3.4732523400065296,34.86286757366936,35.0923875785903,1.9366596560624258,-4.320938094565068,-3.930427967421849,6361.466666666666,False,False,False,91
2016-06-22,40067.15121186024,34559.084522627534,953,2016,6,June,Wednesday,2,Weekday,Winter,5508.066689232706,13.747088381971784,42.043180704995,36.26346749488724,5.779713210107765,13.74708838197177,35.97615061346857,35.091483923144885,1.933294858828566,-1.47044311024904,-3.9163137569776585,6338.433333333333,False,False,False,91
2016-06-23,143752.73676064878,155659.53374373456,4305,2016,6,June,Thursday,2,Weekday,Winter,-11906.796983085776,-8.2828315143042,33.392041059384155,36.15784755952022,-2.7658065001360654,-8.28283151430419,35.72896779851082,35.03506410670924,1.9580409333224729,-2.145907404961066,-4.0656370050797515,6374.466666666666,False,False,False,91
2016-06-24,389904.00855466264,422372.5815807003,11667,2016,6,June,Friday,2,Weekday,Winter,-32468.57302603766,-8.327324755237985,33.41938875072106,36.20232978320907,-2.7829410324880115,-8.32732475523798,35.48993431228441,35.00507591763882,1.9761904679569124,-2.8189549875096156,-4.142332960780844,6516.966666666666,False,True,False,91
2016-06-25,461280.78558277444,498910.32902054384,13793,2016,6,June,Saturday,2,Weekend,Winter,-37629.543437769404,-8.157622128185736,33.443107778059485,36.17127013851547,-2.7281623604559826,-8.157622128185729,35.37494968974605,34.97775161872328,1.9924076681308718,-3.103558604953487,-4.20846092747769,6772.133333333333,False,True,False,91
2016-06-26,221578.6968235614,240449.62229152222,6641,2016,6,June,Sunday,2,Weekend,Winter,-18870.925467960828,-8.516579318537723,33.36526077752769,36.206839676482794,-2.841578898955106,-8.516579318537735,35.126969207605335,34.94758440675204,2.0102604558871717,-3.7982289612284,-4.28715376859587,6639.366666666667,False,True,False,91
2016-06-27,253702.2229766188,274426.0802778933,7593,2016,6,June,Monday,2,Weekday,Winter,-20723.85730127449,-8.168575370813523,33.41264625004857,36.141983442367085,-2.7293371923185177,-8.16857537081353,34.88574361056508,34.9181688202221,2.0265277329909996,-4.45415672073056,-4.356547142499377,6506.133333333333,False,True,False,91
2016-06-28,200616.07618333894,217104.57971570615,6007,2016,6,June,Tuesday,2,Weekday,Winter,-16488.503532367205,-8.218934317755622,33.39704947283818,36.141931033079096,-2.74488156024092,-8.218934317755622,34.63895354193916,34.890115125817495,2.042024746366901,-5.132111288980427,-4.422221124936134,6507.733333333334,False,False,False,91
2016-06-29,211700.81315721016,229023.8107396958,6345,2016,6,June,Wednesday,2,Weekday,Winter,-17322.997582485637,-8.182773284683364,33.36498237308277,36.0951632371467,-2.7301808640639322,-8.18277328468337,33.39921092309456,34.861248881000115,2.057724272941026,-8.264948669931163,-4.4843706177357125,6550.966666666666,False,False,False,91
2016-06-30,282757.71144459763,305894.1800948237,8482,2016,6,June,Thursday,2,Weekday,Winter,-23136.468650226074,-8.182435956219477,33.33620743275143,36.0639212561688,-2.7277138234173677,-8.182435956219491,33.391234690718456,34.82788470857735,2.074561065570005,-8.250606447347632,-4.558700102585708,6582.3,False,True,False,91
2016-07-01,479010.156707742,517742.1925975364,14344,2016,7,July,Friday,3,Weekday,Winter,-38732.03588979441,-8.085848566552619,33.394461566351225,36.094687158222,-2.700225591870776,-8.08584856655262,33.38767366437991,34.7986688001845,2.088797797523934,-8.216109848964008,-4.619129137419809,6701.733333333334,False,True,False,91
2016-07-02,454543.2857587894,490487.0246492626,13609,2016,7,July,Saturday,3,Weekend,Winter,-35943.73889047321,-7.907660285966103,33.40019735166356,36.04137149307536,-2.6411741414118026,-7.907660285966108,33.3815436034662,34.770500556860455,2.102173354306898,-8.180401014361204,-4.673216993376305,6884.7,False,True,False,91
2016-07-03,242185.1807025776,261534.91203924708,7259,2016,7,July,Sunday,3,Weekend,Winter,-19349.731336669473,-7.98964299984666,33.36343583173682,36.02905524717552,-2.665619415438698,-7.989642999846675,33.38128289692465,34.73858864662849,2.1164535627372683,-8.105124397405337,-4.7401868491686985,6763.466666666666,False,True,False,91
2016-07-04,281531.68555597885,304052.47699526703,8431,2016,7,July,Monday,3,Weekday,Winter,-22520.79143928818,-7.999380742815259,33.39244283667167,36.06363147850398,-2.671188641832309,-7.999380742815266,33.37839669501367,34.708747643201,2.129302652688438,-8.080953736262728,-4.804466344347555,6653.633333333333,False,True,False,91
2016-07-05,219363.22013563893,237026.35054084624,6577,2016,7,July,Tuesday,3,Weekday,Winter,-17663.13040520731,-8.05200178693842,33.35308197288109,36.03867272933651,-2.6855907564554187,-8.05200178693841,33.37211562359123,34.67896300403159,2.142200114495606,-8.05710623186027,-4.867267166084874,6672.633333333333,False,False,False,91
2016-07-06,204005.58223455393,219722.8949500477,6098,2016,7,July,Wednesday,3,Weekday,Winter,-15717.312715493754,-7.704354235475227,33.454506761979985,36.031960470653935,-2.57745370867395,-7.704354235475224,33.38490482200511,34.6521849097621,2.1526412259097465,-7.988760653401964,-4.917601220160302,6703.066666666667,False,False,False,91
2016-07-07,69579.06845546977,59598.917800192394,1654,2016,7,July,Thursday,3,Weekday,Winter,9980.150655277372,14.343610624313854,42.067151424105056,36.03320302309093,6.033948401014129,14.343610624313852,34.632182535055634,34.652594287336946,2.1540982478390824,-4.770753999040061,-4.890498324335317,6702.366666666667,False,False,False,91
2016-07-08,87184.74002870891,74654.52041929681,2073,2016,7,July,Friday,3,Weekday,Winter,12530.219609412103,14.372033001745542,42.05727931920352,36.01279325581129,6.044486063392235,14.372033001745546,35.869727928320245,34.91477747289347,2.5401523981394747,-1.562485203568895,-4.199289904570428,6612.633333333333,False,False,False,91
2016-07-09,78700.43604833915,67367.38324040257,1871,2016,7,July,Saturday,3,Weekend,Winter,11333.052807936576,14.400241443358233,42.063300934441024,36.006084040835155,6.057216893605869,14.400241443358237,37.107314154431315,35.14686871991327,2.856147228786902,1.624357900620296,-3.598228194492765,6543.233333333334,False,False,False,91
2016-07-10,39809.55909060037,34091.5696624407,946,2016,7,July,Sunday,3,Weekend,Winter,5717.989428159672,14.363357843643573,42.08198635370018,36.03760006600497,6.044386287695211,14.363357843643568,38.352821371854645,35.379187772544775,3.1241287780665283,4.817643735404615,-3.0000355433220234,6335.1,False,False,False,91
2016-07-11,45839.23877019025,39231.195372207745,1090,2016,7,July,Monday,3,Weekday,Winter,6608.043397982503,14.415691829245178,42.054347495587386,35.99192235982362,6.0624251357637675,14.415691829245183,39.590236323128316,35.63872796137745,3.3443093147594216,8.019796959984678,-2.3161034016328026,6085.533333333334,False,False,False,91
2016-07-12,36851.76374685037,31574.325469600975,876,2016,7,July,Tuesday,3,Weekday,Winter,5277.438277249392,14.320721020307857,42.06822345530864,36.04375053607417,6.024472919234469,14.320721020307866,40.835256534903685,35.87141781898001,3.54166331712519,11.215900218162718,-1.7183617823272717,5983.3,False,False,False,91
2016-07-13,33225.67047177012,28489.081398148788,790,2016,7,July,Wednesday,3,Weekday,Winter,4736.589073621333,14.25581186584551,42.057810723759644,36.06212835208707,5.995682371672572,14.255811865845509,42.06429995801506,36.103780275492745,3.7129515642234807,14.35306680406568,-1.1180202301809374,5886.066666666667,False,False,False,91
2016-07-14,30423.391456740123,26053.796718671532,723,2016,7,July,Thursday,3,Weekday,Winter,4369.59473806859,14.362615503540557,42.07937960821594,36.035680108812635,6.043699499403303,14.36261550354055,42.066046841459475,36.336718108356656,3.8633959875713404,14.355781786812353,-0.5147120137105107,5808.366666666667,False,False,False,91
2016-07-15,80345.63765943915,68788.09453638473,1910,2016,7,July,Friday,3,Weekday,Winter,11557.54312305442,14.384779883188367,42.065778879287514,36.01470918135326,6.051069697934253,14.38477988318837,42.06726106432861,36.59723742345288,3.9796096492313615,14.357602769875612,0.17165986600378194,5654.0,False,False,False,91
2016-07-16,95297.33862663868,81655.85773085873,2266,2016,7,July,Saturday,3,Weekend,Winter,13641.480895779954,14.314650432395936,42.055312721376296,36.03524171706034,6.020071004315959,14.314650432395945,42.06611989103366,36.82833715536248,4.090756991199891,14.345375482595285,0.7673009287943138,5537.9,False,False,False,91
2016-07-17,45324.05452767025,38809.808900032534,1078,2016,7,July,Sunday,3,Weekend,Winter,6514.2456276377125,14.372601250095085,42.044577483924165,36.00167801487248,6.042899469051683,14.37260125009509,42.06077576677994,37.06006896634975,4.184865841279025,14.346695969231215,1.3669206930440878,5261.0,False,False,False,91
2016-07-18,51604.118408790244,44222.78447663398,1227,2016,7,July,Monday,3,Weekday,Winter,7381.333932156267,14.303769078436442,42.05714621743296,36.04138914151098,6.015757075921975,14.303769078436437,42.06117558418645,37.32037383573659,4.246338188695823,14.330707004829964,2.0492262225279236,5001.5,False,False,False,91
2016-07-19,37870.119032340364,32436.795965171274,900,2016,7,July,Tuesday,3,Weekday,Winter,5433.323067169091,14.34725637521534,42.07791003593374,36.04088440574586,6.037025630187884,14.347256375215354,42.06255938141861,37.55293336518396,4.311159600258422,14.334497769816748,2.6492643291888798,4903.8,False,False,False,91
2016-07-20,42723.52445781024,36607.39065637653,1016,2016,7,July,Wednesday,3,Weekday,Winter,6116.133801433716,14.315611549027135,42.05071304902583,36.030896315331226,6.019816733694604,14.31561154902714,42.06154542788521,37.78458295250714,4.361295758936274,14.343040581699839,3.245687415966398,4801.1,False,False,False,91
2016-07-21,35169.91580985013,30133.31863966587,836,2016,7,July,Thursday,3,Weekday,Winter,5036.597170184257,14.3207541280882,42.069277284509724,36.04463952113142,6.024637763378301,14.32075412808821,42.060102238784324,38.01607286355014,4.39937880570139,14.337060385206644,3.838820964902889,4712.0,False,False,False,91
2016-07-22,61148.20501127964,52384.44748299273,1454,2016,7,July,Friday,3,Weekday,Winter,8763.757528286915,14.331994744032661,42.05516163086633,36.027818076336125,6.027343554530205,14.331994744032666,42.058585489009864,38.01647222774586,4.399757509479684,14.329519651041545,3.8583178436382517,4728.7,False,False,False,91
2016-07-23,77171.70180014952,66113.83203755615,1835,2016,7,July,Saturday,3,Weekend,Winter,11057.869762593371,14.328917860629511,42.05542332433216,36.02933626024858,6.026087064083583,14.32891786062952,42.05860128943213,38.30525163657746,4.369976225159057,14.33155785507491,4.612042822802708,4646.366666666667,False,False,False,91
2016-07-24,40881.354912270246,35019.112638998406,972,2016,7,July,Sunday,3,Weekend,Winter,5862.2422732718405,14.339647709455761,42.05900711138914,36.02789366152099,6.031113449868151,14.339647709455766,42.06066266478427,38.5932389152664,4.321298487363823,14.32685020641215,5.3676085716258335,4289.866666666667,False,False,False,91
2016-07-25,43085.59501152025,36887.36617189064,1024,2016,7,July,Monday,3,Weekday,Winter,6198.2288396296135,14.385849465400971,42.075776378437745,36.02281852723695,6.052957851200794,14.385849465400971,42.063324116356384,38.880994535279,4.2534169446108905,14.338575975978513,6.119057624745391,3864.233333333333,False,False,False,91
2016-07-26,43894.99343211024,37604.658419582855,1044,2016,7,July,Tuesday,3,Weekday,Winter,6290.335012527386,14.33041565949035,42.045012866005976,36.01978775822113,6.025225107784848,14.33041565949034,42.058624520652415,39.17031960489494,4.15945760170024,14.33617015944637,6.880624124012993,3677.6666666666665,False,False,False,91
2016-07-27,67780.72888646953,58196.145986195355,1611,2016,7,July,Wednesday,3,Weekday,Winter,9584.582900274174,14.140572191733186,42.07369887428276,36.124237111232375,5.949461763050387,14.140572191733186,42.06190820997483,39.459021359036086,4.045047573589172,14.311164536975806,7.624262376097883,3478.266666666667,False,False,False,91
2016-07-28,51907.94314650024,44544.63074310132,1234,2016,7,July,Thursday,3,Weekday,Winter,7363.3124033989225,14.185328789887478,42.06478374918982,36.09775586961209,5.967027879577735,14.185328789887484,42.061266276357706,39.74794583491447,3.904233158877259,14.29181806008999,8.371071146352653,3319.1666666666665,False,False,False,91
2016-07-29,93508.63388636916,80346.69413385824,2223,2016,7,July,Friday,3,Weekday,Winter,13161.939752510923,14.075641152564792,42.06416279188896,36.14336218347199,5.920800608416968,14.075641152564788,42.06255215650379,40.03791851554134,3.7331145080621555,14.255196118451723,9.113018294260923,3181.766666666667,False,False,False,91
2016-07-30,95343.59551217893,81874.28886350773,2267,2016,7,July,Saturday,3,Weekend,Winter,13469.306648671205,14.12712262036591,42.05716608389013,36.11569866056803,5.941467423322102,14.12712262036591,42.06280112215494,40.32861713724597,3.5271236333545657,14.226368226985494,9.85667024681377,2974.6,False,False,False,91
2016-07-31,59514.99233063988,51145.403341245634,1415,2016,7,July,Sunday,3,Weekend,Winter,8369.588989394244,14.062992637042415,42.0600652513356,36.14516137190504,5.914903879430561,14.062992637042415,42.06295228500443,40.617470593412115,3.2862815279127577,14.186846073783586,10.594964953600273,2543.633333333333,False,False,False,91
2016-08-01,65133.96620015976,55946.05655907712,1548,2016,8,August,Monday,3,Weekday,Winter,9187.909641082639,14.10617251964629,42.07620555565876,36.140863410256536,5.935342145402224,14.106172519646295,42.063013596036,40.90667086687862,2.9983875715017123,14.146892224390061,11.328759380454018,2141.6,False,False,False,91
2016-08-02,70641.25371749989,60629.552999890904,1679,2016,8,August,Tuesday,3,Weekday,Winter,10011.700717608983,14.172597725468727,42.073409003871284,36.11051399636147,5.962895007509815,14.172597725468725,42.06707018715962,41.19700330594977,2.643479995872415,14.124346805244114,12.067500737964531,1955.6,False,False,False,91
2016-08-03,48442.17147996025,41610.78393994882,1152,2016,8,August,Wednesday,3,Weekday,Winter,6831.387540011427,14.102149699951957,42.050496076354385,36.120472170094466,5.930023906259919,14.102149699951955,42.063755501741284,41.48560508060586,2.1969427380136994,14.118857877846796,12.804218419390105,1712.9666666666667,False,False,False,91
2016-08-04,46291.371916890246,39783.36066805456,1101,2016,8,August,Thursday,3,Weekday,Winter,6508.011248835683,14.058799684139665,42.04484279463237,36.133842568623585,5.911000226008788,14.05879968413965,42.06090679394736,41.7753304413309,1.5715877718356162,14.100782291311393,13.541245135092709,1530.4333333333334,False,False,False,91
2016-08-05,73453.14329216964,63386.49259136123,1746,2016,8,August,Friday,3,Weekday,Winter,10066.650700808408,13.704860336292167,42.06938332884859,36.30383309929051,5.76555022955808,13.704860336292167,42.06165258494159,42.06249299355985,0.010579858289770512,14.047813603272449,14.254885620818289,1385.3666666666666,False,True,False,91
2016-08-06,71508.89795408952,61500.57464854112,1700,2016,8,August,Saturday,3,Weekend,Winter,10008.323305548402,13.995913224636732,42.06405762005266,36.1768086167889,5.887249003263761,13.995913224636725,42.062637090107664,42.06238986675812,0.010547914760941865,14.029069403882568,14.243295707495717,1386.9,False,True,False,91
2016-08-07,30066.126182850126,25872.488354075816,715,2016,8,August,Sunday,3,Weekend,Winter,4193.63782877431,13.948048389307907,42.050526129860316,36.185298397308834,5.865227732551482,13.948048389307905,42.06127435846834,42.06216476044666,0.010731209784372793,14.012648797063349,14.229162887081129,1341.6333333333334,True,False,False,91
2016-08-08,37726.61590317024,32490.136024940544,897,2016,8,August,Monday,3,Weekday,Winter,5236.479878229697,13.880067832401751,42.058657640100606,36.220887430257015,5.83777020984359,13.880067832401762,42.0587675133886,42.06200998396866,0.010747730103069059,13.980348127456988,14.211823766715915,1309.1666666666667,False,False,False,91
2016-08-09,30831.694626900247,26577.079448522585,733,2016,8,August,Tuesday,3,Weekday,Winter,4254.615178377662,13.799485334372658,42.06233919085982,36.257952862923034,5.804386327936783,13.799485334372658,42.057186111529816,42.06135507854064,0.010065446809256355,13.927046357300407,14.193028016406883,1302.0666666666666,False,False,False,91
2016-08-10,146811.45511516015,155135.62911183573,4282,2016,8,August,Wednesday,3,Weekday,Winter,-8324.173996675585,-5.669975813635273,34.28572048462404,36.22971254363282,-1.943992059008778,-5.669975813635275,40.94793245556834,41.802400844841856,1.4197093371865528,11.102456998216516,13.5235057616442,1408.4666666666667,True,True,True,92
2016-08-11,99867.32961908735,103826.70141247108,2867,2016,8,August,Thursday,3,Weekday,Winter,-3959.3717933837324,-3.9646316853424595,34.83339017059203,36.21440579437429,-1.381015623782254,-3.9646316853424493,39.91772493784829,41.561239735351315,1.9046526623019193,8.5276810882905,12.91399400478919,1474.8333333333333,True,True,True,92
2016-08-12,210664.86278147745,220379.2766765564,6082,2016,8,August,Friday,3,Weekday,Winter,-9714.413895078935,-4.611311904043386,34.6374322231959,36.23467225855909,-1.5972400353631855,-4.611311904043366,38.85601763704077,41.31389378533252,2.2823194365678985,5.911085053956848,12.285089879126227,1651.2333333333333,True,True,True,92
2016-08-13,266271.0390730934,281658.41831912263,7771,2016,8,August,Saturday,3,Weekend,Winter,-15387.379246029246,-5.778840725447913,34.26470712560718,36.24480997543722,-1.9801028498300397,-5.7788407254479095,37.74182470926284,41.05340470257889,2.6138220493022195,3.0861202039447564,11.613708004826611,1886.1666666666667,True,True,True,92
2016-08-14,123084.03906941514,129601.52722661885,3576,2016,8,August,Sunday,3,Weekend,Winter,-6517.488157203712,-5.295152975543868,34.419474012699986,36.24203781505002,-1.8225638023500323,-5.29515297554387,36.65167440681137,40.79852787369264,2.8717720976506267,0.33709143753736004,10.957710242868872,1941.7,True,True,True,92
2016-08-15,162727.52477714515,168580.17057143938,4649,2016,8,August,Monday,3,Weekday,Winter,-5852.645794294222,-3.596592403349957,35.00269407983333,36.261598316076444,-1.2589042362431115,-3.596592403349959,35.643679612487475,40.56344058564121,3.048568769151165,-2.15957431042717,10.360668815010674,2021.1333333333334,True,True,True,92
2016-08-16,114708.94599404662,119758.06170346799,3302,2016,8,August,Tuesday,3,Weekday,Winter,-5049.11570942137,-4.401675619688302,34.739232584508365,36.268340915647485,-1.5291083311391205,-4.401675619688306,34.59752152586584,40.31992908899402,3.2134849035024073,-4.759740161007307,9.734859586017896,2095.266666666667,True,True,True,92
2016-08-17,122318.90746898638,128298.34345694912,3536,2016,8,August,Wednesday,3,Weekday,Winter,-5979.435987962745,-4.888398786163794,34.59245120729253,36.28346817221412,-1.6910169649215945,-4.888398786163805,34.64134020053276,40.071105921989336,3.3599915948529535,-4.648086299939953,9.095120657197887,2172.233333333333,True,True,True,92
2016-08-18,112010.34453149686,117374.19157936038,3236,2016,8,August,Thursday,3,Weekday,Winter,-5363.847047863528,-4.7887068558701165,34.613827111092974,36.27138182304091,-1.6575547119479381,-4.788706855870116,34.609974049175754,39.822303157827974,3.4804592781129826,-4.765811324301047,8.457255216161705,2250.1,True,True,True,92
2016-08-19,229861.47028057987,241090.13355630502,6646,2016,8,August,Friday,3,Weekday,Winter,-11228.66327572515,-4.884969743741267,34.58643850144145,36.27597555767454,-1.6895370562330925,-4.884969743741259,34.60268923178226,39.57349400624183,3.581011199179886,-4.804905301400744,7.8172358397360915,2437.766666666667,True,True,True,92
2016-08-20,249981.24969419473,262145.17733741977,7220,2016,8,August,Saturday,3,Weekend,Winter,-12163.927643225034,-4.8659360084427625,34.623441785899544,36.308196307121854,-1.6847545212223096,-4.865936008442779,34.653937040395455,39.325299489621486,3.6592427251273523,-4.674490341828579,7.177679501851727,2650.5666666666666,True,True,True,92
2016-08-21,136480.24911670017,143734.2272151709,3958,2016,8,August,Sunday,3,Weekend,Winter,-7253.978098470718,-5.315038729353475,34.482124587342135,36.31486286386329,-1.8327382765211553,-5.3150387293534855,34.66288712248719,39.07286492150402,3.7250510841624536,-4.677331163801381,6.522778386072188,2734.0333333333333,True,True,True,92
2016-08-22,127369.80261433138,133350.1613822288,3672,2016,8,August,Monday,3,Weekday,Winter,-5980.358767897429,-4.695272070104105,34.68676541784624,36.315403426532896,-1.6286380086866572,-4.695272070104085,34.61775445648903,38.82724299128782,3.764335688339067,-4.834285401909115,5.888638721714401,2795.266666666667,True,True,True,92
2016-08-23,43537.72815822025,37649.38752799952,1035,2016,8,August,Tuesday,3,Weekday,Winter,5888.3406302207295,13.52468509340207,42.065437834029225,36.37621983381596,5.689218000213266,13.524685093402072,35.66435520642058,38.82745734870915,3.7645262430039663,-2.273376728610492,5.861473301179278,2797.366666666667,False,False,False,93
2016-08-24,120407.41326786332,127699.41591139579,3549,2016,8,August,Wednesday,3,Weekday,Winter,-7292.002643532469,-6.056107714323518,33.92713814253686,35.98180217283623,-2.054664030299371,-6.056107714323516,35.56931048288406,38.55583607417913,3.8156948365920837,-2.4401922897761663,5.180074728521794,2881.5333333333333,True,True,True,94
2016-08-25,226375.54313479608,240429.6855472034,6647,2016,8,August,Thursday,3,Weekday,Winter,-14054.142412407324,-6.2083307312215865,34.056799027350095,36.171157747435444,-2.114358720085349,-6.208330731221582,35.489735042349366,38.289562279557266,3.842440913986835,-2.642995700540662,4.495449848831398,3068.3,True,True,True,94
2016-08-26,337900.1782335956,358772.2503641095,9908,2016,8,August,Friday,3,Weekday,Winter,-20872.0721305139,-6.176993525018124,34.103772530641464,36.210360351646095,-2.1065878210046307,-6.176993525018118,35.42078276080651,38.023898068102554,3.8473010468337554,-2.8275705264373556,3.81819765827302,3344.866666666667,True,True,True,94
2016-08-27,355069.54010681686,376755.564483526,10393,2016,8,August,Saturday,3,Weekend,Winter,-21686.02437670913,-6.107542868978636,34.16429713334137,36.25089622664543,-2.0865990933040592,-6.107542868978624,35.35519066758391,37.76054851424094,3.8315262452200805,-3.004942935085338,3.141768602977483,3650.1666666666665,False,True,False,95
2016-08-28,153893.68522805016,163401.3291540589,4507,2016,8,August,Sunday,3,Weekend,Winter,-9507.64392600875,-6.1780598157225715,34.14548152386292,36.25500979677366,-2.109528272910744,-6.178059815722553,35.3070988013726,37.49659247197341,3.7974339675226987,-3.1282316617094947,2.4666452373679046,3726.3,False,True,False,95
2016-08-29,159625.74092242515,169479.10605406525,4672,2016,8,August,Monday,3,Weekday,Winter,-9853.365131640108,-6.172792104018263,34.166468519354694,36.27549359033931,-2.1090250709846146,-6.17279210401827,35.23277067301666,37.23356921982222,3.743546604989352,-3.33930595226866,1.789981413221765,3806.4666666666667,False,True,False,95
2016-08-30,133961.96699285138,142299.91779184836,3924,2016,8,August,Tuesday,3,Weekday,Winter,-8337.950798996986,-6.224117924038787,34.13913531927915,36.26399535979826,-2.12486004051911,-6.224117924038787,34.10044174233808,36.969538222087,3.6700050761862824,-6.160563526188782,1.1137443945190586,3890.1,False,True,False,95
2016-08-31,236305.15636647624,250572.45338779487,6918,2016,8,August,Wednesday,3,Weekday,Winter,-14267.297021318635,-6.037657933791361,34.15801624262449,36.220360420323054,-2.062344177698563,-6.037657933791372,34.13342432806488,36.7055985783192,3.573541955078232,-6.157927843255616,0.4422833794044701,4069.1,False,True,False,95
2016-09-01,313491.73511881445,333030.87570402725,9183,2016,9,September,Thursday,3,Weekday,Spring,-19539.140585212794,-6.2327450443972285,34.138270186084554,36.266021529350674,-2.1277513432661195,-6.232745044397222,34.14506306502695,36.44109395105964,3.4542066627973096,-6.161415602280708,-0.23789471292439507,4319.233333333334,False,True,False,95
2016-09-02,370355.0017342406,392493.08269182255,10830,2016,9,September,Friday,3,Weekday,Spring,-22138.08095758193,-5.977529898048408,34.19713774092711,36.24128187366782,-2.044144132740712,-5.9775298980484015,34.15840095221061,36.179315339878734,3.3089683382446786,-6.132920798427892,-0.9072173661910738,4641.833333333333,False,True,False,95
2016-09-03,369091.0553924981,391842.5013978032,10800,2016,9,September,Saturday,3,Weekend,Spring,-22751.4460053051,-6.164182434903713,34.1750977215276,36.28171309238918,-2.106615370861583,-6.1641824349037115,34.159943893380074,35.916990504108576,3.1353211285622398,-6.141012164988617,-1.5813167701591866,4965.133333333333,False,True,False,95
2016-09-04,209026.01967195864,222163.72890927366,6119,2016,9,September,Sunday,3,Weekend,Spring,-13137.709237315023,-6.2852027981650735,34.16016010327809,36.307195441946995,-2.147035338668907,-6.285202798165083,34.16204083329653,35.653349729922894,2.9256666829384814,-6.156318305337547,-2.247652207974428,5110.9,False,True,False,95
2016-09-05,228177.31678002988,242589.58721854398,6685,2016,9,September,Monday,3,Weekday,Spring,-14412.270438514097,-6.316259057602987,34.13273250262227,36.28864431092655,-2.155911808304282,-6.316259057602999,34.157221402334756,35.38897222600854,2.6739127846153092,-6.176813584421078,-2.9247246173824184,5277.066666666667,False,True,False,95
2016-09-06,154494.78204917017,164108.82644458604,4519,2016,9,September,Tuesday,3,Weekday,Spring,-9614.044395415869,-6.222892623231807,34.18782519344328,36.315296845449446,-2.1274716520061645,-6.2228926232317985,34.16417709864392,35.126882194794646,2.3660690232318076,-6.176638541448653,-3.597089317800409,5403.866666666667,False,False,False,95
2016-09-07,50736.47417220013,43830.1968528723,1206,2016,9,September,Wednesday,3,Weekday,Spring,6906.277319327826,13.612056083928593,42.07004491890558,36.3434468100102,5.726598108895381,13.612056083928598,35.294466909541214,35.12726177075481,2.3672200306019966,-3.3695365389172314,-3.606023042749514,5414.166666666667,False,False,False,95
2016-09-08,43292.149236510246,37391.68088945611,1029,2016,9,September,Thursday,3,Weekday,Spring,5900.468347054135,13.629418846403683,42.072059510699944,36.33788230267844,5.7341772080215065,13.62941884640367,36.42786538448627,35.12758578141615,2.368202455243549,-0.532084554517101,-3.6116919256818134,5424.033333333334,False,False,False,95
2016-09-09,77335.91859763415,69612.12670188746,1917,2016,9,September,Friday,3,Weekday,Spring,7723.79189574669,9.987328056361866,40.34215889287123,36.31305513922142,4.029103753649814,9.98732805636187,37.30572554904971,35.32946706169105,2.5454723646629955,1.7486094389700813,-3.0897817966819088,5345.2,False,False,False,95
2016-09-10,85070.23488973391,76591.852917485,2108,2016,9,September,Saturday,3,Weekend,Spring,8478.381972248913,9.966331917665912,40.355898904048345,36.333896070913184,4.022002833135161,9.96633191766592,38.18869714655268,35.5135506861396,2.7031640373949966,4.052968632194314,-2.6254163432482964,5319.9,False,False,False,95
2016-09-11,48831.66610537024,44014.232018730225,1211,2016,9,September,Sunday,3,Weekend,Spring,4817.434086640016,9.865389553255937,40.32342370385651,36.345360874261125,3.9780628295953875,9.865389553255934,39.06916337520674,35.70308373549496,2.83570455978035,6.360196110968744,-2.1428596280049854,5157.533333333334,False,False,False,95
2016-09-12,52075.15717660012,46884.14250808781,1291,2016,9,September,Monday,3,Weekday,Spring,5191.014668512311,9.968313011342929,40.33706985019374,36.31614446792239,4.020925382271351,9.968313011342934,39.95549728200266,35.9054958263145,2.9441418781666293,8.686563549389588,-1.617954503445291,4941.533333333334,False,False,False,95
2016-09-13,30424.726256690126,27398.588126893694,755,2016,9,September,Tuesday,3,Weekday,Spring,3026.1381297964326,9.946311773737033,40.29765067111275,36.28952069787244,4.008129973240308,9.946311773737033,40.8283294930983,36.1014350482616,3.0360033196661274,10.99644989181371,-1.1099056784692611,4847.5,False,False,False,95
2016-09-14,20495.113025005,18375.05260769784,508,2016,9,September,Wednesday,3,Weekday,Spring,2120.0604173071624,10.344224082690294,40.3447106791437,36.17136340098,4.173347278163703,10.344224082690289,40.58185317313232,36.27950226823861,3.1247018443845804,10.529616748779665,-0.6452117956012526,4709.466666666666,False,False,False,95
2016-09-15,40742.17168112024,36464.759814940684,1010,2016,9,September,Thursday,3,Weekday,Spring,4277.411866179558,10.49873310548562,40.33878384269331,36.10372258905018,4.235061253643131,10.498733105485632,40.33424236341708,36.46615397684477,3.1959524901793843,10.082375928648515,-0.1485315047621219,4633.066666666667,False,False,False,95
2016-09-16,69864.83699021953,62545.19068453311,1733,2016,9,September,Friday,3,Weekday,Spring,7319.646305686416,10.476867364209413,40.314389492336716,36.09070437653382,4.223685115802894,10.476867364209411,40.33027530619787,36.65688525301291,3.250549339185143,10.152310115483877,0.36364403358365166,4572.966666666666,False,False,False,95
2016-09-17,100120.71105323294,89572.40761502521,2482,2016,9,September,Saturday,3,Weekend,Spring,10548.303438207731,10.53558582159822,40.338723228538655,36.088802423458986,4.249920805079668,10.535585821598223,40.32782163826791,36.84771512359443,3.29422390163713,10.233632101759921,0.874453789499263,4547.833333333333,False,False,False,95
2016-09-18,49825.09703543013,44593.79688339527,1235,2016,9,September,Sunday,3,Weekend,Spring,5231.300152034863,10.499327574444937,40.34420812585436,36.10833755740508,4.235870568449279,10.49932757444493,40.33079084141046,37.03964077774153,3.3255149975074607,10.324194676215495,1.3872637001054697,4367.466666666666,False,False,False,95
2016-09-19,46566.462052040246,41660.44042608371,1155,2016,9,September,Monday,3,Weekday,Spring,4906.021625956535,10.53552580497488,40.317283161939606,36.069645390548665,4.2476377713909415,10.535525804974885,40.327964171659865,37.229435490276195,3.345283406395731,10.405225075305774,1.9006457605527245,4165.3,False,False,False,95
2016-09-20,37923.76585578537,34031.14948711513,940,2016,9,September,Tuesday,3,Weekday,Spring,3892.616368670242,10.264319169865386,40.3444317614738,36.203350518207586,4.141081243266214,10.264319169865384,40.334647184568595,37.424845729413924,3.350484477213905,10.450654703324107,2.4199576905266866,4064.7,False,False,False,95
2016-09-21,50084.812702065254,44832.21259897724,1241,2016,9,September,Wednesday,3,Weekday,Spring,5252.600103088014,10.487410893065839,40.35843086387208,36.125876389183915,4.232554474688165,10.487410893065835,40.336607210958356,37.61390124428145,3.3506727016142808,10.471109961949185,2.9260471226323514,3983.6666666666665,False,False,False,95
2016-09-22,41885.82827828037,37565.47859092765,1039,2016,9,September,Thursday,3,Weekday,Spring,4320.349687352726,10.314585779823329,40.31359795792144,36.15541731561852,4.158180642302916,10.31458577982334,40.33300922741952,37.55550658174453,3.2850397850125463,10.444803201140287,2.8190438121797263,3983.8,False,False,False,95
2016-09-23,147503.57315832516,131964.51579369855,3657,2016,9,September,Friday,3,Weekday,Spring,15539.057364626613,10.534698944511353,40.33458385516138,36.08545687549864,4.249126979662734,10.534698944511355,40.33589413639447,37.769088105498675,3.24909964306639,10.453064855469137,3.3720707008075554,3987.4,False,False,False,95
2016-09-24,151639.18384341136,135498.16319719428,3758,2016,9,September,Saturday,3,Weekend,Spring,16141.020646217075,10.64436001112017,40.35103348680451,36.05592421426139,4.295109272543122,10.644360011120156,40.33765274471817,37.97889592081382,3.2040253690390763,10.468604025400841,3.933827058885614,3891.1,False,False,False,95
2016-09-25,72457.29758765452,64758.50417358045,1797,2016,9,September,Sunday,3,Weekend,Spring,7698.793414074076,10.62528367796292,40.32125630921231,36.03700844383998,4.284247865372329,10.62528367796292,40.334373913769305,38.18614538009952,3.1452705554737936,10.486597754474841,4.493902965651649,3620.733333333333,False,False,False,95
2016-09-26,67355.06118241463,60179.02084931651,1671,2016,9,September,Monday,3,Weekday,Spring,7176.040333098121,10.65404767974834,40.30823529767483,36.0137766901954,4.294458607479427,10.654047679748341,40.33308136173148,38.39094331891063,3.073573768336972,10.503529450871048,5.052622650609214,3330.0,False,False,False,95
2016-09-27,58941.792828474885,52812.7825145229,1462,2016,9,September,Tuesday,3,Weekday,Spring,6129.010313951985,10.39841175477623,40.31586376776668,36.12365425069966,4.19220951706702,10.398411754776228,40.32900021977332,38.59662272704076,2.9848529559243193,10.52268553442974,5.605171702959175,3228.5,False,False,False,95
2016-09-28,58796.785015724636,57168.56049843288,1581,2016,9,September,Wednesday,3,Weekday,Spring,1628.2245172917537,2.7692407277988087,37.189617340749294,36.159747310836735,1.0298700299125585,2.7692407277988105,39.876312573612914,38.697394354420574,2.879294801790071,9.420089796534452,5.903239464019744,3125.4666666666667,False,False,False,95
2016-09-29,57019.38967139464,55187.3839062719,1534,2016,9,September,Thursday,3,Weekday,Spring,1832.0057651227398,3.2129522530505383,37.170397438979556,35.97613031699602,1.1942671219835361,3.212952253050546,39.427283928049796,38.798436425077256,2.7647256349496434,8.405570721281196,6.217808469922721,3045.8,False,False,False,95
2016-09-30,155918.38259948257,151036.44551858705,4216,2016,9,September,Friday,3,Weekday,Spring,4881.937080895528,3.1310849942793912,36.9825385672397,35.824583851657266,1.1579547155824343,3.1310849942794006,38.94842031548956,38.8925871692311,2.6468301271750607,7.3479115855337716,6.523433234191747,2955.733333333333,False,True,False,95
2016-10-01,208489.09032479016,201416.83759006465,5632,2016,10,October,Saturday,4,Weekend,Spring,7072.252734725509,3.392145231056529,37.01865950369143,35.76293281073591,1.2557266929555198,3.392145231056519,38.472366889330544,38.988600146484664,2.5175049368641815,6.3118809026675375,6.844262910040205,2837.366666666667,False,True,False,95
2016-10-02,118580.4725762977,113346.95726852612,3173,2016,10,October,Sunday,4,Weekend,Spring,5233.51530777158,4.413471454504622,37.371721580932146,35.722331316900764,1.649390264031382,4.413471454504617,38.051004785290516,39.09441960781817,2.3716526586625535,5.424479156459211,7.190629621791973,2582.133333333333,False,True,False,95
2016-10-03,142758.88112151137,126506.34468214824,3540,2016,10,October,Monday,4,Weekday,Spring,16252.536439363132,11.384606205710972,40.32736754844954,35.73625555992888,4.591111988520659,11.384606205710972,38.053737963972615,39.29949526871556,2.190702183677298,5.528844660168157,7.775589243145796,2340.133333333333,False,True,False,95
2016-10-04,96620.9869297833,85491.83324442239,2397,2016,10,October,Tuesday,4,Weekday,Spring,11129.153685360914,11.518360595352567,40.30913096778611,35.666179910063576,4.642951057722534,11.518360595352567,38.05277613540397,39.50446096419917,1.969792356305844,5.688837351679062,8.36904135626305,2216.0666666666666,False,True,False,95
2016-10-05,78861.59494048428,69675.42915398542,1955,2016,10,October,Wednesday,4,Weekday,Spring,9186.165786498867,11.648465635816184,40.33841173426306,35.63960570536339,4.698806028899675,11.648465635816182,38.502603905905936,39.71131693858719,1.692566927109877,6.9572980528244015,8.967865512710356,2058.4,False,False,False,95
2016-10-06,70279.47439286964,61976.3057914763,1740,2016,10,October,Thursday,4,Weekday,Spring,8303.168601393343,11.8145001412187,40.390502524637725,35.618566546825456,4.771935977812269,11.814500141218707,38.962618918142816,39.918072849627,1.335827175983243,8.186090608276997,9.569111938192039,1965.7666666666667,False,False,False,95
2016-10-07,87748.86289121355,77446.6094358004,2176,2016,10,October,Friday,4,Weekday,Spring,10302.253455413142,11.740611919023198,40.32576419632976,35.591272718658274,4.734491477671483,11.740611919023204,39.4402225794414,39.85993015887448,1.2755310503438746,9.41602302609754,9.506730466028525,1998.1,False,True,False,95
2016-10-08,92053.32576997319,81209.24834701055,2283,2016,10,October,Saturday,4,Weekend,Spring,10844.07742296264,11.78021253687269,40.321211462975555,35.57128705519516,4.749924407780398,11.780212536872698,39.91201571648198,39.80156855728366,1.2091531123982346,10.614318355499849,9.445090255710825,2039.9,False,True,False,95
2016-10-09,51751.38324691001,45607.23409969739,1284,2016,10,October,Sunday,4,Weekend,Spring,6144.149147212622,11.872434632130298,40.30481561285826,35.519652725621015,4.785162887237249,11.872434632130311,40.33102914961429,39.80032378128322,1.208596499099663,11.679884523732088,9.507927141569775,2018.8,False,False,False,95
2016-10-10,50934.98319385512,44983.77730244202,1263,2016,10,October,Monday,4,Weekday,Spring,5951.205891413105,11.683926288467035,40.32856943298109,35.61660910723833,4.7119603257427585,11.683926288467033,40.3312008474045,39.79941279891432,1.2081735186847102,11.722644535554382,9.565180287263145,1990.6333333333334,False,False,False,95
2016-10-11,36113.934872670245,31885.28845033081,896,2016,10,October,Tuesday,4,Weekday,Spring,4228.646422339436,11.709182168181641,40.30573088467661,35.58625943117278,4.719471453503836,11.709182168181645,40.33071512124601,39.79882303827499,1.2079131966303982,11.74990476024425,9.626640041094001,1980.1333333333334,False,False,False,95
2016-10-12,31023.359765175122,27817.642466410718,768,2016,10,October,Wednesday,4,Weekday,Spring,3205.7172987644044,10.333237028579159,40.39499969423844,36.22088862813896,4.174111066099485,10.333237028579159,40.33879911552821,39.80075403307649,1.2088492610111583,11.56201495921039,9.638804175001876,1962.7,False,False,False,95
2016-10-13,22334.212530660003,19704.093150736488,521,2016,10,October,Thursday,4,Weekday,Spring,2630.119379923515,11.776190346146903,42.86797030836853,37.81975652732531,5.048213781043216,11.776190346146906,40.69272308463261,39.88643135431834,1.3302692344660232,11.556542131342992,9.699800127415537,1954.9,False,False,False,95
2016-10-14,69440.92879519025,62070.75118430003,1618,2016,10,October,Friday,4,Weekday,Spring,7370.1776108902195,10.613593076538324,42.91775574486419,38.36263979252165,4.55511595234254,10.613593076538336,41.06300759156609,39.97219952317569,1.4393136906935446,11.395539439559439,9.708779093877139,1991.9,False,False,False,95
2016-10-15,92159.02979147158,83371.81702135009,2147,2016,10,October,Saturday,4,Weekend,Spring,8787.212770121492,9.534836456074174,42.924559753829335,38.83177318181187,4.0927865720174665,9.534836456074185,41.434914490259494,40.05839205354688,1.5361872349715067,11.074771428016792,9.676649205563425,2029.8,False,True,False,95
2016-10-16,57296.28785375024,52701.29461381235,1335,2016,10,October,Sunday,4,Weekend,Spring,4594.993239937889,8.019704961806056,42.91856768071179,39.476625178885655,3.4419425018261336,8.019704961806056,41.80830764281,40.14519799315939,1.6223150465837886,10.524381475113328,9.59474379214998,2016.5333333333333,False,False,False,95
2016-10-17,57184.94126883025,51764.93737177276,1332,2016,10,October,Monday,4,Weekday,Spring,5420.00389705749,9.478026516767216,42.931637589211896,38.86256559442399,4.069071994787905,9.478026516767216,42.18017452227154,40.2316284718485,1.7001821806756114,10.209252936299068,9.559491815322279,1978.2,False,False,False,95
2016-10-18,40951.10427692964,37288.62454527868,954,2016,10,October,Tuesday,4,Weekday,Spring,3662.4797316509575,8.943543272688412,42.92568582487384,39.08660853802797,3.839077286845871,8.94354327268842,42.55445379944258,40.31767772848248,1.7699707827609457,9.814161665514321,9.507632338597062,1968.8333333333333,False,False,False,95
2016-10-19,37672.447294289756,33678.45927128807,877,2016,10,October,Wednesday,4,Weekday,Spring,3993.988023001686,10.601880976304608,42.956040244344074,38.40189198550521,4.554148258838865,10.601880976304605,42.92031673517196,40.40563629789597,1.834346222861076,9.852539372332243,9.509844177641385,1959.5666666666666,False,False,False,95
2016-10-20,38648.137519559634,35038.06869162933,906,2016,10,October,Thursday,4,Weekday,Spring,3610.0688279303067,9.34086105987195,42.65798843218503,38.67336500179837,3.9846234303866552,9.340861059871957,42.8903193242886,40.48275485358634,1.879754953646702,9.504635188578678,9.479062240641605,1958.4333333333334,False,False,False,95
2016-10-21,96020.54537409684,86810.2775334347,2249,2016,10,October,Friday,4,Weekday,Spring,9210.267840662142,9.59197618049227,42.69477339888699,38.599500904150595,4.095272494736392,9.591976180492274,42.858464703434706,40.56063293808684,1.922341438651912,9.358689917714957,9.449214416889154,1992.0333333333333,False,True,False,95
2016-10-22,105662.59415837255,95930.01651468943,2472,2016,10,October,Saturday,4,Weekend,Spring,9732.577643683122,9.210996304988909,42.743767863419315,38.80664098490673,3.9371268785125864,9.210996304988901,42.832637290518996,40.641638601603425,1.9623586783389897,9.31242703898849,9.412428101061339,2039.8,False,True,False,95
2016-10-23,54738.48351683513,49990.51928931798,1280,2016,10,October,Sunday,4,Weekend,Spring,4747.96422751715,8.673905308423253,42.764440247527446,39.05509319477967,3.7093470527477734,8.673905308423253,42.81061908577836,40.722633814682304,1.999050579525117,9.405884231362377,9.350401646525068,1960.5666666666666,False,False,False,95
2016-10-24,40131.573511264636,36347.698715160215,940,2016,10,October,Monday,4,Weekday,Spring,3783.874796104421,9.42867290025973,42.693163309856,38.66776459059597,4.025398719260025,9.428672900259736,42.77655133158468,40.80070480878401,2.0295399567862007,9.39883371471845,9.309878742829719,1866.6333333333334,False,False,False,95
2016-10-25,70402.99192642537,63452.76103781372,1650,2016,10,October,Tuesday,4,Weekday,Spring,6950.230888611652,9.872067505135277,42.66847995540932,38.456218810796194,4.212261144613123,9.872067505135279,42.739807635946875,40.878945596990576,2.0554972982979365,9.53148003363943,9.2847715370688,1861.7333333333333,False,False,False,95
2016-10-26,62501.74069876025,56100.874288607934,1467,2016,10,October,Wednesday,4,Weekday,Spring,6400.866410152317,10.241101029493857,42.60514021728715,38.24190476387726,4.363235453409892,10.241101029493848,42.689679060653035,40.955509094311,2.0761800442135785,9.479940041237894,9.271006648726985,1854.9333333333334,False,False,False,95
2016-10-27,53675.2182803,48201.94097574902,1257,2016,10,October,Thursday,4,Weekday,Spring,5473.277304550982,10.197028498270303,42.701048751233095,38.34681064100956,4.354238110223534,10.197028498270303,42.69583053480276,41.03501526042654,2.096411624989441,9.6022496752948,9.26429387351012,1848.1,False,False,False,95
2016-10-28,102606.32698194706,92657.69952509602,2405,2016,10,October,Friday,4,Weekday,Spring,9948.627456851042,9.69592007576827,42.66375342284701,38.52710998964491,4.136643433202096,9.69592007576827,42.69139910965419,41.217486463163134,1.9854656362273926,9.617098803191372,9.4951831851091,1875.5666666666666,False,True,False,95
2016-10-29,124988.15546718866,113187.84602297534,2929,2016,10,October,Saturday,4,Weekend,Spring,11800.309444213315,9.441142162715636,42.672637578418794,38.643853200059866,4.028784378358928,9.441142162715623,42.6812376403684,41.400894467811106,1.848107329134765,9.649976782866618,9.702789515431272,1922.0666666666666,False,True,False,95
2016-10-30,67521.03748892537,61233.71887418509,1582,2016,10,October,Sunday,4,Weekend,Spring,6287.318614740281,9.311643968402457,42.6808075151235,38.70652267647604,3.9742848386474563,9.311643968402448,42.66929010716784,41.5908367660739,1.661776018607293,9.741082305720791,9.90880814790204,1834.2666666666667,False,False,False,95
2016-10-31,70020.59600984037,62316.15133820178,1639,2016,10,October,Monday,4,Weekday,Spring,7704.444671638594,11.003112099411217,42.72153508837118,38.02083669200841,4.700698396362775,11.003112099411208,42.67334321838429,41.78093261889656,1.430855390704262,9.966002191313862,10.162507043513862,1701.1666666666667,False,False,False,95
2016-11-01,126954.17017899743,110698.74289754208,2971,2016,11,November,Tuesday,4,Weekday,Spring,16255.427281455355,12.804169613756066,42.73112426085407,37.25975863262944,5.471365628224625,12.80416961375607,42.68229240487641,41.95957937489395,1.1726384867909931,10.384873921116831,10.442196982155577,1694.4333333333334,False,True,False,95
2016-11-02,97558.24705104147,86203.87520371946,2284,2016,11,November,Wednesday,4,Weekday,Spring,11354.371847322007,11.63855664747801,42.713768411139,37.74250227833602,4.971266132802981,11.638556647478012,42.697810718283804,42.03912607031693,1.1385442149702636,10.58451043797171,10.450661996881143,1652.5666666666666,False,True,False,95
2016-11-03,97039.00987049159,89413.41596601909,2266,2016,11,November,Thursday,4,Weekday,Spring,7625.593904472495,7.858276701967203,42.82392315555675,39.45870077935529,3.3652223762014586,7.858276701967213,42.71536420461576,42.12295247657595,1.0986578390591184,10.250403038499838,10.328659200434966,1648.2,False,True,False,95
2016-11-04,168349.2653229361,156675.59012440423,3938,2016,11,November,Friday,4,Weekday,Spring,11673.675198531855,6.93420026285165,42.74994040704319,39.78557392696908,2.964366480074112,6.934200262851649,42.7276766309295,42.20333676566863,1.0507649357925641,9.855871636654607,10.171517021336149,1714.3,False,True,False,95
2016-11-05,202017.4219781323,189394.69373774898,4720,2016,11,November,Saturday,4,Weekend,Spring,12622.728240383323,6.248336463649007,42.800301266553454,40.12599443596377,2.6743068305896855,6.248336463649003,42.74591430066302,42.283663390399155,0.9981971539953314,9.399756536787946,9.985978232083827,1813.6333333333334,False,True,False,95
2016-11-06,108459.00005362219,102250.16777596818,2537,2016,11,November,Sunday,4,Weekend,Spring,6208.832277654015,5.724589268372717,42.750886895397,40.30357421204894,2.447312683348059,5.724589268372727,42.755925640702095,42.3645008137014,0.9300429554111354,8.887320151069412,9.785444143728812,1825.6666666666667,False,True,False,95
2016-11-07,112536.37705725255,105978.48247831277,2621,2016,11,November,Monday,4,Weekday,Spring,6557.894578939784,5.8273553409343135,42.93642772119517,40.434369507177706,2.5020582140174668,5.827355340934311,42.78662458824838,42.45167468897538,0.851135297587928,8.147926328429852,9.587015570530863,1836.9333333333334,False,True,False,95
2016-11-08,100479.92998887182,94692.47928942801,2341,2016,11,November,Tuesday,4,Weekday,Spring,5787.4506994438125,5.759807655205148,42.92179837200847,40.449585343625806,2.4722130283826615,5.7598076552051465,42.81386374698472,42.538907447613724,0.7518307152740232,7.141588905779722,9.383261337966694,1872.1666666666667,False,True,False,95
2016-11-09,81649.68867241085,77081.66057395043,1901,2016,11,November,Wednesday,4,Weekday,Spring,4568.028098460418,5.594666890633153,42.9509146093692,40.547954010494706,2.4029605988744933,5.594666890633146,42.84774177530333,42.626318953493325,0.6282753056241493,6.278176083373315,9.180286024705564,1893.4333333333334,False,True,False,95
2016-11-10,71529.1626442405,67551.25097109293,1666,2016,11,November,Thursday,4,Weekday,Spring,3977.911673147566,5.561244569480314,42.93467145512635,40.54696937040392,2.3877020847224273,5.56124456948031,42.86356296095612,42.71395030584165,0.452073406945511,5.950028635875187,8.975354771415518,1919.1,False,False,False,95
2016-11-11,160938.60161507488,152555.41733723058,3748,2016,11,November,Friday,4,Weekday,Spring,8383.184277844295,5.208933216590752,42.93986169025477,40.703152971512964,2.2367087187418093,5.208933216590755,42.890694572843486,42.798779039042195,0.11512619582838807,5.7035619149807735,8.804544644349239,2018.4333333333334,False,True,False,95
2016-11-12,164998.84464116488,156263.14947390973,3843,2016,11,November,Saturday,4,Weekend,Spring,8735.695167255151,5.294397779725858,42.93490622981131,40.661761507652805,2.2731447221585057,5.29439777972585,42.9099238533089,42.80101023642362,0.11714432905676123,5.567284960134609,8.588484892135202,2129.1666666666665,False,True,False,95
2016-11-13,97946.78304739682,93112.60890927333,2281,2016,11,November,Sunday,4,Weekend,Spring,4834.17413812349,4.93551088429746,42.940281914685144,40.82095962703785,2.119322287647293,4.935510884297447,42.93698028463577,42.80176110875099,0.11798760797318263,5.4545594766952865,8.399215485727174,2151.266666666667,False,True,False,95
2016-11-14,87834.25368438134,83068.26902650717,2046,2016,11,November,Monday,4,Weekday,Spring,4765.984657874171,5.4261116340784215,42.92974275873966,40.600326992427746,2.329415766311911,5.426111634078421,42.93602528999927,42.80193387558133,0.11817726216201549,5.397238947144444,8.262257991660649,2147.9,False,False,False,95
2016-11-15,95509.13497507002,88104.20453040046,2181,2016,11,November,Tuesday,4,Weekday,Spring,7404.9304446695605,7.753112251097667,43.79144198765246,40.39624233397545,3.395199653677011,7.753112251097667,43.060260092234124,42.83102968581269,0.21536944742462322,5.681996746557663,8.25337156797037,2176.1,False,True,False,95
2016-11-16,77229.97188523952,71428.8700021723,1763,2016,11,November,Wednesday,4,Weekday,Spring,5801.101883067211,7.5114644502103465,43.80599653161629,40.515524675083554,3.290471856532733,7.511464450210342,43.18241465255513,42.86017498389283,0.2791669205171431,5.955824969354404,8.18781949908514,2190.4666666666667,False,False,False,95
